dataset,method,round,ratio,k,d,train_loss,test_accuracy,test_loss,retained_energy,b_power,b_privacy,b_star,regime,papr_mean_db,papr_p99_db,papr_max_db,clip_sample_ratio,normalized_clip_energy,u_active_mean,active_resource_ratio
femnist,topk,1,0.1,40422,404222,3.8671947312355046,6.009615384615385,3.84384272648738,0.8374737124270022,0.994766374842626,1.7580530004544876,0.994766374842626,power,9.55280590057373,11.08884048461914,11.189456939697266,0.0019544335082173347,0.00012770676315874993,4.85042667388916,0.4105270935960591
femnist,topk,2,0.1,40422,404222,3.716111028194427,17.78846153846154,3.7896352914663463,0.7535972670399149,0.994766374842626,1.7580530004544876,0.994766374842626,power,9.642769813537598,11.285857200622559,11.725889205932617,0.0019716748502105474,0.0001351067790249837,4.221993446350098,0.4716330049261084
femnist,topk,3,0.1,40422,404222,3.6748895764350897,15.384615384615385,3.7014025174654446,0.7128630965439078,0.994766374842626,1.7580530004544876,0.994766374842626,power,9.595479011535645,11.061065673828125,11.117952346801758,0.0019396551651880145,0.00012446439770260034,3.9463047981262207,0.5045812807881773
femnist,topk,4,0.1,40422,404222,3.5574071526527407,19.71153846153846,3.6453367379995494,0.684145334768681,0.994766374842626,1.7580530004544876,0.994766374842626,power,9.569371223449707,11.08667278289795,11.342193603515625,0.0018774630734696984,0.00012094322893803128,3.8027591705322266,0.523628078817734
femnist,topk,5,0.1,40422,404222,3.5248801696300505,20.673076923076923,3.574339059682993,0.6607770940742306,0.994766374842626,1.7580530004544876,0.994766374842626,power,9.513101577758789,11.154653549194336,11.5767183303833,0.0018799260724335909,0.00011508669810619866,3.6603024005889893,0.5440073891625615
femnist,topk,6,0.1,40422,404222,3.4466475713253018,26.442307692307693,3.454869196965144,0.6491199379666611,0.994766374842626,1.7580530004544876,0.994766374842626,power,9.532689094543457,11.208930015563965,11.348560333251953,0.0018706896807998419,0.0001170950779292144,3.599561929702759,0.5531871921182266
femnist,topk,7,0.1,40422,404222,3.3636027586460115,25.48076923076923,3.4066332303560696,0.6245562741428391,0.994766374842626,1.7580530004544876,0.994766374842626,power,9.550002098083496,11.24473762512207,11.687884330749512,0.0018442118307575583,0.00012282471345025908,3.5000128746032715,0.5689211822660099
femnist,topk,8,0.1,40422,404222,3.31987409234047,26.442307692307693,3.307414715106671,0.6087149555588134,0.994766374842626,1.7580530004544876,0.994766374842626,power,9.545612335205078,11.083578109741211,11.403718948364258,0.0018620690098032355,0.00011514095712771694,3.4295458793640137,0.5806108374384237
femnist,topk,9,0.1,40422,404222,3.259983834028244,33.17307692307692,3.1866390521709738,0.6076356784371916,0.994766374842626,1.7580530004544876,0.994766374842626,power,9.590285301208496,11.226682662963867,11.401511192321777,0.001910098479129374,0.00012985335273574622,3.3707470893859863,0.5907389162561576
femnist,topk,10,0.1,40422,404222,3.1858526957035065,36.77884615384615,3.129548586331881,0.591626782220521,0.994766374842626,1.7580530004544876,0.994766374842626,power,9.605242729187012,11.090176582336426,11.558464050292969,0.0018380541587248445,0.0001277400625721915,3.3223607540130615,0.5993423645320197
femnist,topk,11,0.1,40422,404222,3.111309944391251,33.65384615384615,3.0287774892953725,0.5885245265443431,0.994766374842626,1.7580530004544876,0.994766374842626,power,9.520525932312012,11.206673622131348,11.516162872314453,0.0019027093658223748,0.0001173180581357589,3.2680482864379883,0.6093029556650247
femnist,topk,12,0.1,40422,404222,2.9882440173625953,32.69230769230769,2.901789738581731,0.5847433676683493,0.994766374842626,1.7580530004544876,0.994766374842626,power,9.628043174743652,11.53310489654541,12.79904556274414,0.0018731526797637343,0.0001346293103807471,3.2567265033721924,0.6114211822660098
femnist,topk,13,0.1,40422,404222,2.9697074234485625,36.29807692307692,2.828709528996394,0.5646423543314177,0.994766374842626,1.7580530004544876,0.994766374842626,power,9.639032363891602,10.9685640335083,11.171759605407715,0.001935960608534515,0.0001328438851515177,3.159313917160034,0.6302733990147783
femnist,topk,14,0.1,40422,404222,2.8211595642566683,40.14423076923077,2.7435634319598856,0.5644522257214093,0.994766374842626,1.7580530004544876,0.994766374842626,power,9.525235176086426,11.280720710754395,12.003545761108398,0.001861453172750771,0.00011876494187927022,3.162168502807617,0.6297044334975369
femnist,topk,15,0.1,40422,404222,2.85406702876091,41.82692307692308,2.6460808974045973,0.5697640923928238,0.994766374842626,1.7580530004544876,0.994766374842626,power,9.595333099365234,10.90851879119873,11.306556701660156,0.0019088670378550887,0.00012760253959582098,3.1656975746154785,0.6290024630541872
femnist,topk,16,0.1,40422,404222,2.740196377038956,43.75,2.5461240915151744,0.5416742564078878,0.994766374842626,1.7580530004544876,0.994766374842626,power,9.609950065612793,11.173797607421875,12.10908317565918,0.0020110837649554014,0.00013285251023159093,3.061356544494629,0.6504408866995074
femnist,topk,17,0.1,40422,404222,2.67178965985775,41.58653846153846,2.47951419536884,0.5469646517592659,0.994766374842626,1.7580530004544876,0.994766374842626,power,9.491955757141113,10.901040077209473,12.697700500488281,0.0018374384380877018,0.00011634846570120364,3.0749452114105225,0.6475665024630541
femnist,topk,18,0.1,40422,404222,2.6025782519578935,42.54807692307692,2.4078520261324368,0.5530088420209739,0.994766374842626,1.7580530004544876,0.994766374842626,power,9.591791152954102,11.282954216003418,11.673173904418945,0.0018805419094860554,0.00012911761936160426,3.0586233139038086,0.6510221674876847
femnist,topk,19,0.1,40422,404222,2.569630274772644,45.19230769230769,2.3361581655649037,0.5311904161717993,0.994766374842626,1.7580530004544876,0.994766374842626,power,9.529229164123535,11.05088996887207,11.35849380493164,0.0019082512008026242,0.00011350983057818697,2.9908769130706787,0.665768472906404
femnist,topk,20,0.1,40422,404222,2.5685738837718963,44.95192307692308,2.272145491379958,0.5396465463832572,0.994766374842626,1.7580530004544876,0.994766374842626,power,9.571260452270508,11.085119247436523,11.173696517944336,0.001949507393874228,0.0001250197848938836,3.0258140563964844,0.6580812807881773
femnist,topk,21,0.1,40422,404222,2.4371683794260024,44.23076923076923,2.212070024930514,0.5312742172613052,0.994766374842626,1.7580530004544876,0.994766374842626,power,9.63929557800293,11.349043846130371,11.826301574707031,0.001985837472602725,0.00014008575578761494,2.989516496658325,0.6660714285714285
femnist,topk,22,0.1,40422,404222,2.3232832658290867,48.55769230769231,2.133883843055138,0.5265303818188958,0.994766374842626,1.7580530004544876,0.994766374842626,power,9.567816734313965,11.373798370361328,11.582942962646484,0.001929802936501801,0.00011919292732352092,2.985409736633301,0.666987684729064
femnist,topk,23,0.1,40422,404222,2.2554945641756055,49.27884615384615,2.078931074876052,0.5277466812534152,0.994766374842626,1.7580530004544876,0.994766374842626,power,9.505213737487793,11.205437660217285,11.597372055053711,0.0018922414164990187,0.0001121670223888687,2.990025043487549,0.6659581280788177
femnist,topk,24,0.1,40422,404222,2.2275646650791168,52.64423076923077,1.9776433797983022,0.5237248753523168,0.994766374842626,1.7580530004544876,0.994766374842626,power,9.597513198852539,11.698166847229004,12.14865779876709,0.0019716748502105474,0.0001341225006651613,2.9500157833099365,0.6749901477832513
femnist,topk,25,0.1,40422,404222,2.1693670350313186,55.04807692307692,1.9541040567251353,0.5169650312002334,0.994766374842626,1.7580530004544876,0.994766374842626,power,9.558221817016602,10.990135192871094,11.307580947875977,0.0019273399375379086,0.0001228462844229428,2.9334561824798584,0.6788004926108374
femnist,topk,26,0.1,40422,404222,2.039542939066887,55.28846153846154,1.9351392892690806,0.5159770284491005,0.994766374842626,1.7580530004544876,0.994766374842626,power,9.526084899902344,10.787351608276367,11.37660026550293,0.0019254926592111588,0.0001189343511856334,2.9156088829040527,0.6829556650246306
femnist,topk,27,0.1,40422,404222,2.01806148737669,55.76923076923077,1.8467916341928334,0.5212154403612692,0.994766374842626,1.7580530004544876,0.994766374842626,power,9.620322227478027,11.23945140838623,12.013749122619629,0.0019224138231948018,0.00013673061203312942,2.911440372467041,0.6839334975369458
femnist,topk,28,0.1,40422,404222,1.8173751477897166,60.33653846153846,1.7347508943997896,0.49337851018487333,0.994766374842626,1.7580530004544876,0.994766374842626,power,9.585134506225586,11.102242469787598,11.586614608764648,0.0019507389515638351,0.0001291721122423182,2.8444862365722656,0.7000320197044335
femnist,topk,29,0.1,40422,404222,1.8496580351889134,59.85576923076923,1.7019069378192608,0.5209608331328022,0.994766374842626,1.7580530004544876,0.994766374842626,power,9.649920463562012,11.307235717773438,11.825715065002441,0.0019636698998510838,0.00013519073288891374,2.9380617141723633,0.6777364532019704
femnist,topk,30,0.1,40422,404222,1.8510065045952797,62.74038461538461,1.6302386063795824,0.5152805653441962,0.994766374842626,1.7580530004544876,0.994766374842626,power,9.570748329162598,11.026620864868164,11.04549503326416,0.0018848521867766976,0.00011738878149586331,2.90881085395813,0.6845517241379311
femnist,topk,31,0.1,40422,404222,1.6513586817681787,63.22115384615385,1.5739335280198317,0.4879931569685693,0.994766374842626,1.7580530004544876,0.994766374842626,power,9.628789901733398,10.963168144226074,11.222847938537598,0.0018910098588094115,0.00012590662647737902,2.812777280807495,0.707923645320197
femnist,topk,32,0.1,40422,404222,1.699452015310526,63.94230769230769,1.5346419994647686,0.5076977270300997,0.994766374842626,1.7580530004544876,0.994766374842626,power,9.553631782531738,10.866608619689941,11.001907348632812,0.001903940923511982,0.00012067636235802196,2.8926267623901367,0.6883817733990147
femnist,topk,33,0.1,40422,404222,1.6365033218637108,65.14423076923077,1.4777289170485277,0.514188805939917,0.994766374842626,1.7580530004544876,0.994766374842626,power,9.530677795410156,11.044140815734863,11.307580947875977,0.001881157630123198,0.00011661936427616601,2.8889262676239014,0.6892635467980296
femnist,topk,34,0.1,40422,404222,1.5663313284516334,64.90384615384616,1.4437150221604567,0.4898144099921454,0.994766374842626,1.7580530004544876,0.994766374842626,power,9.580475807189941,11.338913917541504,12.022095680236816,0.0019501231145113707,0.0001324645899073683,2.8162262439727783,0.7070566502463054
femnist,topk,35,0.1,40422,404222,1.5522510461881756,65.14423076923077,1.4287276634803185,0.4978513811849691,0.994766374842626,1.7580530004544876,0.994766374842626,power,9.617216110229492,11.544696807861328,12.11042594909668,0.0018854680238291621,0.00013368553657952767,2.832695722579956,0.7029458128078818
femnist,topk,36,0.1,40422,404222,1.4735975265130399,64.90384615384616,1.4219166682316706,0.5056611827733292,0.994766374842626,1.7580530004544876,0.994766374842626,power,9.630634307861328,11.320372581481934,12.021003723144531,0.0019094827584922314,0.00013375148030414155,2.8604891300201416,0.696115763546798
femnist,topk,37,0.1,40422,404222,1.3992219763621687,67.78846153846153,1.3537533099834735,0.4826816107634782,0.994766374842626,1.7580530004544876,0.994766374842626,power,9.628812789916992,10.925243377685547,11.842986106872559,0.0019550493452697992,0.00013376853399983885,2.809258460998535,0.7088103448275862
femnist,topk,38,0.1,40422,404222,1.4114328214526175,67.0673076923077,1.3235255021315355,0.4929866281001412,0.994766374842626,1.7580530004544876,0.994766374842626,power,9.568553924560547,10.958378791809082,11.485146522521973,0.0018983989721164107,0.0001213587278630407,2.8365120887756348,0.702
femnist,topk,39,0.1,40422,404222,1.4155267862044274,66.34615384615384,1.2841324439415565,0.49863288501307085,0.994766374842626,1.7580530004544876,0.994766374842626,power,9.552732467651367,11.320062637329102,11.489358901977539,0.0019402708858251572,0.0001242459969912543,2.865142345428467,0.6949852216748769
femnist,topk,40,0.1,40422,404222,1.3390011794306338,68.50961538461539,1.257226063654973,0.4822612839760777,0.994766374842626,1.7580530004544876,0.994766374842626,power,9.580718994140625,11.105904579162598,11.957586288452148,0.0018214285373687744,0.00011796238141816419,2.797922134399414,0.7116822660098522
femnist,topk,41,0.1,40422,404222,1.358650144925341,67.0673076923077,1.2582280085637019,0.500319081121075,0.994766374842626,1.7580530004544876,0.994766374842626,power,9.577154159545898,11.146638870239258,11.710823059082031,0.0018928571371361613,0.0001252699797395838,2.8647971153259277,0.6950689655172414
femnist,topk,42,0.1,40422,404222,1.3101708873361348,68.75,1.241613241342398,0.4989064806114308,0.994766374842626,1.7580530004544876,0.994766374842626,power,9.545502662658691,11.211800575256348,11.548910140991211,0.0019027093658223748,0.0001223851574327479,2.8502728939056396,0.6986108374384237
femnist,topk,43,0.1,40422,404222,1.1657531766965983,68.99038461538461,1.1851158875685472,0.46932639372950175,0.994766374842626,1.7580530004544876,0.994766374842626,power,9.555022239685059,11.381179809570312,11.860428810119629,0.0018879310227930546,0.0001220997166275362,2.7713065147399902,0.7185172413793104
femnist,topk,44,0.1,40422,404222,1.3138581280317156,68.75,1.1583034075223482,0.49864714654953046,0.994766374842626,1.7580530004544876,0.994766374842626,power,9.61378002166748,11.340615272521973,12.425277709960938,0.001916256151162088,0.00013184283769697078,2.835636615753174,0.702216748768473
femnist,topk,45,0.1,40422,404222,1.2330043501732872,69.23076923076923,1.1589604157667894,0.4986887725360193,0.994766374842626,1.7580530004544876,0.994766374842626,power,9.559245109558105,10.981006622314453,11.29572868347168,0.0018971675308421254,0.0001226373662219332,2.8430659770965576,0.7003817733990148
femnist,topk,46,0.1,40422,404222,1.2364748965110632,71.15384615384616,1.1375614312978892,0.49117307886842615,0.994766374842626,1.7580530004544876,0.994766374842626,power,9.596858024597168,10.906882286071777,11.04122543334961,0.0019673644565045834,0.00012806087042915032,2.8082728385925293,0.7090591133004926
femnist,topk,47,0.1,40422,404222,1.1094452922884375,70.91346153846153,1.110932496877817,0.48707660174112155,0.994766374842626,1.7580530004544876,0.994766374842626,power,9.609186172485352,11.227726936340332,11.50186538696289,0.0019027093658223748,0.00012596427298328463,2.8087706565856934,0.7089334975369458
femnist,topk,48,0.1,40422,404222,1.1133289823960515,70.1923076923077,1.0933732252854567,0.48842378964732386,0.994766374842626,1.7580530004544876,0.994766374842626,power,9.585073471069336,11.164710998535156,11.36777114868164,0.0019735221285372972,0.00012507855506860475,2.793079137802124,0.7129162561576354
femnist,topk,49,0.1,40422,404222,1.093412417434156,72.11538461538461,1.061268659738394,0.47427337061050173,0.994766374842626,1.7580530004544876,0.994766374842626,power,9.691041946411133,11.31371784210205,11.82846450805664,0.002003694651648402,0.00013909040389214548,2.7472355365753174,0.7248128078817734
femnist,topk,50,0.1,40422,404222,1.088818453028798,72.35576923076923,1.043027217571552,0.4836439790419142,0.994766374842626,1.7580530004544876,0.994766374842626,power,9.610981941223145,11.4940824508667,12.014039993286133,0.0019150245934724808,0.00012495128372433406,2.78442120552063,0.7151330049261084
femnist,topk,51,0.1,40422,404222,1.0956472993316129,72.83653846153847,1.0328801228449895,0.4949498594229328,0.994766374842626,1.7580530004544876,0.994766374842626,power,9.58024787902832,11.130322456359863,11.583038330078125,0.0019224138231948018,0.00012947451235771973,2.8315348625183105,0.7032339901477832
femnist,topk,52,0.1,40422,404222,1.0975774637423457,74.03846153846153,1.0358255826509917,0.48450585083845077,0.994766374842626,1.7580530004544876,0.994766374842626,power,9.521454811096191,10.917527198791504,11.958072662353516,0.0018589901737868786,0.00011896879165904938,2.7940638065338135,0.7126650246305418
femnist,topk,53,0.1,40422,404222,0.9558231747802347,73.07692307692308,1.017068129319411,0.47809794462081506,0.994766374842626,1.7580530004544876,0.994766374842626,power,9.641901969909668,11.304376602172852,11.702786445617676,0.0019408867228776217,0.00013758379964019273,2.7743308544158936,0.7177339901477833
femnist,topk,54,0.1,40422,404222,0.9262159544322637,73.3173076923077,0.9798958118145282,0.48405332222049136,0.994766374842626,1.7580530004544876,0.994766374842626,power,9.50019645690918,11.080169677734375,11.430330276489258,0.0018633004510775208,0.0001119721696445809,2.785658836364746,0.7148152709359606
femnist,topk,55,0.1,40422,404222,0.9062832850590347,73.79807692307692,0.9588253314678485,0.4710959128598433,0.994766374842626,1.7580530004544876,0.994766374842626,power,9.569014549255371,11.113065719604492,11.836328506469727,0.0018866994651034474,0.0001199969798859782,2.744046449661255,0.7256551724137931
femnist,topk,56,0.1,40422,404222,0.9901311474200339,74.27884615384616,0.9563685197096604,0.48910071296200075,0.994766374842626,1.7580530004544876,0.994766374842626,power,9.563986778259277,10.864036560058594,11.256534576416016,0.0018700738437473774,0.00012107486723602308,2.811182975769043,0.7083251231527093
femnist,topk,57,0.1,40422,404222,1.012640809547156,74.27884615384616,0.9475197425255408,0.49139539867840376,0.994766374842626,1.7580530004544876,0.994766374842626,power,9.586021423339844,11.227046966552734,11.727640151977539,0.0019322660518810153,0.00012423165811282884,2.818042278289795,0.7066009852216749
femnist,topk,58,0.1,40422,404222,0.9158382421359421,75.24038461538461,0.9361892846914438,0.4724552306435946,0.994766374842626,1.7580530004544876,0.994766374842626,power,9.53366470336914,10.930304527282715,11.143495559692383,0.0018947044154629111,0.00012110287320354298,2.746554136276245,0.7249926108374384
femnist,topk,59,0.1,40422,404222,0.9469015027675779,73.5576923076923,0.9407972189096304,0.4955616561267984,0.994766374842626,1.7580530004544876,0.994766374842626,power,9.587852478027344,11.290919303894043,11.92912483215332,0.0018749999580904841,0.0001290885259157235,2.8033552169799805,0.7103029556650247
femnist,topk,60,0.1,40422,404222,0.8979831055365504,74.27884615384616,0.9195728302001953,0.48338929689485344,0.994766374842626,1.7580530004544876,0.994766374842626,power,9.581769943237305,11.179983139038086,11.723023414611816,0.0019045566441491246,0.00012487809635123632,2.7893786430358887,0.7138620689655173
femnist,topk,61,0.1,40422,404222,0.7973256500624121,75.0,0.9037989836472732,0.461715157564603,0.994766374842626,1.7580530004544876,0.994766374842626,power,9.594206809997559,11.217292785644531,11.763129234313965,0.0018910098588094115,0.00013128352019589268,2.7121851444244385,0.734179802955665
femnist,topk,62,0.1,40422,404222,0.9902861952129751,75.72115384615384,0.90265259375939,0.4921568027690476,0.994766374842626,1.7580530004544876,0.994766374842626,power,9.601893424987793,11.143107414245605,11.929265022277832,0.0019519703928381205,0.00013647379799244116,2.7871954441070557,0.7144211822660098
femnist,topk,63,0.1,40422,404222,0.9673805648786946,75.72115384615384,0.889504652756911,0.49751060310272316,0.994766374842626,1.7580530004544876,0.994766374842626,power,9.556939125061035,11.255034446716309,11.836947441101074,0.001920566544868052,0.00012532675221291455,2.7902162075042725,0.7136477832512316
femnist,topk,64,0.1,40422,404222,0.8171770835481583,75.24038461538461,0.8725725320669321,0.4686275776217417,0.994766374842626,1.7580530004544876,0.994766374842626,power,9.519367218017578,11.113580703735352,11.571188926696777,0.001881157630123198,0.0001209449975612996,2.751349449157715,0.7237290640394088
femnist,topk,65,0.1,40422,404222,0.8786937966244295,76.4423076923077,0.8662125514103816,0.48566383545048464,0.994766374842626,1.7580530004544876,0.994766374842626,power,9.591050148010254,11.079204559326172,11.635943412780762,0.0018953202525153756,0.00013176942622072988,2.8026070594787598,0.7104926108374384
femnist,topk,66,0.1,40422,404222,0.8406031779013574,76.92307692307692,0.862760983980619,0.486097995848231,0.994766374842626,1.7580530004544876,0.994766374842626,power,9.560463905334473,11.236865997314453,12.25642204284668,0.0018854680238291621,0.00013026119680784024,2.8144614696502686,0.7075
femnist,topk,67,0.1,40422,404222,0.8013082722667605,75.72115384615384,0.8628473281860352,0.4647517042380399,0.994766374842626,1.7580530004544876,0.994766374842626,power,9.593179702758789,11.060107231140137,12.613715171813965,0.001893472857773304,0.00013207663416504195,2.7314929962158203,0.7289901477832512
femnist,topk,68,0.1,40422,404222,0.8738366505969317,75.48076923076923,0.8553271660437951,0.48671622775065504,0.994766374842626,1.7580530004544876,0.994766374842626,power,9.599281311035156,11.201403617858887,11.500686645507812,0.001967980293557048,0.00012796723499477246,2.808555841445923,0.708987684729064
femnist,topk,69,0.1,40422,404222,0.8245287230634132,75.96153846153847,0.8468827467698318,0.47923496263362625,0.994766374842626,1.7580530004544876,0.994766374842626,power,9.518133163452148,11.084760665893555,11.756725311279297,0.001958743901923299,0.0001188785207788304,2.771629571914673,0.7184334975369459
femnist,topk,70,0.1,40422,404222,0.8064288293384017,76.20192307692308,0.8496340238131009,0.4748152374595242,0.994766374842626,1.7580530004544876,0.994766374842626,power,9.503934860229492,10.940947532653809,11.217206954956055,0.0019384236074984074,0.0001150741823651789,2.750422716140747,0.7239729064039409
femnist,topk,71,0.1,40422,404222,0.7680364414933138,75.96153846153847,0.8450287305391752,0.48576774681682966,0.994766374842626,1.7580530004544876,0.994766374842626,power,9.593266487121582,10.955763816833496,11.729899406433105,0.0018602217314764857,0.00012227521285636752,2.7861390113830566,0.714692118226601
femnist,topk,72,0.1,40422,404222,0.7360667177941651,76.4423076923077,0.8215698829064002,0.48722850423220637,0.994766374842626,1.7580530004544876,0.994766374842626,power,9.656685829162598,11.486128807067871,12.02208423614502,0.0019316502148285508,0.00014057129855195384,2.8013832569122314,0.7108029556650246
femnist,topk,73,0.1,40422,404222,0.6839382812147959,76.20192307692308,0.815155762892503,0.4564352344005848,0.994766374842626,1.7580530004544876,0.994766374842626,power,9.600905418395996,11.114631652832031,11.370859146118164,0.0018706896807998419,0.00012666765041912737,2.6946651935577393,0.7389532019704433
femnist,topk,74,0.1,40422,404222,0.7817243191227318,75.48076923076923,0.8203896009005033,0.4892207125377993,0.994766374842626,1.7580530004544876,0.994766374842626,power,9.611926078796387,11.198861122131348,11.551175117492676,0.001972290687263012,0.0001379153205011357,2.803394079208374,0.7102931034482759
femnist,topk,75,0.1,40422,404222,0.6878881596680732,77.16346153846153,0.802582520705003,0.477635044060408,0.994766374842626,1.7580530004544876,0.994766374842626,power,9.597315788269043,11.24588394165039,11.566625595092773,0.0019033250864595175,0.0001258252114953412,2.7637462615966797,0.7204827586206897
femnist,topk,76,0.1,40422,404222,0.7374173231609167,76.6826923076923,0.8051780553964468,0.47287125232615324,0.994766374842626,1.7580530004544876,0.994766374842626,power,9.523130416870117,10.964727401733398,11.785148620605469,0.001920566544868052,0.00012329749339866242,2.747403621673584,0.7247684729064039
femnist,topk,77,0.1,40422,404222,0.7362885144073515,77.16346153846153,0.8003321427565354,0.4849536195826311,0.994766374842626,1.7580530004544876,0.994766374842626,power,9.667847633361816,11.089834213256836,12.096122741699219,0.0020153941586613655,0.0001460361384999206,2.788714647293091,0.7140320197044335
femnist,topk,78,0.1,40422,404222,0.6712772552762181,76.92307692307692,0.7849710904634916,0.48127162924688555,0.994766374842626,1.7580530004544876,0.994766374842626,power,9.634716987609863,11.233540534973145,12.244433403015137,0.0019199507078155875,0.00012773560966012335,2.7657601833343506,0.7199581280788178
femnist,topk,79,0.1,40422,404222,0.6900167472008616,77.16346153846153,0.7703524369459885,0.4736210451576931,0.994766374842626,1.7580530004544876,0.994766374842626,power,9.590215682983398,11.091154098510742,12.16387939453125,0.0019316502148285508,0.00013038843216371703,2.7546494007110596,0.7228620689655172
femnist,topk,80,0.1,40422,404222,0.8512155886273831,78.60576923076923,0.7673094822810247,0.4984453204270053,0.994766374842626,1.7580530004544876,0.994766374842626,power,9.517814636230469,11.19882583618164,11.517557144165039,0.0018805419094860554,0.00011715869007250327,2.817934274673462,0.706628078817734
femnist,topk,81,0.1,40422,404222,0.7043856606585905,78.60576923076923,0.7805976867675781,0.4825103047193723,0.994766374842626,1.7580530004544876,0.994766374842626,power,9.532232284545898,11.090147018432617,11.649493217468262,0.0018682265654206276,0.00011647373337902725,2.778554916381836,0.7166428571428571
femnist,topk,82,0.1,40422,404222,0.6469740170985461,78.125,0.7679664905254657,0.467011908547584,0.994766374842626,1.7580530004544876,0.994766374842626,power,9.656659126281738,11.19575309753418,11.40378189086914,0.0019655171781778336,0.0001336668596322967,2.739081859588623,0.7269704433497537
femnist,topk,83,0.1,40422,404222,0.687436261381954,78.36538461538461,0.7683731959416316,0.4857427378904718,0.994766374842626,1.7580530004544876,0.994766374842626,power,9.573054313659668,11.115182876586914,11.390178680419922,0.0019353447714820504,0.00012796572218736195,2.778010606765747,0.7167832512315271
femnist,topk,84,0.1,40422,404222,0.6267021607561036,78.84615384615384,0.7428000523493841,0.46890695521417436,0.994766374842626,1.7580530004544876,0.994766374842626,power,9.637618064880371,11.204000473022461,11.588860511779785,0.0019365763291716576,0.00013449225560743948,2.7382004261016846,0.7272044334975369
femnist,topk,85,0.1,40422,404222,0.6432050857553259,78.84615384615384,0.7366074048555814,0.472063225126859,0.994766374842626,1.7580530004544876,0.994766374842626,power,9.655318260192871,10.871252059936523,11.141158103942871,0.0019667488522827625,0.000135910196398767,2.7303307056427,0.7293004926108374
femnist,topk,86,0.1,40422,404222,0.6238661857647821,76.6826923076923,0.7458993471585788,0.4813729557467791,0.994766374842626,1.7580530004544876,0.994766374842626,power,9.708139419555664,11.51529598236084,12.218854904174805,0.0019532020669430494,0.00014688351438160707,2.7702524662017822,0.7187906403940887
femnist,topk,87,0.1,40422,404222,0.641190743795596,77.88461538461539,0.7420431283804086,0.48170301640740504,0.994766374842626,1.7580530004544876,0.994766374842626,power,9.559342384338379,11.05101203918457,11.146917343139648,0.0019384236074984074,0.00012150680137335187,2.7715630531311035,0.7184507389162561
femnist,topk,88,0.1,40422,404222,0.6394026868417858,78.60576923076923,0.7384081620436448,0.4716240978447249,0.994766374842626,1.7580530004544876,0.994766374842626,power,9.606603622436523,10.89974308013916,10.938316345214844,0.0019384236074984074,0.0001252624519016964,2.7555975914001465,0.7226133004926109
femnist,topk,89,0.1,40422,404222,0.635740437968634,78.36538461538461,0.7327102514413687,0.49678174403135184,0.994766374842626,1.7580530004544876,0.994766374842626,power,9.498952865600586,10.693733215332031,10.804630279541016,0.0019581280648708344,0.00011312248470054323,2.767890691757202,0.7194039408866995
femnist,topk,90,0.1,40422,404222,0.6156407063407824,78.84615384615384,0.7359140836275541,0.4871609709901758,0.994766374842626,1.7580530004544876,0.994766374842626,power,9.543935775756836,10.916308403015137,11.153623580932617,0.0018565270584076643,0.00012087060164350436,2.7912564277648926,0.7133817733990148
femnist,topk,91,0.1,40422,404222,0.5915530418022535,78.84615384615384,0.7275017224825345,0.47627656750598446,0.994766374842626,1.7580530004544876,0.994766374842626,power,9.51524829864502,11.168118476867676,11.591609954833984,0.0018423645524308085,0.00011764188825471267,2.7554380893707275,0.7226551724137931
femnist,topk,92,0.1,40422,404222,0.6948068746691569,78.125,0.7507936037503756,0.4880857350191966,0.994766374842626,1.7580530004544876,0.994766374842626,power,9.4999361038208,11.19857406616211,11.541385650634766,0.0019605911802500486,0.00012057203189896601,2.7904858589172363,0.7135788177339901
femnist,topk,93,0.1,40422,404222,0.6405596123076975,79.08653846153847,0.7274794211754432,0.47923994269202225,0.994766374842626,1.7580530004544876,0.994766374842626,power,9.62091064453125,11.512044906616211,11.950539588928223,0.00199076347053051,0.00012762700382204902,2.7767417430877686,0.7171108374384236
femnist,topk,94,0.1,40422,404222,0.6395906808553263,79.5673076923077,0.7145079832810622,0.47343700944907513,0.994766374842626,1.7580530004544876,0.994766374842626,power,9.5798978805542,10.917478561401367,11.41408920288086,0.0019137931521981955,0.000116649576733083,2.7315945625305176,0.7289630541871921
femnist,topk,95,0.1,40422,404222,0.5784473042422906,78.84615384615384,0.7021004603459284,0.4790903535312253,0.994766374842626,1.7580530004544876,0.994766374842626,power,9.660234451293945,11.707390785217285,11.926158905029297,0.0018651477294042706,0.00013814442156380972,2.761075019836426,0.721179802955665
femnist,topk,96,0.1,40422,404222,0.568817940177396,79.32692307692308,0.7188538037813627,0.4786656943678584,0.994766374842626,1.7580530004544876,0.994766374842626,power,9.582900047302246,11.008549690246582,11.371341705322266,0.0019322660518810153,0.00012794741446279004,2.7727131843566895,0.718152709359606
femnist,topk,97,0.1,40422,404222,0.5137597298109904,79.8076923076923,0.6920105860783503,0.4520888909547984,0.994766374842626,1.7580530004544876,0.994766374842626,power,9.6011323928833,11.394438743591309,11.550012588500977,0.001903940923511982,0.0001298157098497503,2.6825764179229736,0.742283251231527
femnist,topk,98,0.1,40422,404222,0.5758728361222893,79.08653846153847,0.6941918593186599,0.4770967982322688,0.994766374842626,1.7580530004544876,0.994766374842626,power,9.629059791564941,11.185893058776855,11.924182891845703,0.001984605798497796,0.00013816993852929998,2.768089771270752,0.7193522167487685
femnist,topk,99,0.1,40422,404222,0.6190973637159913,78.60576923076923,0.6998223524827224,0.49034941540217003,0.994766374842626,1.7580530004544876,0.994766374842626,power,9.531325340270996,10.812908172607422,11.023454666137695,0.001864532008767128,0.00011859940282405866,2.78639817237854,0.7146256157635468
femnist,topk,100,0.1,40422,404222,0.5419683258421719,78.125,0.7023158440223107,0.47171092661276165,0.994766374842626,1.7580530004544876,0.994766374842626,power,9.593103408813477,11.581291198730469,12.007685661315918,0.0019291872158646584,0.00013613583865453878,2.735226631164551,0.7279950738916257
femnist,topk,101,0.1,40422,404222,0.5730941400746815,78.60576923076923,0.6925834509042593,0.4866835292803094,0.994766374842626,1.7580530004544876,0.994766374842626,power,9.625394821166992,11.329401016235352,11.977091789245605,0.001991995144635439,0.00013493813739176648,2.779777765274048,0.7163275862068965
femnist,topk,102,0.1,40422,404222,0.5277496907860041,78.125,0.6764200650728666,0.47851439206126417,0.994766374842626,1.7580530004544876,0.994766374842626,power,9.632163047790527,11.307168006896973,11.393366813659668,0.0019082512008026242,0.00013123160330734803,2.781087875366211,0.7159901477832512
femnist,topk,103,0.1,40422,404222,0.5296154950279741,77.88461538461539,0.6756082681509165,0.46918152717242884,0.994766374842626,1.7580530004544876,0.994766374842626,power,9.588336944580078,10.940995216369629,12.233744621276855,0.0019076354801654816,0.00012211420796653176,2.732942819595337,0.7286034482758621
femnist,topk,104,0.1,40422,404222,0.5695592926815153,80.04807692307692,0.6724491119384766,0.48737190938330066,0.994766374842626,1.7580530004544876,0.994766374842626,power,9.553065299987793,11.079363822937012,11.752340316772461,0.0018983989721164107,0.00012372497679086927,2.7715821266174316,0.7184458128078818
femnist,topk,105,0.1,40422,404222,0.5438144906330855,79.08653846153847,0.6593490747305063,0.48277301282560964,0.994766374842626,1.7580530004544876,0.994766374842626,power,9.667867660522461,10.992830276489258,11.276554107666016,0.0020357142202556133,0.00013907125890958875,2.7590208053588867,0.7217167487684729
femnist,topk,106,0.1,40422,404222,0.516274834536016,78.36538461538461,0.6641307977529672,0.46683588642122603,0.994766374842626,1.7580530004544876,0.994766374842626,power,9.587103843688965,11.356115341186523,11.513053894042969,0.0019415024435147643,0.00012786291900909044,2.7226436138153076,0.7313596059113301
femnist,topk,107,0.1,40422,404222,0.5822650890611113,78.60576923076923,0.6820382338303786,0.4960372387643524,0.994766374842626,1.7580530004544876,0.994766374842626,power,9.613049507141113,11.044830322265625,11.214632987976074,0.0019187192665413022,0.00013572510652048604,2.809981107711792,0.708628078817734
femnist,topk,108,0.1,40422,404222,0.48061365288216623,80.28846153846153,0.6665345705472506,0.47366848244203946,0.994766374842626,1.7580530004544876,0.994766374842626,power,9.516255378723145,10.999551773071289,11.706790924072266,0.0018879310227930546,0.00011711273949601229,2.740084409713745,0.726704433497537
femnist,topk,109,0.1,40422,404222,0.4826136545278132,80.28846153846153,0.6624946594238281,0.45678549834437704,0.994766374842626,1.7580530004544876,0.994766374842626,power,9.598609924316406,11.07968807220459,11.37813949584961,0.0019125615945085883,0.00012540562329059696,2.685570478439331,0.7414556650246306
femnist,topk,110,0.1,40422,404222,0.5239093977445736,79.8076923076923,0.6608182466947116,0.49201588072807523,0.994766374842626,1.7580530004544876,0.994766374842626,power,9.541518211364746,11.05182933807373,11.63288688659668,0.001887315302155912,0.00012204279938529081,2.807034492492676,0.709371921182266
femnist,topk,111,0.1,40422,404222,0.4820478451158851,80.04807692307692,0.6600097509530874,0.4624189267679024,0.994766374842626,1.7580530004544876,0.994766374842626,power,9.529216766357422,10.957633972167969,12.071661949157715,0.0018713054014369845,0.00011931796920741881,2.69482684135437,0.7389088669950739
femnist,topk,112,0.1,40422,404222,0.5025049484428019,80.04807692307692,0.6574013783381536,0.4657317543289987,0.994766374842626,1.7580530004544876,0.994766374842626,power,9.608436584472656,11.042085647583008,11.063739776611328,0.002019088715314865,0.00012912198062815474,2.710502862930298,0.7346354679802956
femnist,topk,113,0.1,40422,404222,0.48558241535909474,79.5673076923077,0.6607850881723257,0.4876165392591276,0.994766374842626,1.7580530004544876,0.994766374842626,power,9.601338386535645,11.103205680847168,11.429584503173828,0.0019187192665413022,0.00012731792376247328,2.7684879302978516,0.7192487684729064
femnist,topk,114,0.1,40422,404222,0.48142569149145853,79.8076923076923,0.6722580836369441,0.4963400258375662,0.994766374842626,1.7580530004544876,0.994766374842626,power,9.588876724243164,10.910871505737305,11.619159698486328,0.0020018473733216524,0.00012980278947109553,2.826406955718994,0.7045098522167488
femnist,topk,115,0.1,40422,404222,0.4603184826206415,79.32692307692308,0.6604466071495643,0.4617174788665814,0.994766374842626,1.7580530004544876,0.994766374842626,power,9.578590393066406,11.14038372039795,11.926106452941895,0.0019458128372207284,0.00012865176969279068,2.7322499752044678,0.7287881773399015
femnist,topk,116,0.1,40422,404222,0.4834883560147135,79.08653846153847,0.6438825313861554,0.4694817723787561,0.994766374842626,1.7580530004544876,0.994766374842626,power,9.629358291625977,11.457845687866211,11.737853050231934,0.0019322660518810153,0.00013377365532777702,2.739666700363159,0.7268152709359605
femnist,topk,117,0.1,40422,404222,0.45592973276041454,79.8076923076923,0.6648489878727839,0.47522471233428315,0.994766374842626,1.7580530004544876,0.994766374842626,power,9.63479995727539,11.102200508117676,11.455450057983398,0.001934113330207765,0.0001336712553049594,2.742156982421875,0.7261551724137931
femnist,topk,118,0.1,40422,404222,0.46315759513527155,79.8076923076923,0.6531556936410757,0.46396704226965724,0.994766374842626,1.7580530004544876,0.994766374842626,power,9.566515922546387,11.160703659057617,11.833232879638672,0.0019125615945085883,0.00012390807409243842,2.726775884628296,0.7302512315270936
femnist,topk,119,0.1,40422,404222,0.5203650798089802,80.28846153846153,0.6456467555119441,0.49510355117714466,0.994766374842626,1.7580530004544876,0.994766374842626,power,9.64123821258545,11.11738109588623,11.573753356933594,0.0019605911802500486,0.00013744676173024163,2.8098931312561035,0.7086502463054187
femnist,topk,120,0.1,40422,404222,0.4802925144648178,78.60576923076923,0.6525322107168344,0.4877514287183546,0.994766374842626,1.7580530004544876,0.994766374842626,power,9.62606430053711,11.33617877960205,11.699848175048828,0.001959975343197584,0.00013406382799732646,2.8020434379577637,0.7106354679802955
femnist,topk,121,0.1,40422,404222,0.4570988486008719,79.32692307692308,0.6382232079139123,0.46985034330301295,0.994766374842626,1.7580530004544876,0.994766374842626,power,9.586891174316406,11.221479415893555,11.584004402160645,0.0019975369796156883,0.00013061827075373228,2.719017267227173,0.7323349753694581
femnist,topk,122,0.1,40422,404222,0.5288724241935415,80.04807692307692,0.6324528180635892,0.501307704998085,0.994766374842626,1.7580530004544876,0.994766374842626,power,9.586654663085938,10.833560943603516,11.027389526367188,0.001996921142563224,0.00012308191407873285,2.8358852863311768,0.7021551724137931
femnist,topk,123,0.1,40422,404222,0.483087156927213,80.04807692307692,0.6301097136277419,0.4832542423655298,0.994766374842626,1.7580530004544876,0.994766374842626,power,9.510228157043457,10.952863693237305,11.830541610717773,0.001900862087495625,0.00011055030441457321,2.7633588314056396,0.7205837438423646
femnist,topk,124,0.1,40422,404222,0.4506240333849565,80.28846153846153,0.6312921964205228,0.4666986081005328,0.994766374842626,1.7580530004544876,0.994766374842626,power,9.568839073181152,10.864140510559082,11.301280975341797,0.0018990148091688752,0.0001189492568777106,2.721442937850952,0.7316822660098522
femnist,topk,125,0.1,40422,404222,0.49334261643001803,79.8076923076923,0.6385572873629056,0.4949019456376738,0.994766374842626,1.7580530004544876,0.994766374842626,power,9.564788818359375,10.626165390014648,11.232295989990234,0.0019926107488572598,0.00012137017385462762,2.798299789428711,0.7115862068965517
femnist,topk,126,0.1,40422,404222,0.43647148028714594,81.00961538461539,0.6286645302405725,0.4871204720501163,0.994766374842626,1.7580530004544876,0.994766374842626,power,9.516434669494629,11.270615577697754,12.238694190979004,0.0019347290508449078,0.00011729674107646945,2.7551000118255615,0.722743842364532
femnist,topk,127,0.1,40422,404222,0.4112486478034407,81.49038461538461,0.6117699696467473,0.45704356020583425,0.994766374842626,1.7580530004544876,0.994766374842626,power,9.517730712890625,11.262269020080566,11.724671363830566,0.0019107143161818385,0.00011565043405410586,2.6760940551757812,0.7440812807881774
femnist,topk,128,0.1,40422,404222,0.41465587063925335,80.52884615384616,0.6157750349778396,0.4886640909474573,0.994766374842626,1.7580530004544876,0.994766374842626,power,9.561257362365723,11.109013557434082,11.383509635925293,0.001844827551394701,0.00012085676421473558,2.74873948097229,0.7244162561576355
femnist,topk,129,0.1,40422,404222,0.4556144510395825,80.04807692307692,0.6198680584247296,0.4895768478852448,0.994766374842626,1.7580530004544876,0.994766374842626,power,9.571455001831055,10.898523330688477,11.276630401611328,0.001937192166224122,0.00012372858987360139,2.8195953369140625,0.7062118226600985
femnist,topk,130,0.1,40422,404222,0.3933405487984418,80.28846153846153,0.6237687330979568,0.46299142902619694,0.994766374842626,1.7580530004544876,0.994766374842626,power,9.626360893249512,11.20722770690918,11.476831436157227,0.0019199507078155875,0.00013191810666048924,2.6956355571746826,0.7386871921182266
femnist,topk,131,0.1,40422,404222,0.41876395717728887,80.76923076923077,0.6211298429048978,0.4747942126057546,0.994766374842626,1.7580530004544876,0.994766374842626,power,9.559927940368652,10.91762638092041,11.083629608154297,0.0019809112418442965,0.00012458145912299404,2.74830961227417,0.7245295566502463
femnist,topk,132,0.1,40422,404222,0.5349113989621401,80.04807692307692,0.6237750420203576,0.49558526256526747,0.994766374842626,1.7580530004544876,0.994766374842626,power,9.52899169921875,11.076574325561523,11.412062644958496,0.0018571428954601288,0.0001162072822079699,2.7863693237304688,0.7146330049261084
femnist,topk,133,0.1,40422,404222,0.4082917815889232,80.04807692307692,0.6181488037109375,0.45679427078695,0.994766374842626,1.7580530004544876,0.994766374842626,power,9.592958450317383,10.884629249572754,11.22072696685791,0.001917487708851695,0.00011967567800764647,2.6825051307678223,0.7423029556650246
femnist,topk,134,0.1,40422,404222,0.43165816019754855,80.52884615384616,0.6070272739116962,0.48161668654407386,0.994766374842626,1.7580530004544876,0.994766374842626,power,9.628335952758789,11.180706024169922,12.380538940429688,0.0019014778081327677,0.00012804287562468385,2.7805521488189697,0.716128078817734
femnist,topk,135,0.1,40422,404222,0.415979731879197,80.76923076923077,0.6060678041898288,0.4845753278411319,0.994766374842626,1.7580530004544876,0.994766374842626,power,9.601722717285156,10.990205764770508,11.503143310546875,0.0019088670378550887,0.00012372621417834815,2.7620749473571777,0.7209187192118227
femnist,topk,136,0.1,40422,404222,0.4171070049144328,80.76923076923077,0.6052991426908053,0.4813004270168834,0.994766374842626,1.7580530004544876,0.994766374842626,power,9.557230949401855,11.166398048400879,11.66012954711914,0.0019519703928381205,0.00012441727848384426,2.7575998306274414,0.722088669950739
femnist,topk,137,0.1,40422,404222,0.3947727908822708,81.00961538461539,0.6092383678142841,0.4763293135905946,0.994766374842626,1.7580530004544876,0.994766374842626,power,9.541049003601074,11.15892505645752,11.590675354003906,0.0019642857369035482,0.00012091679632975346,2.7574868202209473,0.7221182266009852
femnist,topk,138,0.1,40422,404222,0.39102472061757,79.8076923076923,0.6060260992783767,0.47888785711784543,0.994766374842626,1.7580530004544876,0.994766374842626,power,9.52110767364502,11.034361839294434,11.923991203308105,0.0018257389310747385,0.00011918627529231151,2.7624523639678955,0.720820197044335
femnist,topk,139,0.1,40422,404222,0.4364275764033664,79.5673076923077,0.6240279857928936,0.4733288088164952,0.994766374842626,1.7580530004544876,0.994766374842626,power,9.568851470947266,11.073587417602539,11.381574630737305,0.0020110837649554014,0.00012710824152802102,2.735198974609375,0.7280024630541871
femnist,topk,140,0.1,40422,404222,0.40476063168374826,80.52884615384616,0.6198437764094427,0.48074998059550406,0.994766374842626,1.7580530004544876,0.994766374842626,power,9.615225791931152,11.393369674682617,11.757528305053711,0.0019833743572235107,0.0001302295573659229,2.786273241043091,0.7146576354679803
femnist,topk,141,0.1,40422,404222,0.42247266240650794,81.00961538461539,0.623810548048753,0.4908315654666923,0.994766374842626,1.7580530004544876,0.994766374842626,power,9.588434219360352,11.519083023071289,12.305234909057617,0.0019291872158646584,0.00012840939494778114,2.7643604278564453,0.7203226600985222
femnist,topk,142,0.1,40422,404222,0.38009285268373794,81.00961538461539,0.606140870314378,0.46489090369053665,0.994766374842626,1.7580530004544876,0.994766374842626,power,9.547597885131836,11.202988624572754,12.482479095458984,0.001884236466139555,0.00012859173657376574,2.7163314819335938,0.7330591133004926
femnist,topk,143,0.1,40422,404222,0.4071645049354992,80.52884615384616,0.6170410743126502,0.48800037176718336,0.994766374842626,1.7580530004544876,0.994766374842626,power,9.563875198364258,11.063864707946777,11.280876159667969,0.0018983989721164107,0.00012452180339988448,2.7919890880584717,0.7131945812807882
femnist,topk,144,0.1,40422,404222,0.3496991458372213,81.25,0.6008713795588567,0.4725533483825142,0.994766374842626,1.7580530004544876,0.994766374842626,power,9.573781967163086,10.951910972595215,11.636557579040527,0.0018817733507603407,0.00011955732578140091,2.722487688064575,0.7314014778325123
femnist,topk,145,0.1,40422,404222,0.37593062858330084,80.76923076923077,0.5913856212909405,0.46965753488755546,0.994766374842626,1.7580530004544876,0.994766374842626,power,9.622044563293457,11.349145889282227,11.920108795166016,0.0019304187735542655,0.00012651062226408486,2.7217636108398438,0.7315960591133005
femnist,topk,146,0.1,40422,404222,0.4498860557493754,80.28846153846153,0.5878788141103891,0.49899369416493283,0.994766374842626,1.7580530004544876,0.994766374842626,power,9.556336402893066,10.755563735961914,10.807531356811523,0.0019199507078155875,0.00012099452921400256,2.8211891651153564,0.7058128078817734
femnist,topk,147,0.1,40422,404222,0.3574759961804375,78.84615384615384,0.594454288482666,0.4689297367448389,0.994766374842626,1.7580530004544876,0.994766374842626,power,9.609649658203125,11.109525680541992,11.90772533416748,0.001932881772518158,0.00012914112003883555,2.7248642444610596,0.7307635467980296
femnist,topk,148,0.1,40422,404222,0.4119119265145856,79.32692307692308,0.5978606664217435,0.4797240738129057,0.994766374842626,1.7580530004544876,0.994766374842626,power,9.582386016845703,11.170244216918945,11.54425048828125,0.0018497536657378078,0.00012225531697041437,2.739694356918335,0.7268078817733991
femnist,topk,149,0.1,40422,404222,0.3966312415822176,80.28846153846153,0.6079337413494403,0.4937863005165239,0.994766374842626,1.7580530004544876,0.994766374842626,power,9.581006050109863,11.310956001281738,12.799378395080566,0.0019408867228776217,0.00013189786675825974,2.7820067405700684,0.7157536945812808
femnist,topk,150,0.1,40422,404222,0.39795187051407993,80.52884615384616,0.5891003241905799,0.4869330204100124,0.994766374842626,1.7580530004544876,0.994766374842626,power,9.632292747497559,11.122943878173828,11.167966842651367,0.0018725369591265917,0.00013307343638941686,2.7480387687683105,0.7246009852216749
femnist,topk,151,0.1,40422,404222,0.35417658495251086,80.28846153846153,0.583439826965332,0.4599599706344982,0.994766374842626,1.7580530004544876,0.994766374842626,power,9.60443115234375,10.79405689239502,11.162750244140625,0.0019094827584922314,0.00012551486575309895,2.6918210983276367,0.7397339901477833
femnist,topk,152,0.1,40422,404222,0.4332444251608104,80.28846153846153,0.5880281741802509,0.5029657264380442,0.994766374842626,1.7580530004544876,0.994766374842626,power,9.598394393920898,11.585987091064453,12.254486083984375,0.0019427340012043715,0.00013480055554324712,2.831296920776367,0.7032931034482759
femnist,topk,153,0.1,40422,404222,0.375023219906725,79.8076923076923,0.5823828257047213,0.4702010107306106,0.994766374842626,1.7580530004544876,0.994766374842626,power,9.584216117858887,11.134236335754395,11.373931884765625,0.0019107143161818385,0.00012776543716382235,2.729593276977539,0.7294975369458128
femnist,topk,154,0.1,40422,404222,0.3427895976719446,80.76923076923077,0.5807835872356708,0.46161328216341646,0.994766374842626,1.7580530004544876,0.994766374842626,power,9.594164848327637,11.107270240783691,11.254203796386719,0.0018953202525153756,0.00012420341909048476,2.6912922859191895,0.7398793103448276
femnist,topk,155,0.1,40422,404222,0.37929412533063445,80.28846153846153,0.5849534915043757,0.4992602312173065,0.994766374842626,1.7580530004544876,0.994766374842626,power,9.574788093566895,10.873533248901367,10.946514129638672,0.0018749999580904841,0.00012047900263494697,2.775759696960449,0.7173645320197044
femnist,topk,156,0.1,40422,404222,0.3262819929374382,82.45192307692308,0.5691863573514498,0.4740848417565552,0.994766374842626,1.7580530004544876,0.994766374842626,power,9.567913055419922,11.202376365661621,11.339627265930176,0.0018922414164990187,0.0001272540285054155,2.7313084602355957,0.729039408866995
femnist,topk,157,0.1,40422,404222,0.3576820187270641,80.76923076923077,0.557900648850661,0.4741025083152916,0.994766374842626,1.7580530004544876,0.994766374842626,power,9.60101318359375,11.30224323272705,11.671357154846191,0.0019408867228776217,0.00012411741364124892,2.7173995971679688,0.7327709359605912
femnist,topk,158,0.1,40422,404222,0.3758320326497778,80.76923076923077,0.5710767966050369,0.49227608767226216,0.994766374842626,1.7580530004544876,0.994766374842626,power,9.630657196044922,11.141972541809082,12.023948669433594,0.0019378078868612647,0.00013874392834755083,2.774197578430176,0.7177684729064039
femnist,topk,159,0.1,40422,404222,0.457067743735388,80.04807692307692,0.5876730405367337,0.5102846970000114,0.994766374842626,1.7580530004544876,0.994766374842626,power,9.559584617614746,11.10756778717041,11.559134483337402,0.001864532008767128,0.0001228275049703071,2.81465744972229,0.7074507389162562
femnist,topk,160,0.1,40422,404222,0.33724852548213674,81.25,0.5840655106764573,0.4641693689941676,0.994766374842626,1.7580530004544876,0.994766374842626,power,9.65320110321045,11.221565246582031,11.594505310058594,0.0019636698998510838,0.0001367855594712174,2.692260265350342,0.7396133004926109
femnist,topk,161,0.1,40422,404222,0.3777276995079592,81.49038461538461,0.5797378099881686,0.49706144796311846,0.994766374842626,1.7580530004544876,0.994766374842626,power,9.503314971923828,11.044757843017578,11.291559219360352,0.0019211822655051947,0.00011485606006587174,2.8068201541900635,0.7094261083743842
femnist,topk,162,0.1,40422,404222,0.3220228694879916,80.76923076923077,0.58325928908128,0.4791931760938223,0.994766374842626,1.7580530004544876,0.994766374842626,power,9.534283638000488,11.035462379455566,11.359939575195312,0.001838669995777309,0.00011763832425658386,2.7436647415161133,0.725756157635468
femnist,topk,163,0.1,40422,404222,0.3119079966237769,81.25,0.5806560516357422,0.4507815033301082,0.994766374842626,1.7580530004544876,0.994766374842626,power,9.574199676513672,11.34495735168457,11.499475479125977,0.0019211822655051947,0.00012501377817574597,2.6609439849853516,0.7483177339901478
femnist,topk,164,0.1,40422,404222,0.34978976870072076,81.49038461538461,0.5964558674738958,0.4963064406120938,0.994766374842626,1.7580530004544876,0.994766374842626,power,9.533819198608398,10.879743576049805,11.444747924804688,0.001956896623596549,0.00011805786760525275,2.8059921264648438,0.7096354679802955
femnist,topk,165,0.1,40422,404222,0.33968858669046315,82.21153846153847,0.5782909393310547,0.4852782815332885,0.994766374842626,1.7580530004544876,0.994766374842626,power,9.604145050048828,11.596961975097656,12.295576095581055,0.0019365763291716576,0.00012769767969771873,2.760707378387451,0.7212758620689655
femnist,topk,166,0.1,40422,404222,0.3333830803318415,82.45192307692308,0.5766184513385479,0.4744919034388396,0.994766374842626,1.7580530004544876,0.994766374842626,power,9.564493179321289,11.076525688171387,11.274234771728516,0.0019488916732370853,0.0001238856276520556,2.7439346313476562,0.7256847290640394
femnist,topk,167,0.1,40422,404222,0.3584937638090924,81.97115384615384,0.581395516028771,0.48578486599783083,0.994766374842626,1.7580530004544876,0.994766374842626,power,9.554020881652832,11.313162803649902,11.566309928894043,0.0019384236074984074,0.00012488044513548182,2.7588136196136475,0.7217709359605912
femnist,topk,168,0.1,40422,404222,0.2811002698587253,81.97115384615384,0.5757320477412298,0.46910236959230744,0.994766374842626,1.7580530004544876,0.994766374842626,power,9.620504379272461,11.162054061889648,11.293880462646484,0.001966133015230298,0.00012702403406430896,2.7173540592193604,0.7327832512315271
femnist,topk,169,0.1,40422,404222,0.3266761231422424,82.45192307692308,0.576281840984638,0.4697624666321028,0.994766374842626,1.7580530004544876,0.994766374842626,power,9.636666297912598,11.380163192749023,11.501437187194824,0.0019144088728353381,0.00013402144687519246,2.7351248264312744,0.7280221674876848
femnist,topk,170,0.1,40422,404222,0.39261022172868254,80.76923076923077,0.5664348969092736,0.5138390586397394,0.994766374842626,1.7580530004544876,0.994766374842626,power,9.580074310302734,11.072466850280762,11.406974792480469,0.0018940886948257685,0.0001222561604187527,2.846158742904663,0.6996206896551724
femnist,topk,171,0.1,40422,404222,0.3036764890444465,81.49038461538461,0.5812712082496057,0.48897092695237426,0.994766374842626,1.7580530004544876,0.994766374842626,power,9.560847282409668,11.128371238708496,11.383975982666016,0.00195566494949162,0.0001306304923832721,2.7794241905212402,0.7164187192118227
femnist,topk,172,0.1,40422,404222,0.3170235746679827,81.97115384615384,0.57510467676016,0.46993347489140236,0.994766374842626,1.7580530004544876,0.994766374842626,power,9.538983345031738,11.0589599609375,11.106515884399414,0.001893472857773304,0.00011774324844729518,2.7090678215026855,0.735024630541872
femnist,topk,173,0.1,40422,404222,0.4376543788425624,80.76923076923077,0.5962339914762057,0.5033594076416118,0.994766374842626,1.7580530004544876,0.994766374842626,power,9.597260475158691,11.041082382202148,11.8641996383667,0.001903940923511982,0.0001277089355709344,2.810577154159546,0.7084778325123152
femnist,topk,174,0.1,40422,404222,0.29427763374522325,80.52884615384616,0.5671061002291166,0.46863298532740555,0.994766374842626,1.7580530004544876,0.994766374842626,power,9.600852012634277,11.38891315460205,11.481619834899902,0.0019285713788121939,0.00013031593129196993,2.7151362895965576,0.7333817733990148
femnist,topk,175,0.1,40422,404222,0.29898861318826675,81.00961538461539,0.5717733456538274,0.46883330561948205,0.994766374842626,1.7580530004544876,0.994766374842626,power,9.642722129821777,11.33125114440918,11.62502670288086,0.0019199507078155875,0.00013161165678337604,2.7233498096466064,0.7311699507389162
femnist,topk,176,0.1,40422,404222,0.3387997927609831,81.49038461538461,0.5534459627591647,0.5005433875192224,0.994766374842626,1.7580530004544876,0.994766374842626,power,9.58694076538086,11.573711395263672,11.715664863586426,0.0019193349871784449,0.00012863897366531944,2.787416458129883,0.7143645320197044
femnist,topk,177,0.1,40422,404222,0.35534945482038893,81.97115384615384,0.5549120536217322,0.4857598777435985,0.994766374842626,1.7580530004544876,0.994766374842626,power,9.576797485351562,10.965051651000977,11.108694076538086,0.001976601080968976,0.0001248985039693886,2.7524735927581787,0.7234334975369459
femnist,topk,178,0.1,40422,404222,0.30691640502307566,81.97115384615384,0.5649236165560209,0.477456027073648,0.994766374842626,1.7580530004544876,0.994766374842626,power,9.548912048339844,10.873422622680664,11.162208557128906,0.0019094827584922314,0.00012276506147585137,2.732767343521118,0.7286502463054187
femnist,topk,179,0.1,40422,404222,0.3562793187657371,82.21153846153847,0.57143523142888,0.4916380224198888,0.994766374842626,1.7580530004544876,0.994766374842626,power,9.628575325012207,11.364995956420898,11.803593635559082,0.0019716748502105474,0.0001413829849700185,2.7902257442474365,0.7136453201970443
femnist,topk,180,0.1,40422,404222,0.29747658723965287,82.21153846153847,0.557311278123122,0.48438917972700796,0.994766374842626,1.7580530004544876,0.994766374842626,power,9.504271507263184,11.23190689086914,11.449958801269531,0.0018910098588094115,0.00011634539864344676,2.756978988647461,0.7222512315270936
femnist,topk,181,0.1,40422,404222,0.29409630899783223,81.97115384615384,0.5611915955176721,0.46314070383271344,0.994766374842626,1.7580530004544876,0.994766374842626,power,9.606589317321777,11.236723899841309,11.352530479431152,0.001961822621524334,0.00013727826963090613,2.7004618644714355,0.7373669950738916
femnist,topk,182,0.1,40422,404222,0.3548434817628004,82.21153846153847,0.5512084594139686,0.5029485934066823,0.994766374842626,1.7580530004544876,0.994766374842626,power,9.600017547607422,11.51919174194336,11.821221351623535,0.001934113330207765,0.0001312834281157159,2.822676658630371,0.7054408866995074
femnist,topk,183,0.1,40422,404222,0.2938497251062654,81.73076923076923,0.5505912120525653,0.4915897445932266,0.994766374842626,1.7580530004544876,0.994766374842626,power,9.514695167541504,11.023794174194336,11.29163646697998,0.0018793103517964482,0.00011488548173364501,2.757035493850708,0.7222364532019705
femnist,topk,184,0.1,40422,404222,0.3199986791051924,81.97115384615384,0.554845589857835,0.48189004390823315,0.994766374842626,1.7580530004544876,0.994766374842626,power,9.649194717407227,11.085054397583008,11.69460678100586,0.0019581280648708344,0.00013687544409186908,2.7558324337005615,0.722551724137931
femnist,topk,185,0.1,40422,404222,0.301898444602266,81.97115384615384,0.5565260373629056,0.4878430354979796,0.994766374842626,1.7580530004544876,0.994766374842626,power,9.55136775970459,11.08849048614502,11.224807739257812,0.0018706896807998419,0.00011798292484696565,2.7665646076202393,0.7197487684729064
femnist,topk,186,0.1,40422,404222,0.334594898733776,82.21153846153847,0.5569874323331393,0.48636156448619816,0.994766374842626,1.7580530004544876,0.994766374842626,power,9.557757377624512,11.143635749816895,11.80714225769043,0.0019291872158646584,0.0001243496651821227,2.761641025543213,0.7210320197044335
femnist,topk,187,0.1,40422,404222,0.28992458280874417,81.25,0.5595070765568659,0.4681405184345335,0.994766374842626,1.7580530004544876,0.994766374842626,power,9.625967979431152,10.952178001403809,11.570884704589844,0.0019113300368189812,0.00013127028566659087,2.69765043258667,0.7381354679802956
femnist,topk,188,0.1,40422,404222,0.3698509748710785,80.76923076923077,0.5612289355351374,0.4925690740124238,0.994766374842626,1.7580530004544876,0.994766374842626,power,9.572223663330078,10.983558654785156,11.125690460205078,0.0019033250864595175,0.00012123236691394829,2.7917771339416504,0.7132487684729064
femnist,topk,189,0.1,40422,404222,0.3049077462940477,80.52884615384616,0.575014774615948,0.49283388746721296,0.994766374842626,1.7580530004544876,0.994766374842626,power,9.563758850097656,11.291352272033691,11.538015365600586,0.0018725369591265917,0.0001237678779276921,2.7450714111328125,0.7253842364532019
femnist,topk,190,0.1,40422,404222,0.3814593852264806,81.73076923076923,0.5643682479858398,0.4730435095644192,0.994766374842626,1.7580530004544876,0.994766374842626,power,9.581893920898438,11.19466495513916,11.263494491577148,0.001946428557857871,0.00012403391821314255,2.7062292098999023,0.735795566502463
femnist,topk,191,0.1,40422,404222,0.32335345668951054,81.00961538461539,0.5880679717430701,0.49886475556901944,0.994766374842626,1.7580530004544876,0.994766374842626,power,9.54218578338623,11.24806022644043,11.589431762695312,0.0018756157951429486,0.0001218893656721839,2.792268753051758,0.7131231527093596
femnist,topk,192,0.1,40422,404222,0.30566751345992094,82.6923076923077,0.5688088490412786,0.4823701115496723,0.994766374842626,1.7580530004544876,0.994766374842626,power,9.636293411254883,11.573034286499023,12.023221969604492,0.0019168718717992306,0.0001374519857014135,2.7528014183044434,0.723347290640394
femnist,topk,193,0.1,40422,404222,0.28230975950136783,82.45192307692308,0.5691293936509353,0.4613721979310304,0.994766374842626,1.7580530004544876,0.994766374842626,power,9.570822715759277,11.136996269226074,11.688104629516602,0.0019094827584922314,0.00013348835748977725,2.6761295795440674,0.7440714285714286
femnist,topk,194,0.1,40422,404222,0.32658619303721936,81.49038461538461,0.5659397198603704,0.49284309617814515,0.994766374842626,1.7580530004544876,0.994766374842626,power,9.523443222045898,11.071815490722656,11.642990112304688,0.0018602217314764857,0.00011687645056998147,2.7674360275268555,0.7195221674876847
femnist,topk,195,0.1,40422,404222,0.29875294820638376,81.25,0.5769087718083308,0.48937706143031334,0.994766374842626,1.7580530004544876,0.994766374842626,power,9.573698997497559,11.07978343963623,11.560503005981445,0.0018879310227930546,0.00011986732287389384,2.77698016166687,0.7170492610837439
femnist,topk,196,0.1,40422,404222,0.2640397097123787,81.25,0.5726988132183368,0.46167106305318956,0.994766374842626,1.7580530004544876,0.994766374842626,power,9.525968551635742,11.001432418823242,11.468239784240723,0.0019082512008026242,0.00011380715686625476,2.681321859359741,0.7426305418719212
femnist,topk,197,0.1,40422,404222,0.2953379987971857,81.49038461538461,0.5748711365919846,0.4883904890203413,0.994766374842626,1.7580530004544876,0.994766374842626,power,9.535284042358398,11.410354614257812,12.440470695495605,0.0019279556581750512,0.00012068849885970659,2.7698633670806885,0.7188916256157636
femnist,topk,198,0.1,40422,404222,0.2636720104375854,81.25,0.5745562406686636,0.4796843586363469,0.994766374842626,1.7580530004544876,0.994766374842626,power,9.656774520874023,11.09200382232666,11.493843078613281,0.0019211822655051947,0.00013005099657907904,2.7392303943634033,0.7269310344827586
femnist,topk,199,0.1,40422,404222,0.270896521108225,82.21153846153847,0.5609579086303711,0.46693386260020625,0.994766374842626,1.7580530004544876,0.994766374842626,power,9.61494255065918,11.43097972869873,11.568394660949707,0.00195566494949162,0.00013060975932269064,2.707362174987793,0.735487684729064
femnist,topk,200,0.1,40422,404222,0.29031124364584676,82.9326923076923,0.5565283115093524,0.48857040918783934,0.994766374842626,1.7580530004544876,0.994766374842626,power,9.630995750427246,11.300189971923828,11.528146743774414,0.00195566494949162,0.00013361889771204636,2.8000152111053467,0.7111502463054187
femnist,randk,1,0.5,202111,404222,3.8671947312355046,8.653846153846153,3.916270916278546,0.4951140887524967,0.444871946608326,0.7862232583771513,0.444871946608326,power,9.541777610778809,11.075249671936035,11.332149505615234,0.001958743901923299,0.00012531692528405905,20.0,0.4978103448275862
femnist,randk,2,0.5,202111,404222,3.757676765918732,12.5,3.8339192317082333,0.4982249993200667,0.444871946608326,0.7862232583771513,0.444871946608326,power,9.624539375305176,11.30155086517334,11.715585708618164,0.0019322660518810153,0.00013388962388467235,20.0,0.4978103448275862
femnist,randk,3,0.5,202111,404222,3.724636933803558,13.461538461538462,3.764070070706881,0.49953322594779015,0.444871946608326,0.7862232583771513,0.444871946608326,power,9.603985786437988,11.163973808288574,11.393253326416016,0.001952586229890585,0.0001253046035979817,20.0,0.4978103448275862
femnist,randk,4,0.5,202111,404222,3.6263894414901743,17.067307692307693,3.695223881648137,0.4964723736528912,0.444871946608326,0.7862232583771513,0.444871946608326,power,9.540172576904297,11.039335250854492,11.687836647033691,0.0018786946311593056,0.00012072320769951152,20.0,0.4978103448275862
femnist,randk,5,0.5,202111,404222,3.5776175761222837,19.951923076923077,3.629396291879507,0.5081750805121452,0.444871946608326,0.7862232583771513,0.444871946608326,power,9.501672744750977,11.080425262451172,11.612977027893066,0.0018903941381722689,0.0001150992239297885,20.0,0.4978103448275862
femnist,randk,6,0.5,202111,404222,3.478732829093933,20.192307692307693,3.548657930814303,0.49841146334535047,0.444871946608326,0.7862232583771513,0.444871946608326,power,9.54854679107666,11.145903587341309,11.233724594116211,0.001907019759528339,0.0001187188284378158,20.0,0.4978103448275862
femnist,randk,7,0.5,202111,404222,3.4259138107299805,26.923076923076923,3.485332782451923,0.5009450451524395,0.444871946608326,0.7862232583771513,0.444871946608326,power,9.564292907714844,11.430359840393066,11.638169288635254,0.0018540640594437718,0.00012777055325566232,20.0,0.4978103448275862
femnist,randk,8,0.5,202111,404222,3.4051683068275453,24.278846153846153,3.4230387761042667,0.49919961029075643,0.444871946608326,0.7862232583771513,0.444871946608326,power,9.536127090454102,11.211645126342773,11.589025497436523,0.0018799260724335909,0.00011639980289423885,20.0,0.4978103448275862
femnist,randk,9,0.5,202111,404222,3.3486365687847135,25.721153846153847,3.328974797175481,0.5100143824247544,0.444871946608326,0.7862232583771513,0.444871946608326,power,9.603267669677734,11.088668823242188,11.461586952209473,0.0019014778081327677,0.00013177096095963318,20.0,0.4978103448275862
femnist,randk,10,0.5,202111,404222,3.2441474008560185,32.21153846153846,3.2526033841646633,0.4973815107838019,0.444871946608326,0.7862232583771513,0.444871946608326,power,9.618206024169922,11.281916618347168,11.51583194732666,0.0018245073733851314,0.00013039623308513953,20.0,0.4978103448275862
femnist,randk,11,0.5,202111,404222,3.2252444005012513,31.490384615384617,3.172117673433744,0.4967547490297788,0.444871946608326,0.7862232583771513,0.444871946608326,power,9.51711654663086,11.337385177612305,11.615252494812012,0.0019137931521981955,0.0001174067138869789,20.0,0.4978103448275862
femnist,randk,12,0.5,202111,404222,3.1157290434837344,30.528846153846153,3.0626613910381613,0.5018700817320053,0.444871946608326,0.7862232583771513,0.444871946608326,power,9.614585876464844,11.591941833496094,12.646610260009766,0.0018497536657378078,0.00013107850448389102,20.0,0.4978103448275862
femnist,randk,13,0.5,202111,404222,3.0748043382167816,32.93269230769231,2.9502493051382213,0.504697090027857,0.444871946608326,0.7862232583771513,0.444871946608326,power,9.634174346923828,10.98132038116455,11.28243637084961,0.001937192166224122,0.00013387579001383876,20.0,0.4978103448275862
femnist,randk,14,0.5,202111,404222,2.9939292907714843,36.29807692307692,2.8746766310471754,0.5117896177777002,0.444871946608326,0.7862232583771513,0.444871946608326,power,9.528141021728516,10.9013090133667,11.820788383483887,0.0018700738437473774,0.00011962610780745599,20.0,0.4978103448275862
femnist,randk,15,0.5,202111,404222,3.0127786517143247,39.18269230769231,2.8225473257211537,0.5031086441071734,0.444871946608326,0.7862232583771513,0.444871946608326,power,9.5989408493042,10.926944732666016,11.346940994262695,0.001881157630123198,0.00013045197305773258,20.0,0.4978103448275862
femnist,randk,16,0.5,202111,404222,2.8828681874275213,40.14423076923077,2.730776860163762,0.49827370691450285,0.444871946608326,0.7862232583771513,0.444871946608326,power,9.615078926086426,11.184353828430176,12.352170944213867,0.0019852216355502605,0.0001331690760557963,20.0,0.4978103448275862
femnist,randk,17,0.5,202111,404222,2.812357634305954,38.94230769230769,2.6501370943509617,0.49446008864452695,0.444871946608326,0.7862232583771513,0.444871946608326,power,9.500012397766113,10.962100982666016,12.480146408081055,0.0018380541587248445,0.00011507737344167205,20.0,0.4978103448275862
femnist,randk,18,0.5,202111,404222,2.6747955673933026,38.22115384615385,2.5539163442758412,0.49528417641078126,0.444871946608326,0.7862232583771513,0.444871946608326,power,9.57673454284668,11.512889862060547,11.988693237304688,0.0019014778081327677,0.00012798765699388508,20.0,0.4978103448275862
femnist,randk,19,0.5,202111,404222,2.660456156730652,41.34615384615385,2.465614025409405,0.4968728904703763,0.444871946608326,0.7862232583771513,0.444871946608326,power,9.543994903564453,10.983670234680176,11.294456481933594,0.0019014778081327677,0.00011524928900291084,20.0,0.4978103448275862
femnist,randk,20,0.5,202111,404222,2.7327437388896945,43.02884615384615,2.4187953655536356,0.49725960689249654,0.444871946608326,0.7862232583771513,0.444871946608326,power,9.579572677612305,10.987269401550293,11.271459579467773,0.0019273399375379086,0.00012385731248896643,20.0,0.4978103448275862
femnist,randk,21,0.5,202111,404222,2.589136053323746,44.47115384615385,2.3848037719726562,0.5027352465729077,0.444871946608326,0.7862232583771513,0.444871946608326,power,9.614943504333496,11.578479766845703,11.67485237121582,0.0019741379655897617,0.00013567771556803309,20.0,0.4978103448275862
femnist,randk,22,0.5,202111,404222,2.46782042324543,46.63461538461539,2.290745368370643,0.5026556180101754,0.444871946608326,0.7862232583771513,0.444871946608326,power,9.54631519317627,11.489209175109863,11.762605667114258,0.0019273399375379086,0.00011726155895525418,20.0,0.4978103448275862
femnist,randk,23,0.5,202111,404222,2.39527223944664,45.91346153846154,2.2301964393028846,0.4965541012152178,0.444871946608326,0.7862232583771513,0.444871946608326,power,9.518588066101074,11.118279457092285,11.73685073852539,0.0018953202525153756,0.00011529927048599736,20.0,0.4978103448275862
femnist,randk,24,0.5,202111,404222,2.4204776954650877,48.55769230769231,2.14677986731896,0.49860247502029764,0.444871946608326,0.7862232583771513,0.444871946608326,power,9.604118347167969,11.686033248901367,12.024240493774414,0.001926724100485444,0.0001320294876678766,20.0,0.4978103448275862
femnist,randk,25,0.5,202111,404222,2.411943946480751,48.07692307692308,2.1130621983454776,0.5032548147486366,0.444871946608326,0.7862232583771513,0.444871946608326,power,9.554177284240723,10.759679794311523,11.317493438720703,0.001934113330207765,0.0001244160481843835,20.0,0.4978103448275862
femnist,randk,26,0.5,202111,404222,2.2370326882600784,51.92307692307692,2.057871305025541,0.4988254967854261,0.444871946608326,0.7862232583771513,0.444871946608326,power,9.52208423614502,10.830984115600586,11.232830047607422,0.0018947044154629111,0.00011605898759482129,20.0,0.4978103448275862
femnist,randk,27,0.5,202111,404222,2.199149008691311,52.16346153846154,2.011167819683368,0.5079880488867251,0.444871946608326,0.7862232583771513,0.444871946608326,power,9.624746322631836,11.144015312194824,12.104625701904297,0.0019347290508449078,0.00013616447687198413,20.0,0.4978103448275862
femnist,randk,28,0.5,202111,404222,2.071813271641731,55.76923076923077,1.907185774583083,0.5076225276473149,0.444871946608326,0.7862232583771513,0.444871946608326,power,9.589648246765137,10.818358421325684,11.50566577911377,0.0019415024435147643,0.00012737832677610787,20.0,0.4978103448275862
femnist,randk,29,0.5,202111,404222,2.06728866815567,56.49038461538461,1.869951688326322,0.49749330535472247,0.444871946608326,0.7862232583771513,0.444871946608326,power,9.649045944213867,11.517399787902832,11.684452056884766,0.0019415024435147643,0.00013511607806010594,20.0,0.4978103448275862
femnist,randk,30,0.5,202111,404222,2.0941356396675115,58.17307692307692,1.8156035496638372,0.5037918151343053,0.444871946608326,0.7862232583771513,0.444871946608326,power,9.59199333190918,10.924450874328613,11.258949279785156,0.0018423645524308085,0.00011919759650556871,20.0,0.4978103448275862
femnist,randk,31,0.5,202111,404222,1.8338112452626227,60.33653846153846,1.728257105900691,0.5001691205073723,0.444871946608326,0.7862232583771513,0.444871946608326,power,9.633241653442383,10.959456443786621,11.292520523071289,0.0018983989721164107,0.0001274715182196055,20.0,0.4978103448275862
femnist,randk,32,0.5,202111,404222,1.9422651547193528,60.33653846153846,1.6886640695425181,0.49946034500264797,0.444871946608326,0.7862232583771513,0.444871946608326,power,9.512290954589844,10.839101791381836,11.177831649780273,0.0019045566441491246,0.00011446255305069482,20.0,0.4978103448275862
femnist,randk,33,0.5,202111,404222,1.7859097329527143,62.25961538461539,1.6447052588829627,0.5019027821755132,0.444871946608326,0.7862232583771513,0.444871946608326,power,9.53685474395752,11.140701293945312,11.479815483093262,0.0018528325017541647,0.00011664826896575017,20.0,0.4978103448275862
femnist,randk,34,0.5,202111,404222,1.7316547366976736,62.98076923076923,1.5812985346867487,0.5023040099368543,0.444871946608326,0.7862232583771513,0.444871946608326,power,9.580334663391113,11.402873039245605,11.972076416015625,0.0019685961306095123,0.00013280514341612465,20.0,0.4978103448275862
femnist,randk,35,0.5,202111,404222,1.6833109947293998,62.98076923076923,1.545766096848708,0.5079370463858225,0.444871946608326,0.7862232583771513,0.444871946608326,power,9.604515075683594,11.53403091430664,12.179826736450195,0.001903940923511982,0.0001316688081919349,20.0,0.4978103448275862
femnist,randk,36,0.5,202111,404222,1.6254835689254103,63.22115384615385,1.5336993290827825,0.5070169628588529,0.444871946608326,0.7862232583771513,0.444871946608326,power,9.6414213180542,11.331031799316406,12.08763313293457,0.0019076354801654816,0.0001339272855870197,20.0,0.4978103448275862
femnist,randk,37,0.5,202111,404222,1.5399020792171358,64.90384615384616,1.488855948814979,0.4932870234982064,0.444871946608326,0.7862232583771513,0.444871946608326,power,9.61669921875,10.859539031982422,11.693178176879883,0.0019285713788121939,0.00013212968945489957,20.0,0.4978103448275862
femnist,randk,38,0.5,202111,404222,1.5667541409702974,64.90384615384616,1.4416060814490685,0.4961875661343262,0.444871946608326,0.7862232583771513,0.444871946608326,power,9.592618942260742,11.035408973693848,11.407726287841797,0.001887315302155912,0.00012352880902133498,20.0,0.4978103448275862
femnist,randk,39,0.5,202111,404222,1.5640360062569378,64.90384615384616,1.4163184532752404,0.4928604550914102,0.444871946608326,0.7862232583771513,0.444871946608326,power,9.553773880004883,11.392558097839355,11.470218658447266,0.0019187192665413022,0.00012307319825018978,20.0,0.4978103448275862
femnist,randk,40,0.5,202111,404222,1.4718108754232526,65.86538461538461,1.3877479846660907,0.505467332137862,0.444871946608326,0.7862232583771513,0.444871946608326,power,9.575876235961914,11.180275917053223,12.005258560180664,0.001849137945100665,0.00012009688809929667,20.0,0.4978103448275862
femnist,randk,41,0.5,202111,404222,1.516907977294177,66.10576923076923,1.3575812119704027,0.49786302339633215,0.444871946608326,0.7862232583771513,0.444871946608326,power,9.55192756652832,10.929841041564941,12.008733749389648,0.0018786946311593056,0.0001228817663130741,20.0,0.4978103448275862
femnist,randk,42,0.5,202111,404222,1.4372406942211091,64.66346153846153,1.3321195749136119,0.5005916849543242,0.444871946608326,0.7862232583771513,0.444871946608326,power,9.549484252929688,11.189724922180176,11.410937309265137,0.0019002462504431605,0.00012437402091208027,20.0,0.4978103448275862
femnist,randk,43,0.5,202111,404222,1.3061125101335347,65.625,1.296056600717398,0.48961853249960763,0.444871946608326,0.7862232583771513,0.444871946608326,power,9.545257568359375,11.326220512390137,11.751199722290039,0.0018657635664567351,0.00012095699175732897,20.0,0.4978103448275862
femnist,randk,44,0.5,202111,404222,1.4633956360630689,67.3076923076923,1.271037615262545,0.5049361861842365,0.444871946608326,0.7862232583771513,0.444871946608326,power,9.61274528503418,11.408738136291504,12.656982421875,0.0019199507078155875,0.00013291649635168316,20.0,0.4978103448275862
femnist,randk,45,0.5,202111,404222,1.4017699552141127,67.3076923076923,1.2607389596792369,0.504751633289195,0.444871946608326,0.7862232583771513,0.444871946608326,power,9.5505952835083,11.14189338684082,11.37830924987793,0.0019181034294888377,0.00012395732142806803,20.0,0.4978103448275862
femnist,randk,46,0.5,202111,404222,1.3250230742245912,67.78846153846153,1.2391598041240985,0.49854163864404555,0.444871946608326,0.7862232583771513,0.444871946608326,power,9.595714569091797,11.028495788574219,11.224031448364258,0.0019291872158646584,0.00012636836460388148,20.0,0.4978103448275862
femnist,randk,47,0.5,202111,404222,1.2238717772904786,67.3076923076923,1.2081055274376502,0.5050388520219679,0.444871946608326,0.7862232583771513,0.444871946608326,power,9.601907730102539,11.248299598693848,11.540112495422363,0.0019107143161818385,0.00012720443701554193,20.0,0.4978103448275862
femnist,randk,48,0.5,202111,404222,1.2039481350407004,68.02884615384616,1.1891209528996394,0.5046483468435073,0.444871946608326,0.7862232583771513,0.444871946608326,power,9.591455459594727,10.967696189880371,11.09061050415039,0.0019507389515638351,0.0001258551390479655,20.0,0.4978103448275862
femnist,randk,49,0.5,202111,404222,1.2189164004102349,69.95192307692308,1.142914918752817,0.4952900745582638,0.444871946608326,0.7862232583771513,0.444871946608326,power,9.670530319213867,11.368585586547852,11.790016174316406,0.0019802956376224756,0.00013762769419393546,20.0,0.4978103448275862
femnist,randk,50,0.5,202111,404222,1.2042900910973546,69.95192307692308,1.1271268404447115,0.5054924694557245,0.444871946608326,0.7862232583771513,0.444871946608326,power,9.633373260498047,11.651872634887695,12.181306838989258,0.001920566544868052,0.00013039171332876877,20.0,0.4978103448275862
femnist,randk,51,0.5,202111,404222,1.1751143799186685,70.4326923076923,1.1122497411874623,0.4952297464800992,0.444871946608326,0.7862232583771513,0.444871946608326,power,9.580168724060059,11.249908447265625,11.42199993133545,0.0019156404305249453,0.000128904842078529,20.0,0.4978103448275862
femnist,randk,52,0.5,202111,404222,1.1785716619901359,72.83653846153847,1.0956015953650842,0.5030496117646286,0.444871946608326,0.7862232583771513,0.444871946608326,power,9.514907836914062,11.190631866455078,12.131820678710938,0.0018577586160972714,0.00011791756567724774,20.0,0.4978103448275862
femnist,randk,53,0.5,202111,404222,1.055889841914177,72.59615384615384,1.075838382427509,0.5011123212138937,0.444871946608326,0.7862232583771513,0.444871946608326,power,9.634844779968262,11.28471851348877,11.473908424377441,0.0019759852439165115,0.00013470032694699817,20.0,0.4978103448275862
femnist,randk,54,0.5,202111,404222,1.0932639034837481,72.11538461538461,1.0555252662071815,0.48714719433432957,0.444871946608326,0.7862232583771513,0.444871946608326,power,9.50804328918457,11.090132713317871,11.285103797912598,0.0018485222244635224,0.00011071098118062381,20.0,0.4978103448275862
femnist,randk,55,0.5,202111,404222,1.0208292148774487,72.11538461538461,1.0348413907564604,0.49389148169355207,0.444871946608326,0.7862232583771513,0.444871946608326,power,9.570859909057617,10.987162590026855,11.71015739440918,0.0019020936451852322,0.00012055146487610924,20.0,0.4978103448275862
femnist,randk,56,0.5,202111,404222,1.0944702473375947,73.5576923076923,1.022263526916504,0.4882905165842525,0.444871946608326,0.7862232583771513,0.444871946608326,power,9.549332618713379,10.882561683654785,11.376982688903809,0.0018700738437473774,0.00011957445639050973,20.0,0.4978103448275862
femnist,randk,57,0.5,202111,404222,1.1133336819615214,73.07692307692308,1.014678955078125,0.5135676311722663,0.444871946608326,0.7862232583771513,0.444871946608326,power,9.584720611572266,11.209227561950684,11.9486083984375,0.0019236452644690871,0.0001250040842145706,20.0,0.4978103448275862
femnist,randk,58,0.5,202111,404222,1.0203850570879875,73.5576923076923,1.0014646970308745,0.4948434179418314,0.444871946608326,0.7862232583771513,0.444871946608326,power,9.530594825744629,10.93028450012207,11.113874435424805,0.0019113300368189812,0.00011994327117632654,20.0,0.4978103448275862
femnist,randk,59,0.5,202111,404222,1.0734750214242375,73.3173076923077,0.9877163813664362,0.5150803682364057,0.444871946608326,0.7862232583771513,0.444871946608326,power,9.559730529785156,11.095008850097656,11.938223838806152,0.001868842402473092,0.00012645446513707482,20.0,0.4978103448275862
femnist,randk,60,0.5,202111,404222,1.0368451905064284,72.11538461538461,0.9891886344322791,0.4864545443104677,0.444871946608326,0.7862232583771513,0.444871946608326,power,9.567840576171875,10.995946884155273,11.649829864501953,0.0018879310227930546,0.00012243593409501537,20.0,0.4978103448275862
femnist,randk,61,0.5,202111,404222,0.8885904978774489,74.03846153846153,0.9663526094876803,0.48223686855481107,0.444871946608326,0.7862232583771513,0.444871946608326,power,9.57639217376709,11.119349479675293,11.597517013549805,0.0019261083798483014,0.00012727268727099307,20.0,0.4978103448275862
femnist,randk,62,0.5,202111,404222,1.1217655307054522,73.79807692307692,0.9549673520601712,0.5093222526387639,0.444871946608326,0.7862232583771513,0.444871946608326,power,9.603822708129883,11.406734466552734,11.978751182556152,0.0019384236074984074,0.00013802124506294436,20.0,0.4978103448275862
femnist,randk,63,0.5,202111,404222,1.0650899579236284,73.5576923076923,0.9575430796696589,0.5069153071985465,0.444871946608326,0.7862232583771513,0.444871946608326,power,9.566596031188965,11.352202415466309,11.889734268188477,0.0019365763291716576,0.00012610525571787358,20.0,0.4978103448275862
femnist,randk,64,0.5,202111,404222,0.9198817327059805,75.0,0.9448524621816782,0.522950280965934,0.444871946608326,0.7862232583771513,0.444871946608326,power,9.539040565490723,11.11499309539795,11.91114330291748,0.001900862087495625,0.00012282888814122559,20.0,0.4978103448275862
femnist,randk,65,0.5,202111,404222,1.0199973453208804,73.79807692307692,0.9320319249079778,0.5059072778652621,0.444871946608326,0.7862232583771513,0.444871946608326,power,9.585330963134766,11.047945022583008,11.63509464263916,0.0018756157951429486,0.00012962521782659478,20.0,0.4978103448275862
femnist,randk,66,0.5,202111,404222,0.8915440529678017,75.24038461538461,0.9312368539663461,0.4801697570659593,0.444871946608326,0.7862232583771513,0.444871946608326,power,9.576552391052246,11.39209270477295,12.164687156677246,0.001900862087495625,0.00013030906513538705,20.0,0.4978103448275862
femnist,randk,67,0.5,202111,404222,0.8691308874404056,75.96153846153847,0.9169795696551983,0.5066716824696303,0.444871946608326,0.7862232583771513,0.444871946608326,power,9.61237907409668,11.1087064743042,12.569518089294434,0.0019150245934724808,0.0001337080603606021,20.0,0.4978103448275862
femnist,randk,68,0.5,202111,404222,0.9548389511741698,75.48076923076923,0.8937652294452374,0.5072476940210197,0.444871946608326,0.7862232583771513,0.444871946608326,power,9.606236457824707,11.033090591430664,12.031554222106934,0.0019433497218415141,0.00013026467691773093,20.0,0.4978103448275862
femnist,randk,69,0.5,202111,404222,1.0019629141350745,75.96153846153847,0.8848166832557092,0.5148371175043287,0.444871946608326,0.7862232583771513,0.444871946608326,power,9.520342826843262,11.251745223999023,11.802325248718262,0.0019181034294888377,0.00011879783322868986,20.0,0.4978103448275862
femnist,randk,70,0.5,202111,404222,0.8860440092533827,74.75961538461539,0.8807389185978816,0.48000809026438496,0.444871946608326,0.7862232583771513,0.444871946608326,power,9.531426429748535,10.74182415008545,11.111565589904785,0.0019396551651880145,0.00011647797606676463,20.0,0.4978103448275862
femnist,randk,71,0.5,202111,404222,0.860830474831164,76.20192307692308,0.8711407734797552,0.5103260829464229,0.444871946608326,0.7862232583771513,0.444871946608326,power,9.574718475341797,11.046378135681152,11.662397384643555,0.001867610844783485,0.0001196933189898273,20.0,0.4978103448275862
femnist,randk,72,0.5,202111,404222,0.8405980479437858,76.92307692307692,0.8655184965867263,0.5208974369898187,0.444871946608326,0.7862232583771513,0.444871946608326,power,9.664375305175781,11.397825241088867,12.040422439575195,0.001917487708851695,0.0001398391183920224,20.0,0.4978103448275862
femnist,randk,73,0.5,202111,404222,0.8048319495655596,75.24038461538461,0.8735281870915339,0.48590077999944936,0.444871946608326,0.7862232583771513,0.444871946608326,power,9.597129821777344,11.188382148742676,11.671614646911621,0.0018959359731525183,0.0001259808362798234,20.0,0.4978103448275862
femnist,randk,74,0.5,202111,404222,0.9212816582806409,75.96153846153847,0.8596367469200721,0.4929023471323307,0.444871946608326,0.7862232583771513,0.444871946608326,power,9.627284049987793,11.378852844238281,11.4432954788208,0.0019636698998510838,0.0001371875513385155,20.0,0.4978103448275862
femnist,randk,75,0.5,202111,404222,0.7938075727969408,75.72115384615384,0.8395051956176758,0.4948891907384363,0.444871946608326,0.7862232583771513,0.444871946608326,power,9.568989753723145,11.257447242736816,11.76423168182373,0.0019094827584922314,0.0001258413796500511,20.0,0.4978103448275862
femnist,randk,76,0.5,202111,404222,0.8367006715759635,75.0,0.8436368795541617,0.49946353362194407,0.444871946608326,0.7862232583771513,0.444871946608326,power,9.51383113861084,10.972579956054688,11.471149444580078,0.0019033250864595175,0.0001225334605531828,20.0,0.4978103448275862
femnist,randk,77,0.5,202111,404222,0.8143332597520201,75.24038461538461,0.8401377751277044,0.49164248406600386,0.444871946608326,0.7862232583771513,0.444871946608326,power,9.66225528717041,11.334330558776855,11.979650497436523,0.002005541929975152,0.00014453483214670406,20.0,0.4978103448275862
femnist,randk,78,0.5,202111,404222,0.757566142231226,76.92307692307692,0.8314563311063327,0.49094860896510395,0.444871946608326,0.7862232583771513,0.444871946608326,power,9.616623878479004,11.250547409057617,12.239810943603516,0.0018848521867766976,0.00012643510778534715,20.0,0.4978103448275862
femnist,randk,79,0.5,202111,404222,0.7328988341521472,76.4423076923077,0.8262495627770057,0.49484743432870976,0.444871946608326,0.7862232583771513,0.444871946608326,power,9.595708847045898,11.053289413452148,12.041996002197266,0.0019519703928381205,0.0001297462436626414,20.0,0.4978103448275862
femnist,randk,80,0.5,202111,404222,0.9453210885450245,75.72115384615384,0.8198888485248272,0.49178889261323133,0.444871946608326,0.7862232583771513,0.444871946608326,power,9.51404094696045,11.078861236572266,11.409639358520508,0.001841748715378344,0.0001153953153724554,20.0,0.4978103448275862
femnist,randk,81,0.5,202111,404222,0.8187133150547743,76.4423076923077,0.8205604553222656,0.4971867897086305,0.444871946608326,0.7862232583771513,0.444871946608326,power,9.538955688476562,11.01497745513916,11.596212387084961,0.0018786946311593056,0.00011706537020303773,20.0,0.4978103448275862
femnist,randk,82,0.5,202111,404222,0.7327366644889116,77.40384615384616,0.8125079228327825,0.49735921411540823,0.444871946608326,0.7862232583771513,0.444871946608326,power,9.636598587036133,11.22400951385498,11.409368515014648,0.0019685961306095123,0.0001314620523976223,20.0,0.4978103448275862
femnist,randk,83,0.5,202111,404222,0.7607715199608356,77.88461538461539,0.8069705963134766,0.4926261796919073,0.444871946608326,0.7862232583771513,0.444871946608326,power,9.565781593322754,11.00871467590332,11.348223686218262,0.0019304187735542655,0.00012617857132896708,20.0,0.4978103448275862
femnist,randk,84,0.5,202111,404222,0.706511186165735,78.36538461538461,0.7824010115403396,0.5113641603272356,0.444871946608326,0.7862232583771513,0.444871946608326,power,9.630083084106445,11.053760528564453,11.574453353881836,0.001932881772518158,0.00013474255688578285,20.0,0.4978103448275862
femnist,randk,85,0.5,202111,404222,0.7041253399150447,77.40384615384616,0.7703903638399564,0.5031252123780943,0.444871946608326,0.7862232583771513,0.444871946608326,power,9.641324996948242,10.853555679321289,11.210050582885742,0.0019612067844718695,0.0001359916871590392,20.0,0.4978103448275862
femnist,randk,86,0.5,202111,404222,0.7167253679130225,76.20192307692308,0.7798146467942458,0.4960039484459588,0.444871946608326,0.7862232583771513,0.444871946608326,power,9.697486877441406,11.44780445098877,11.97536563873291,0.0019236452644690871,0.00014589919439859123,20.0,0.4978103448275862
femnist,randk,87,0.5,202111,404222,0.7757667910214514,76.20192307692308,0.7916764479417068,0.5114471251234867,0.444871946608326,0.7862232583771513,0.444871946608326,power,9.562936782836914,11.082697868347168,11.284714698791504,0.001903940923511982,0.00011975330965112522,20.0,0.4978103448275862
femnist,randk,88,0.5,202111,404222,0.7564639677759261,76.6826923076923,0.7969854795015775,0.5027967875459753,0.444871946608326,0.7862232583771513,0.444871946608326,power,9.60776424407959,10.89645004272461,10.973684310913086,0.0019390394445508718,0.00012436593509954313,20.0,0.4978103448275862
femnist,randk,89,0.5,202111,404222,0.6888502856623381,76.4423076923077,0.7941021552452674,0.4970058309034876,0.444871946608326,0.7862232583771513,0.444871946608326,power,9.498238563537598,10.694134712219238,10.767535209655762,0.0019365763291716576,0.00011099268040257568,20.0,0.4978103448275862
femnist,randk,90,0.5,202111,404222,0.6909654744702858,77.16346153846153,0.7764308636005108,0.49771475023002926,0.444871946608326,0.7862232583771513,0.444871946608326,power,9.553231239318848,10.884673118591309,11.167032241821289,0.0018786946311593056,0.00012258401244725174,20.0,0.4978103448275862
femnist,randk,91,0.5,202111,404222,0.6552752872090787,77.64423076923077,0.771245369544396,0.5038241022051182,0.444871946608326,0.7862232583771513,0.444871946608326,power,9.511301040649414,10.965599060058594,11.715957641601562,0.0018331280443817377,0.00011741818697767723,20.0,0.4978103448275862
femnist,randk,92,0.5,202111,404222,0.7855284644290805,78.36538461538461,0.7676596274742713,0.5042169852829843,0.444871946608326,0.7862232583771513,0.444871946608326,power,9.519872665405273,11.085206031799316,11.469888687133789,0.0019513546722009778,0.00012108047567331946,20.0,0.4978103448275862
femnist,randk,93,0.5,202111,404222,0.6806606205599381,76.6826923076923,0.7607801143939679,0.5111409108734207,0.444871946608326,0.7862232583771513,0.444871946608326,power,9.610627174377441,11.34447193145752,11.860313415527344,0.0019944580271840096,0.00012873347786102185,20.0,0.4978103448275862
femnist,randk,94,0.5,202111,404222,0.7698367081629113,76.6826923076923,0.7706232804518479,0.4904126688330236,0.444871946608326,0.7862232583771513,0.444871946608326,power,9.587767601013184,11.009015083312988,11.395716667175293,0.0019285713788121939,0.00011697742770637755,20.0,0.4978103448275862
femnist,randk,95,0.5,202111,404222,0.6539995109569282,76.92307692307692,0.7632985481849084,0.4954797138066812,0.444871946608326,0.7862232583771513,0.444871946608326,power,9.657066345214844,11.781899452209473,11.816853523254395,0.001878078794106841,0.0001382245377708361,20.0,0.4978103448275862
femnist,randk,96,0.5,202111,404222,0.6344050972070544,77.88461538461539,0.7606277465820312,0.5007825370014165,0.444871946608326,0.7862232583771513,0.444871946608326,power,9.579496383666992,10.911087036132812,11.38267993927002,0.001929802936501801,0.00012820490098757058,20.0,0.4978103448275862
femnist,randk,97,0.5,202111,404222,0.6206800309149548,77.64423076923077,0.7512077918419471,0.5008131665748348,0.444871946608326,0.7862232583771513,0.444871946608326,power,9.600505828857422,11.430222511291504,11.679616928100586,0.0018860837444663048,0.00013007867865149906,20.0,0.4978103448275862
femnist,randk,98,0.5,202111,404222,0.6388681315165013,77.88461538461539,0.7298276607806866,0.5050194309750264,0.444871946608326,0.7862232583771513,0.444871946608326,power,9.626215934753418,11.133996963500977,11.93104362487793,0.0019649015739560127,0.0001379198738835412,20.0,0.4978103448275862
femnist,randk,99,0.5,202111,404222,0.7073984471661969,78.36538461538461,0.7211521588839017,0.513185062247951,0.444871946608326,0.7862232583771513,0.444871946608326,power,9.550684928894043,10.904767036437988,11.040403366088867,0.001878078794106841,0.0001195036000067199,20.0,0.4978103448275862
femnist,randk,100,0.5,202111,404222,0.615117818079889,77.88461538461539,0.7271001522357647,0.4972275891675416,0.444871946608326,0.7862232583771513,0.444871946608326,power,9.598156929016113,11.602189064025879,11.935718536376953,0.0019137931521981955,0.00013508762525797077,20.0,0.4978103448275862
femnist,randk,101,0.5,202111,404222,0.6794775407295673,77.88461538461539,0.7198435710026667,0.5027719197175402,0.444871946608326,0.7862232583771513,0.444871946608326,power,9.631980895996094,11.414767265319824,11.921163558959961,0.0019975369796156883,0.00013488850966577603,20.0,0.4978103448275862
femnist,randk,102,0.5,202111,404222,0.6004346743971108,78.36538461538461,0.7091247118436373,0.506801105066235,0.444871946608326,0.7862232583771513,0.444871946608326,power,9.639193534851074,11.26795482635498,11.536752700805664,0.0018983989721164107,0.000132953522746063,20.0,0.4978103448275862
femnist,randk,103,0.5,202111,404222,0.6416758540226147,78.36538461538461,0.7022016965425931,0.49099148643036195,0.444871946608326,0.7862232583771513,0.444871946608326,power,9.574127197265625,10.961204528808594,12.177038192749023,0.001867610844783485,0.00012114967791596349,20.0,0.4978103448275862
femnist,randk,104,0.5,202111,404222,0.6394734139100183,78.125,0.6957631477942834,0.5056245285289942,0.444871946608326,0.7862232583771513,0.444871946608326,power,9.542978286743164,10.999110221862793,11.992300987243652,0.0018885467434301972,0.00012159987957723802,20.0,0.4978103448275862
femnist,randk,105,0.5,202111,404222,0.6260377341974527,78.60576923076923,0.683777222266564,0.4948487824130948,0.444871946608326,0.7862232583771513,0.444871946608326,power,9.652603149414062,11.083700180053711,11.269088745117188,0.002019704319536686,0.0001389066456744617,20.0,0.4978103448275862
femnist,randk,106,0.5,202111,404222,0.6038835858972743,79.32692307692308,0.6868000764113206,0.5034847111068335,0.444871946608326,0.7862232583771513,0.444871946608326,power,9.573808670043945,11.434502601623535,11.533390045166016,0.0019365763291716576,0.00012860017508540297,20.0,0.4978103448275862
femnist,randk,107,0.5,202111,404222,0.6599478149833158,78.60576923076923,0.7019413434542142,0.5003421282466946,0.444871946608326,0.7862232583771513,0.444871946608326,power,9.627518653869629,11.157271385192871,11.226947784423828,0.001934113330207765,0.00013692377939112627,20.0,0.4978103448275862
femnist,randk,108,0.5,202111,404222,0.5429783042799682,79.5673076923077,0.6892861586350661,0.5105720169722132,0.444871946608326,0.7862232583771513,0.444871946608326,power,9.534842491149902,11.060317993164062,11.487480163574219,0.0018891625804826617,0.00011798263853530153,20.0,0.4978103448275862
femnist,randk,109,0.5,202111,404222,0.5374639186589049,78.36538461538461,0.692809324998122,0.503183186071853,0.444871946608326,0.7862232583771513,0.444871946608326,power,9.60899829864502,10.996371269226074,11.271472930908203,0.0019119457574561238,0.0001261572467796781,20.0,0.4978103448275862
femnist,randk,110,0.5,202111,404222,0.6670997604867444,79.08653846153847,0.6909895676832932,0.4851898777784667,0.444871946608326,0.7862232583771513,0.444871946608326,power,9.54985523223877,11.227410316467285,11.60825252532959,0.0018749999580904841,0.0001232475347593172,20.0,0.4978103448275862
femnist,randk,111,0.5,202111,404222,0.5708639697125182,78.84615384615384,0.69293579688439,0.5046481987243349,0.444871946608326,0.7862232583771513,0.444871946608326,power,9.535783767700195,10.928750038146973,11.887643814086914,0.0018971675308421254,0.00011965971248024212,20.0,0.4978103448275862
femnist,randk,112,0.5,202111,404222,0.5740170165989548,78.84615384615384,0.6889869983379657,0.5051030110124245,0.444871946608326,0.7862232583771513,0.444871946608326,power,9.604426383972168,10.874382019042969,11.156067848205566,0.002005541929975152,0.0001278487716771942,20.0,0.4978103448275862
femnist,randk,113,0.5,202111,404222,0.5651035380456596,79.32692307692308,0.6821824587308444,0.5149803278018243,0.444871946608326,0.7862232583771513,0.444871946608326,power,9.611388206481934,11.114540100097656,11.373305320739746,0.0019027093658223748,0.00012867923008446903,20.0,0.4978103448275862
femnist,randk,114,0.5,202111,404222,0.5941723171412013,77.64423076923077,0.6902942657470703,0.5009635676046216,0.444871946608326,0.7862232583771513,0.444871946608326,power,9.599252700805664,10.8704252243042,11.266927719116211,0.0019735221285372972,0.00012957714252040384,20.0,0.4978103448275862
femnist,randk,115,0.5,202111,404222,0.5366962836077438,76.92307692307692,0.6926482273982122,0.5026498197522435,0.444871946608326,0.7862232583771513,0.444871946608326,power,9.576029777526855,11.077910423278809,12.106966018676758,0.001958743901923299,0.00012772176416508198,20.0,0.4978103448275862
femnist,randk,116,0.5,202111,404222,0.5834309278707953,77.88461538461539,0.6929487815270057,0.5002075218708966,0.444871946608326,0.7862232583771513,0.444871946608326,power,9.645806312561035,11.376309394836426,11.881969451904297,0.001920566544868052,0.00013611911021939053,20.0,0.4978103448275862
femnist,randk,117,0.5,202111,404222,0.5798960962798446,77.16346153846153,0.6878205812894381,0.4966616689764298,0.444871946608326,0.7862232583771513,0.444871946608326,power,9.65114974975586,11.18134593963623,11.334256172180176,0.0019347290508449078,0.00013490155950897674,20.0,0.4978103448275862
femnist,randk,118,0.5,202111,404222,0.5403689462086185,78.84615384615384,0.6801057962270883,0.49915715995725146,0.444871946608326,0.7862232583771513,0.444871946608326,power,9.559518814086914,11.135581970214844,11.78616714477539,0.001903940923511982,0.00012349319488102526,20.0,0.4978103448275862
femnist,randk,119,0.5,202111,404222,0.6140882109617813,79.5673076923077,0.6670693617600661,0.5023567914158071,0.444871946608326,0.7862232583771513,0.444871946608326,power,9.640562057495117,11.06369686126709,11.529077529907227,0.0019655171781778336,0.00013727805159789385,20.0,0.4978103448275862
femnist,randk,120,0.5,202111,404222,0.529670161481481,79.32692307692308,0.6740561265211839,0.49416071850500887,0.444871946608326,0.7862232583771513,0.444871946608326,power,9.619597434997559,11.414645195007324,11.625129699707031,0.0019987684208899736,0.00013489278278485222,20.0,0.4978103448275862
femnist,randk,121,0.5,202111,404222,0.5176835741102696,78.60576923076923,0.6793085244985727,0.5010188829987793,0.444871946608326,0.7862232583771513,0.444871946608326,power,9.597185134887695,11.084529876708984,11.801438331604004,0.0019938424229621887,0.00013175378082160182,20.0,0.4978103448275862
femnist,randk,122,0.5,202111,404222,0.5923911841982046,79.32692307692308,0.671398823077862,0.49775039668313237,0.444871946608326,0.7862232583771513,0.444871946608326,power,9.594260215759277,10.907551765441895,11.013897895812988,0.0019944580271840096,0.00012464497231017563,20.0,0.4978103448275862
femnist,randk,123,0.5,202111,404222,0.5401213512988761,77.40384615384616,0.6708488464355469,0.505710398544559,0.444871946608326,0.7862232583771513,0.444871946608326,power,9.508959770202637,10.964369773864746,11.862655639648438,0.001935960608534515,0.00011139269051358307,20.0,0.4978103448275862
femnist,randk,124,0.5,202111,404222,0.5649429118772968,77.64423076923077,0.670165648827186,0.5043490163841307,0.444871946608326,0.7862232583771513,0.444871946608326,power,9.563218116760254,10.788451194763184,11.164397239685059,0.0018947044154629111,0.00012031490669157325,20.0,0.4978103448275862
femnist,randk,125,0.5,202111,404222,0.5550450402847491,77.16346153846153,0.6637775714580829,0.5066988371429582,0.444871946608326,0.7862232583771513,0.444871946608326,power,9.575596809387207,10.662144660949707,11.226902961730957,0.0019716748502105474,0.00012288228178255784,20.0,0.4978103448275862
femnist,randk,126,0.5,202111,404222,0.4831908258516341,79.08653846153847,0.646912721487192,0.5049723038436292,0.444871946608326,0.7862232583771513,0.444871946608326,power,9.511308670043945,11.228885650634766,11.992883682250977,0.0019476601155474782,0.00011695390781695344,20.0,0.4978103448275862
femnist,randk,127,0.5,202111,404222,0.4928009668923915,78.60576923076923,0.6325554480919471,0.5055830299306889,0.444871946608326,0.7862232583771513,0.444871946608326,power,9.51425838470459,11.303423881530762,11.837233543395996,0.0019187192665413022,0.00011446990606273746,20.0,0.4978103448275862
femnist,randk,128,0.5,202111,404222,0.4986465977225453,79.5673076923077,0.6330107908982497,0.5081519908659086,0.444871946608326,0.7862232583771513,0.444871946608326,power,9.548166275024414,10.946001052856445,11.400972366333008,0.001838669995777309,0.00011802086593166471,20.0,0.4978103448275862
femnist,randk,129,0.5,202111,404222,0.5708943373290822,80.76923076923077,0.6392998328575721,0.49578975288393456,0.444871946608326,0.7862232583771513,0.444871946608326,power,9.587932586669922,10.978314399719238,11.100488662719727,0.0019291872158646584,0.00012514092587070404,20.0,0.4978103448275862
femnist,randk,130,0.5,202111,404222,0.480215962943621,80.52884615384616,0.646731083209698,0.4955445367810218,0.444871946608326,0.7862232583771513,0.444871946608326,power,9.617831230163574,11.055952072143555,11.356526374816895,0.0019187192665413022,0.0001324073189571059,20.0,0.4978103448275862
femnist,randk,131,0.5,202111,404222,0.4946479777921923,80.52884615384616,0.640742668738732,0.5101052907979202,0.444871946608326,0.7862232583771513,0.444871946608326,power,9.548494338989258,10.896431922912598,11.142122268676758,0.0019519703928381205,0.00012459565666479163,20.0,0.4978103448275862
femnist,randk,132,0.5,202111,404222,0.529394266800955,80.52884615384616,0.6441075985248272,0.49133026459764234,0.444871946608326,0.7862232583771513,0.444871946608326,power,9.528677940368652,11.002398490905762,11.579995155334473,0.0018620690098032355,0.0001155391909223087,20.0,0.4978103448275862
femnist,randk,133,0.5,202111,404222,0.44829643158242105,80.04807692307692,0.6506855304424579,0.493295703486411,0.444871946608326,0.7862232583771513,0.444871946608326,power,9.596744537353516,10.968866348266602,11.357078552246094,0.0019187192665413022,0.00012234940090902343,20.0,0.4978103448275862
femnist,randk,134,0.5,202111,404222,0.5219947397382929,79.08653846153847,0.6460634378286508,0.5054392647738071,0.444871946608326,0.7862232583771513,0.444871946608326,power,9.629406929016113,11.287729263305664,12.247690200805664,0.0019119457574561238,0.00012896311588512903,20.0,0.4978103448275862
femnist,randk,135,0.5,202111,404222,0.4767040152382105,79.32692307692308,0.6439511225773737,0.5053786776020324,0.444871946608326,0.7862232583771513,0.444871946608326,power,9.61900806427002,11.151067733764648,11.275385856628418,0.001907019759528339,0.00012409818412471662,20.0,0.4978103448275862
femnist,randk,136,0.5,202111,404222,0.4807373652129899,78.84615384615384,0.6423105826744666,0.4963481695234422,0.444871946608326,0.7862232583771513,0.444871946608326,power,9.54656982421875,11.135353088378906,11.617021560668945,0.0019673644565045834,0.00012247641337815622,20.0,0.4978103448275862
femnist,randk,137,0.5,202111,404222,0.49090233009308576,80.04807692307692,0.6407292439387395,0.5027428642399694,0.444871946608326,0.7862232583771513,0.444871946608326,power,9.554914474487305,11.162070274353027,11.603874206542969,0.001952586229890585,0.0001221447260542401,20.0,0.4978103448275862
femnist,randk,138,0.5,202111,404222,0.47539701126515865,79.8076923076923,0.6311868520883414,0.4981089440949885,0.444871946608326,0.7862232583771513,0.444871946608326,power,9.538727760314941,11.175775527954102,11.88465690612793,0.0018380541587248445,0.00011938642742725,20.0,0.4978103448275862
femnist,randk,139,0.5,202111,404222,0.5160006955405698,79.08653846153847,0.6383440311138446,0.49232347338946536,0.444871946608326,0.7862232583771513,0.444871946608326,power,9.570011138916016,11.009862899780273,11.353224754333496,0.001991995144635439,0.00012783139821580193,20.0,0.4978103448275862
femnist,randk,140,0.5,202111,404222,0.5045601726765744,81.00961538461539,0.6412021930401142,0.49807309738089556,0.444871946608326,0.7862232583771513,0.444871946608326,power,9.590977668762207,11.397549629211426,11.908434867858887,0.0019790639635175467,0.00012678430000505626,20.0,0.4978103448275862
femnist,randk,141,0.5,202111,404222,0.5225101245241239,81.25,0.6251795108501728,0.5105094766548308,0.444871946608326,0.7862232583771513,0.444871946608326,power,9.576501846313477,11.424610137939453,12.415225982666016,0.0019470442784950137,0.00012746103810167429,20.0,0.4978103448275862
femnist,randk,142,0.5,202111,404222,0.46803778328001505,81.49038461538461,0.6253734735342172,0.4985087099893871,0.444871946608326,0.7862232583771513,0.444871946608326,power,9.564433097839355,11.27332592010498,12.4727783203125,0.0018793103517964482,0.00012849295506607415,20.0,0.4978103448275862
femnist,randk,143,0.5,202111,404222,0.466404786654748,80.76923076923077,0.6297548734224759,0.4900631120098596,0.444871946608326,0.7862232583771513,0.444871946608326,power,9.569418907165527,10.999817848205566,11.212814331054688,0.0018836207455024123,0.00012403903827120654,20.0,0.4978103448275862
femnist,randk,144,0.5,202111,404222,0.433000264596194,80.04807692307692,0.6229479129497821,0.5004108245717794,0.444871946608326,0.7862232583771513,0.444871946608326,power,9.575481414794922,11.097406387329102,11.627643585205078,0.0018916255794465542,0.00012090138039322343,20.0,0.4978103448275862
femnist,randk,145,0.5,202111,404222,0.431704705953598,79.32692307692308,0.6244886838472806,0.5049379703255398,0.444871946608326,0.7862232583771513,0.444871946608326,power,9.634177207946777,11.304084777832031,11.962657928466797,0.0019033250864595175,0.00012635331749470232,20.0,0.4978103448275862
femnist,randk,146,0.5,202111,404222,0.5959397714026273,80.04807692307692,0.6484226813683143,0.4991570349350753,0.444871946608326,0.7862232583771513,0.444871946608326,power,9.54477310180664,10.784372329711914,10.992166519165039,0.001935960608534515,0.00011935501117160596,20.0,0.4978103448275862
femnist,randk,147,0.5,202111,404222,0.456049476377666,79.08653846153847,0.6352599217341497,0.5077917517720949,0.444871946608326,0.7862232583771513,0.444871946608326,power,9.615449905395508,11.309174537658691,11.780653953552246,0.001917487708851695,0.00012915227068757945,20.0,0.4978103448275862
femnist,randk,148,0.5,202111,404222,0.5046635970287024,79.08653846153847,0.6210965376633865,0.5039142896965382,0.444871946608326,0.7862232583771513,0.444871946608326,power,9.583040237426758,11.115252494812012,11.695180892944336,0.0018288177670910954,0.00012236032716521144,20.0,0.4978103448275862
femnist,randk,149,0.5,202111,404222,0.429904297485482,78.84615384615384,0.6123661628136268,0.49936987911029884,0.444871946608326,0.7862232583771513,0.444871946608326,power,9.582304000854492,11.32020092010498,12.886614799499512,0.0019304187735542655,0.0001323223965540549,20.0,0.4978103448275862
femnist,randk,150,0.5,202111,404222,0.44335447966121133,80.04807692307692,0.6009241250845102,0.5020067435084534,0.444871946608326,0.7862232583771513,0.444871946608326,power,9.623501777648926,11.058667182922363,11.42980670928955,0.0018922414164990187,0.00013180177318155862,20.0,0.4978103448275862
femnist,randk,151,0.5,202111,404222,0.43524023571750153,80.04807692307692,0.5939292174119216,0.49419872116670105,0.444871946608326,0.7862232583771513,0.444871946608326,power,9.595666885375977,11.063721656799316,11.268462181091309,0.0019064039224758744,0.00012464158149212665,20.0,0.4978103448275862
femnist,randk,152,0.5,202111,404222,0.5775888595636933,79.5673076923077,0.6113798434917743,0.4943708660303841,0.444871946608326,0.7862232583771513,0.444871946608326,power,9.60643482208252,11.507462501525879,12.357925415039062,0.0019581280648708344,0.0001343891241654109,20.0,0.4978103448275862
femnist,randk,153,0.5,202111,404222,0.4522059026779607,80.52884615384616,0.608164017017071,0.5040691740658019,0.444871946608326,0.7862232583771513,0.444871946608326,power,9.593621253967285,11.313248634338379,11.53748607635498,0.001897783251479268,0.00013007454963059303,20.0,0.4978103448275862
femnist,randk,154,0.5,202111,404222,0.455171331479214,81.73076923076923,0.60766418163593,0.49831423114339424,0.444871946608326,0.7862232583771513,0.444871946608326,power,9.59170150756836,11.18039321899414,11.304189682006836,0.0018953202525153756,0.00012425185790490415,20.0,0.4978103448275862
femnist,randk,155,0.5,202111,404222,0.4712318344134837,81.00961538461539,0.6087233836834247,0.49793472286368967,0.444871946608326,0.7862232583771513,0.444871946608326,power,9.569608688354492,10.907907485961914,11.099910736083984,0.0018903941381722689,0.00012206833415119921,20.0,0.4978103448275862
femnist,randk,156,0.5,202111,404222,0.4141151563101449,81.25,0.5918662731464093,0.5082921715918883,0.444871946608326,0.7862232583771513,0.444871946608326,power,9.570608139038086,11.17815113067627,11.350850105285645,0.0018922414164990187,0.0001266308626181745,20.0,0.4978103448275862
femnist,randk,157,0.5,202111,404222,0.43951051621697834,82.21153846153847,0.5846312596247747,0.49601752496250356,0.444871946608326,0.7862232583771513,0.444871946608326,power,9.603165626525879,11.143613815307617,11.597403526306152,0.0019347290508449078,0.00012282366137139953,20.0,0.4978103448275862
femnist,randk,158,0.5,202111,404222,0.4821854255744256,82.6923076923077,0.5884653604947604,0.507413579382311,0.444871946608326,0.7862232583771513,0.444871946608326,power,9.647221565246582,11.123438835144043,11.847414016723633,0.0019532020669430494,0.00013898701991061418,20.0,0.4978103448275862
femnist,randk,159,0.5,202111,404222,0.4925208246149123,82.6923076923077,0.5941901573768029,0.4953171871383278,0.444871946608326,0.7862232583771513,0.444871946608326,power,9.572129249572754,11.279224395751953,11.587579727172852,0.0018602217314764857,0.00012366529492435598,20.0,0.4978103448275862
femnist,randk,160,0.5,202111,404222,0.4151883787487168,83.17307692307692,0.6053888981158917,0.5022307026456161,0.444871946608326,0.7862232583771513,0.444871946608326,power,9.640589714050293,11.138195991516113,11.606196403503418,0.0019470442784950137,0.00013486365308191072,20.0,0.4978103448275862
femnist,randk,161,0.5,202111,404222,0.46279289562255144,81.49038461538461,0.6029502061697153,0.4930249907352011,0.444871946608326,0.7862232583771513,0.444871946608326,power,9.505043029785156,10.892973899841309,11.463830947875977,0.0019291872158646584,0.0001161125685982047,20.0,0.4978103448275862
femnist,randk,162,0.5,202111,404222,0.3707004765071906,81.25,0.6151982454153208,0.500110620388285,0.444871946608326,0.7862232583771513,0.444871946608326,power,9.529947280883789,11.25300407409668,11.4744873046875,0.001867610844783485,0.00011834313153298141,20.0,0.4978103448275862
femnist,randk,163,0.5,202111,404222,0.37820502262795347,81.49038461538461,0.6082768440246582,0.5018687787461951,0.444871946608326,0.7862232583771513,0.444871946608326,power,9.561054229736328,11.150372505187988,11.583524703979492,0.0019057882018387318,0.00012198820707597742,20.0,0.4978103448275862
femnist,randk,164,0.5,202111,404222,0.4419129867525771,81.25,0.6074627729562613,0.5077279647590771,0.444871946608326,0.7862232583771513,0.444871946608326,power,9.548354148864746,10.85656452178955,11.269527435302734,0.0019833743572235107,0.0001195348332122558,20.0,0.4978103448275862
femnist,randk,165,0.5,202111,404222,0.5050251238327472,80.76923076923077,0.6159160320575421,0.4970198791510108,0.444871946608326,0.7862232583771513,0.444871946608326,power,9.626567840576172,11.64789867401123,12.329734802246094,0.0019649015739560127,0.00013006070931875018,20.0,0.4978103448275862
femnist,randk,166,0.5,202111,404222,0.42691600249672773,81.25,0.6207957634559045,0.490195847233953,0.444871946608326,0.7862232583771513,0.444871946608326,power,9.564789772033691,11.08039665222168,11.167091369628906,0.001956896623596549,0.00012595894040328206,20.0,0.4978103448275862
femnist,randk,167,0.5,202111,404222,0.4152082453551702,81.49038461538461,0.6134670697725736,0.4986018095310644,0.444871946608326,0.7862232583771513,0.444871946608326,power,9.553339004516602,11.42983341217041,11.702999114990234,0.0019353447714820504,0.00012448436138967565,20.0,0.4978103448275862
femnist,randk,168,0.5,202111,404222,0.358127497183159,81.73076923076923,0.5994875614459698,0.5088254084998132,0.444871946608326,0.7862232583771513,0.444871946608326,power,9.6226224899292,11.116708755493164,11.305179595947266,0.0019421182805672288,0.00012650656391964958,20.0,0.4978103448275862
femnist,randk,169,0.5,202111,404222,0.4170047530625015,80.76923076923077,0.5934589826143705,0.5012593247924827,0.444871946608326,0.7862232583771513,0.444871946608326,power,9.632534980773926,11.39774227142334,11.51501178741455,0.0019137931521981955,0.00013386970531482692,20.0,0.4978103448275862
femnist,randk,170,0.5,202111,404222,0.41917690923437484,81.97115384615384,0.5866117844214807,0.49189769765091834,0.444871946608326,0.7862232583771513,0.444871946608326,power,9.571455001831055,11.019122123718262,11.502856254577637,0.001887315302155912,0.0001223876371618095,20.0,0.4978103448275862
femnist,randk,171,0.5,202111,404222,0.41676555687445216,82.9326923076923,0.5850771390474759,0.4983501999304846,0.444871946608326,0.7862232583771513,0.444871946608326,power,9.542899131774902,11.130586624145508,11.39482307434082,0.001979679800570011,0.0001291059873545065,20.0,0.4978103448275862
femnist,randk,172,0.5,202111,404222,0.37928806578740476,83.41346153846153,0.5826034545898438,0.4989220070306518,0.444871946608326,0.7862232583771513,0.444871946608326,power,9.542850494384766,10.952780723571777,11.224388122558594,0.0019020936451852322,0.00011823047385357706,20.0,0.4978103448275862
femnist,randk,173,0.5,202111,404222,0.43196672332938757,83.41346153846153,0.5796759678767278,0.49449985455241585,0.444871946608326,0.7862232583771513,0.444871946608326,power,9.602636337280273,11.100664138793945,11.702295303344727,0.001932881772518158,0.00012877989993940786,20.0,0.4978103448275862
femnist,randk,174,0.5,202111,404222,0.35152956258971246,82.9326923076923,0.569317524249737,0.5012052576580963,0.444871946608326,0.7862232583771513,0.444871946608326,power,9.603874206542969,11.302204132080078,11.661727905273438,0.0019291872158646584,0.00013046562699537155,20.0,0.4978103448275862
femnist,randk,175,0.5,202111,404222,0.37706067972350865,82.6923076923077,0.5676116209763747,0.49954177137622163,0.444871946608326,0.7862232583771513,0.444871946608326,power,9.653106689453125,11.218530654907227,11.395404815673828,0.0019045566441491246,0.00013244602959166165,20.0,0.4978103448275862
femnist,randk,176,0.5,202111,404222,0.401886445172131,82.45192307692308,0.5664096245398889,0.5013989913020956,0.444871946608326,0.7862232583771513,0.444871946608326,power,9.592748641967773,11.558035850524902,11.827550888061523,0.0019470442784950137,0.0001301394530613086,20.0,0.4978103448275862
femnist,randk,177,0.5,202111,404222,0.5004394175298513,81.97115384615384,0.5663586396437424,0.4901558634538087,0.444871946608326,0.7862232583771513,0.444871946608326,power,9.583569526672363,10.882474899291992,11.039396286010742,0.0020000000949949026,0.00012764067506836966,20.0,0.4978103448275862
femnist,randk,178,0.5,202111,404222,0.37795605258084836,83.17307692307692,0.574061393737793,0.49950860561904686,0.444871946608326,0.7862232583771513,0.444871946608326,power,9.55864429473877,10.92709732055664,11.313425064086914,0.0019310344941914082,0.00012332959273003114,20.0,0.4978103448275862
femnist,randk,179,0.5,202111,404222,0.6293139492179034,83.89423076923077,0.5797551228449895,0.5039164068256541,0.444871946608326,0.7862232583771513,0.444871946608326,power,9.634425163269043,11.4303560256958,11.940820693969727,0.0019458128372207284,0.00014213270147073428,20.0,0.4978103448275862
femnist,randk,180,0.5,202111,404222,0.3491624312987551,82.9326923076923,0.5765197460467999,0.5040053188132175,0.444871946608326,0.7862232583771513,0.444871946608326,power,9.499120712280273,11.02430248260498,11.358854293823242,0.0018947044154629111,0.00011408211104721016,20.0,0.4978103448275862
femnist,randk,181,0.5,202111,404222,0.36683178765699265,82.45192307692308,0.5837767307574933,0.5003744984181291,0.444871946608326,0.7862232583771513,0.444871946608326,power,9.607844352722168,11.128180503845215,11.290613174438477,0.001971059013158083,0.00013751548634453748,20.0,0.4978103448275862
femnist,randk,182,0.5,202111,404222,0.40414338200353084,83.17307692307692,0.5792867953960712,0.5017425245457522,0.444871946608326,0.7862232583771513,0.444871946608326,power,9.605488777160645,11.507802963256836,11.911746978759766,0.0019636698998510838,0.0001317886667920238,20.0,0.4978103448275862
femnist,randk,183,0.5,202111,404222,0.35209281473187726,83.89423076923077,0.5705444262577937,0.48641305907370835,0.444871946608326,0.7862232583771513,0.444871946608326,power,9.541288375854492,11.063674926757812,11.384651184082031,0.0018713054014369845,0.00011694815788430633,20.0,0.4978103448275862
femnist,randk,184,0.5,202111,404222,0.4058457990223542,84.13461538461539,0.556670042184683,0.49554082530360033,0.444871946608326,0.7862232583771513,0.444871946608326,power,9.646653175354004,11.176263809204102,11.819295883178711,0.001985837472602725,0.00013636715311152149,20.0,0.4978103448275862
femnist,randk,185,0.5,202111,404222,0.37764835176058115,83.41346153846153,0.566672105055589,0.5099590888268166,0.444871946608326,0.7862232583771513,0.444871946608326,power,9.5665864944458,11.082889556884766,11.323081970214844,0.0018774630734696984,0.00011978539010798614,20.0,0.4978103448275862
femnist,randk,186,0.5,202111,404222,0.3854758037952706,83.65384615384616,0.5695528984069824,0.4972666509471263,0.444871946608326,0.7862232583771513,0.444871946608326,power,9.564620018005371,11.20811939239502,11.836986541748047,0.0019415024435147643,0.00012617701310751374,20.0,0.4978103448275862
femnist,randk,187,0.5,202111,404222,0.35667757669463757,83.41346153846153,0.5875695668734037,0.5027580763141204,0.444871946608326,0.7862232583771513,0.444871946608326,power,9.606847763061523,11.098745346069336,11.634182929992676,0.001934113330207765,0.00012935222111569387,20.0,0.4978103448275862
femnist,randk,188,0.5,202111,404222,0.49807839840883394,83.17307692307692,0.5976164524371808,0.5019180766995274,0.444871946608326,0.7862232583771513,0.444871946608326,power,9.574728965759277,11.064855575561523,11.263360023498535,0.0018762315157800913,0.00011996357173781457,20.0,0.4978103448275862
femnist,randk,189,0.5,202111,404222,0.39626583192264664,83.41346153846153,0.6028725550724909,0.4981901725279312,0.444871946608326,0.7862232583771513,0.444871946608326,power,9.56110954284668,11.236679077148438,11.57363510131836,0.0018793103517964482,0.0001239229203618135,20.0,0.4978103448275862
femnist,randk,190,0.5,202111,404222,0.3878216352593154,83.17307692307692,0.5815360729510968,0.4940904827445792,0.444871946608326,0.7862232583771513,0.444871946608326,power,9.608227729797363,11.122498512268066,11.282142639160156,0.0019384236074984074,0.00012600840526664098,20.0,0.4978103448275862
femnist,randk,191,0.5,202111,404222,0.42261285759508616,82.6923076923077,0.5774791057293231,0.49439364373191036,0.444871946608326,0.7862232583771513,0.444871946608326,power,9.533865928649902,11.157464981079102,11.513385772705078,0.0018805419094860554,0.00011994043532183471,20.0,0.4978103448275862
femnist,randk,192,0.5,202111,404222,0.38067125629168,82.6923076923077,0.5726660948533279,0.496388099718331,0.444871946608326,0.7862232583771513,0.444871946608326,power,9.65150260925293,11.487446784973145,11.988164901733398,0.001913177315145731,0.00013836699221915057,20.0,0.4978103448275862
femnist,randk,193,0.5,202111,404222,0.38197954999050127,82.6923076923077,0.5748936579777644,0.49407148828434744,0.444871946608326,0.7862232583771513,0.444871946608326,power,9.576942443847656,11.237156867980957,11.504714965820312,0.001896551693789661,0.00013173205475344632,20.0,0.4978103448275862
femnist,randk,194,0.5,202111,404222,0.43169215168803926,82.21153846153847,0.5679688086876502,0.5033682425033434,0.444871946608326,0.7862232583771513,0.444871946608326,power,9.522665977478027,11.122471809387207,11.684412956237793,0.0018620690098032355,0.00011735814586132287,20.0,0.4978103448275862
femnist,randk,195,0.5,202111,404222,0.39653311409056186,82.21153846153847,0.562717657822829,0.5061368863058426,0.444871946608326,0.7862232583771513,0.444871946608326,power,9.575486183166504,10.985855102539062,11.478067398071289,0.0018799260724335909,0.00011957354493710041,20.0,0.4978103448275862
femnist,randk,196,0.5,202111,404222,0.378133162825834,81.00961538461539,0.5703865931584284,0.5096663308916567,0.444871946608326,0.7862232583771513,0.444871946608326,power,9.529823303222656,10.92790699005127,11.186470031738281,0.0019020936451852322,0.00011382571671601644,20.0,0.4978103448275862
femnist,randk,197,0.5,202111,404222,0.34384450782556086,81.73076923076923,0.5785852578970102,0.49672441673037293,0.444871946608326,0.7862232583771513,0.444871946608326,power,9.562570571899414,11.57511043548584,12.439770698547363,0.001934113330207765,0.00012357314798261447,20.0,0.4978103448275862
femnist,randk,198,0.5,202111,404222,0.3310510286921635,82.6923076923077,0.5738789485051081,0.5008179416173298,0.444871946608326,0.7862232583771513,0.444871946608326,power,9.670421600341797,11.079062461853027,11.478532791137695,0.0019322660518810153,0.00013231065632677666,20.0,0.4978103448275862
femnist,randk,199,0.5,202111,404222,0.3566208929987624,82.6923076923077,0.5717702278724084,0.5045862861532341,0.444871946608326,0.7862232583771513,0.444871946608326,power,9.610264778137207,11.310429573059082,11.68373966217041,0.0019458128372207284,0.00013017984387625386,20.0,0.4978103448275862
femnist,randk,200,0.5,202111,404222,0.37363066750578583,83.17307692307692,0.5679767315204327,0.5010440405517025,0.444871946608326,0.7862232583771513,0.444871946608326,power,9.638690948486328,11.160501480102539,11.43004322052002,0.0019445812795311213,0.00013406871482826268,20.0,0.4978103448275862
femnist,full,1,1.0,404222,404222,3.8671947312355046,5.288461538461538,3.83273432804988,1.0,0.3145719702064071,0.5559437975250668,0.3145719702064071,power,9.5391845703125,11.100008010864258,11.304335594177246,0.001958743901923299,0.00012566121706854752,20.0,0.9956206896551724
femnist,full,2,1.0,404222,404222,3.6890009474754337,13.701923076923077,3.779699472280649,1.0,0.3145719702064071,0.5559437975250668,0.3145719702064071,power,9.61765193939209,11.293099403381348,11.716176986694336,0.0019396551651880145,0.00013343545814946292,20.0,0.9956206896551724
femnist,full,3,1.0,404222,404222,3.6614628648757934,11.778846153846153,3.6810003427358775,1.0,0.3145719702064071,0.5559437975250668,0.3145719702064071,power,9.59667682647705,11.127357482910156,11.360851287841797,0.0019445812795311213,0.00012483170583909436,20.0,0.9956206896551724
femnist,full,4,1.0,404222,404222,3.5831018364429474,17.307692307692307,3.6720170241135817,1.0,0.3145719702064071,0.5559437975250668,0.3145719702064071,power,9.546734809875488,11.054384231567383,11.532975196838379,0.0018854680238291621,0.00012171144303696446,20.0,0.9956206896551724
femnist,full,5,1.0,404222,404222,3.5560037243366245,20.91346153846154,3.581273005558894,1.0,0.3145719702064071,0.5559437975250668,0.3145719702064071,power,9.495562553405762,11.204249382019043,11.376238822937012,0.0018774630734696984,0.00011315916747384755,20.0,0.9956206896551724
femnist,full,6,1.0,404222,404222,3.5136082148551937,22.83653846153846,3.5035218458909254,1.0,0.3145719702064071,0.5559437975250668,0.3145719702064071,power,9.53561782836914,11.194308280944824,11.301846504211426,0.0018916255794465542,0.00011772734919223365,20.0,0.9956206896551724
femnist,full,7,1.0,404222,404222,3.388783760070801,22.596153846153847,3.4877066979041467,1.0,0.3145719702064071,0.5559437975250668,0.3145719702064071,power,9.564568519592285,11.39030933380127,11.47101879119873,0.0018534482223913074,0.00012533989865683208,20.0,0.9956206896551724
femnist,full,8,1.0,404222,404222,3.3535307943820953,24.51923076923077,3.353094247671274,1.0,0.3145719702064071,0.5559437975250668,0.3145719702064071,power,9.547505378723145,11.102885246276855,11.414107322692871,0.0018916255794465542,0.00011562687169849261,20.0,0.9956206896551724
femnist,full,9,1.0,404222,404222,3.2817444622516625,32.21153846153846,3.2400407057542067,1.0,0.3145719702064071,0.5559437975250668,0.3145719702064071,power,9.60395622253418,11.261033058166504,11.511283874511719,0.0019168718717992306,0.00013271231974633176,20.0,0.9956206896551724
femnist,full,10,1.0,404222,404222,3.2384706258773805,33.17307692307692,3.190837566669171,1.0,0.3145719702064071,0.5559437975250668,0.3145719702064071,power,9.591361999511719,11.234529495239258,11.451501846313477,0.0018300492083653808,0.0001278175827051749,20.0,0.9956206896551724
femnist,full,11,1.0,404222,404222,3.1824051070213315,29.807692307692307,3.1371964674729567,1.0,0.3145719702064071,0.5559437975250668,0.3145719702064071,power,9.508573532104492,11.323822021484375,11.475753784179688,0.0019187192665413022,0.00011670381445403419,20.0,0.9956206896551724
femnist,full,12,1.0,404222,404222,3.0495038473606106,31.009615384615383,2.9810145451472354,1.0,0.3145719702064071,0.5559437975250668,0.3145719702064071,power,9.615537643432617,11.596031188964844,12.693639755249023,0.0018860837444663048,0.0001326933411871841,20.0,0.9956206896551724
femnist,full,13,1.0,404222,404222,3.052160701751709,32.69230769230769,2.953231224646935,1.0,0.3145719702064071,0.5559437975250668,0.3145719702064071,power,9.64736270904541,11.114100456237793,11.275054931640625,0.001934113330207765,0.00013544507256794467,20.0,0.9956206896551724
femnist,full,14,1.0,404222,404222,2.9130421018600456,37.01923076923077,2.840184138371394,1.0,0.3145719702064071,0.5559437975250668,0.3145719702064071,power,9.53054428100586,10.999310493469238,11.864380836486816,0.0018608374521136284,0.00012135545274591153,20.0,0.9956206896551724
femnist,full,15,1.0,404222,404222,2.967729935646057,42.06730769230769,2.827784611628606,1.0,0.3145719702064071,0.5559437975250668,0.3145719702064071,power,9.60254192352295,10.926518440246582,11.35863208770752,0.001897783251479268,0.00013006098295265198,20.0,0.9956206896551724
femnist,full,16,1.0,404222,404222,2.8187378537654877,36.77884615384615,2.7092390794020433,1.0,0.3145719702064071,0.5559437975250668,0.3145719702064071,power,9.622383117675781,11.132604598999023,12.177239418029785,0.0019883005879819393,0.000134256079955358,20.0,0.9956206896551724
femnist,full,17,1.0,404222,404222,2.8105973517894745,40.625,2.6355030353252706,1.0,0.3145719702064071,0.5559437975250668,0.3145719702064071,power,9.506556510925293,11.017828941345215,12.527704238891602,0.0018534482223913074,0.00011606058781747728,20.0,0.9956206896551724
femnist,full,18,1.0,404222,404222,2.6857343250513077,39.66346153846154,2.5601422236515927,1.0,0.3145719702064071,0.5559437975250668,0.3145719702064071,power,9.577902793884277,11.50660514831543,12.007155418395996,0.0019033250864595175,0.00012729059255931068,20.0,0.9956206896551724
femnist,full,19,1.0,404222,404222,2.690319290161133,40.14423076923077,2.52481930072491,1.0,0.3145719702064071,0.5559437975250668,0.3145719702064071,power,9.531872749328613,11.071149826049805,11.275407791137695,0.0019137931521981955,0.00011455766506757033,20.0,0.9956206896551724
femnist,full,20,1.0,404222,404222,2.7073262453079225,40.38461538461539,2.4409939692570615,1.0,0.3145719702064071,0.5559437975250668,0.3145719702064071,power,9.58996295928955,10.96490478515625,11.252331733703613,0.0019285713788121939,0.00012354860677868125,20.0,0.9956206896551724
femnist,full,21,1.0,404222,404222,2.6901826620101934,44.71153846153846,2.3821141169621396,1.0,0.3145719702064071,0.5559437975250668,0.3145719702064071,power,9.626524925231934,11.525280952453613,11.696553230285645,0.001971059013158083,0.00013749777819749133,20.0,0.9956206896551724
femnist,full,22,1.0,404222,404222,2.536394054889679,41.34615384615385,2.3626797015850363,1.0,0.3145719702064071,0.5559437975250668,0.3145719702064071,power,9.548338890075684,11.453333854675293,11.737574577331543,0.001945197000168264,0.00011770870681524662,20.0,0.9956206896551724
femnist,full,23,1.0,404222,404222,2.420053390860557,43.50961538461539,2.2903436514047475,1.0,0.3145719702064071,0.5559437975250668,0.3145719702064071,power,9.51552677154541,11.110657691955566,11.567554473876953,0.0018922414164990187,0.00011404453175762228,20.0,0.9956206896551724
femnist,full,24,1.0,404222,404222,2.4430217450857166,51.68269230769231,2.174647404597356,1.0,0.3145719702064071,0.5559437975250668,0.3145719702064071,power,9.611885070800781,11.680737495422363,12.104350090026855,0.0019365763291716576,0.00013273700758693912,20.0,0.9956206896551724
femnist,full,25,1.0,404222,404222,2.4110975593328474,51.20192307692308,2.1922903794508715,1.0,0.3145719702064071,0.5559437975250668,0.3145719702064071,power,9.5642728805542,10.79411506652832,11.365659713745117,0.0019261083798483014,0.00012454535124373258,20.0,0.9956206896551724
femnist,full,26,1.0,404222,404222,2.2701783114671703,50.24038461538461,2.086738733144907,1.0,0.3145719702064071,0.5559437975250668,0.3145719702064071,power,9.523056983947754,10.953079223632812,11.441619873046875,0.0019082512008026242,0.00011684516382923499,20.0,0.9956206896551724
femnist,full,27,1.0,404222,404222,2.243303829133511,50.24038461538461,2.0461839529184194,1.0,0.3145719702064071,0.5559437975250668,0.3145719702064071,power,9.616369247436523,11.136190414428711,11.944502830505371,0.0019248768221586943,0.00013546901304964506,20.0,0.9956206896551724
femnist,full,28,1.0,404222,404222,2.1143185353279117,52.64423076923077,1.9851505572979267,1.0,0.3145719702064071,0.5559437975250668,0.3145719702064071,power,9.577030181884766,10.788446426391602,11.571859359741211,0.0019156404305249453,0.00012649031607732923,20.0,0.9956206896551724
femnist,full,29,1.0,404222,404222,2.1837819969654086,53.60576923076923,2.024717624370868,1.0,0.3145719702064071,0.5559437975250668,0.3145719702064071,power,9.660247802734375,11.53270149230957,11.816033363342285,0.0019501231145113707,0.00013588669613056922,20.0,0.9956206896551724
femnist,full,30,1.0,404222,404222,2.0868623012304304,56.25,1.9257642305814302,1.0,0.3145719702064071,0.5559437975250668,0.3145719702064071,power,9.574761390686035,11.092425346374512,11.150975227355957,0.0018546797800809145,0.0001184701168752516,20.0,0.9956206896551724
femnist,full,31,1.0,404222,404222,1.975763590633869,58.65384615384615,1.8391543168288012,1.0,0.3145719702064071,0.5559437975250668,0.3145719702064071,power,9.639704704284668,11.127656936645508,11.304749488830566,0.0019137931521981955,0.00012730194184068253,20.0,0.9956206896551724
femnist,full,32,1.0,404222,404222,1.9511629804968833,57.93269230769231,1.8124413123497596,1.0,0.3145719702064071,0.5559437975250668,0.3145719702064071,power,9.503899574279785,10.92527961730957,11.184959411621094,0.0019322660518810153,0.00011430699585319869,20.0,0.9956206896551724
femnist,full,33,1.0,404222,404222,1.8664919383823868,59.85576923076923,1.7071688725398138,1.0,0.3145719702064071,0.5559437975250668,0.3145719702064071,power,9.554667472839355,11.187725067138672,11.511066436767578,0.0018651477294042706,0.00011839488375399172,20.0,0.9956206896551724
femnist,full,34,1.0,404222,404222,1.845370538979769,58.89423076923077,1.7069261991060698,1.0,0.3145719702064071,0.5559437975250668,0.3145719702064071,power,9.576859474182129,11.408933639526367,12.002616882324219,0.0019636698998510838,0.00013288437601725704,20.0,0.9956206896551724
femnist,full,35,1.0,404222,404222,1.8163219206035137,60.81730769230769,1.6725321549635668,1.0,0.3145719702064071,0.5559437975250668,0.3145719702064071,power,9.596457481384277,11.52129077911377,12.216178894042969,0.0019199507078155875,0.00013166221382388197,20.0,0.9956206896551724
femnist,full,36,1.0,404222,404222,1.7854992344230414,61.53846153846154,1.6732013408954327,1.0,0.3145719702064071,0.5559437975250668,0.3145719702064071,power,9.644563674926758,11.392436027526855,12.059964179992676,0.0019211822655051947,0.00013514818173164712,20.0,0.9956206896551724
femnist,full,37,1.0,404222,404222,1.6214288643002512,62.98076923076923,1.5814575782189002,1.0,0.3145719702064071,0.5559437975250668,0.3145719702064071,power,9.612043380737305,11.029641151428223,11.774703979492188,0.0019285713788121939,0.000131142127469618,20.0,0.9956206896551724
femnist,full,38,1.0,404222,404222,1.721087977141142,59.13461538461539,1.605195558988131,1.0,0.3145719702064071,0.5559437975250668,0.3145719702064071,power,9.589424133300781,11.028488159179688,11.479049682617188,0.001867610844783485,0.00012369373278247088,20.0,0.9956206896551724
femnist,full,39,1.0,404222,404222,1.715452733132988,62.25961538461539,1.5969138512244592,1.0,0.3145719702064071,0.5559437975250668,0.3145719702064071,power,9.557333946228027,11.414929389953613,11.460697174072266,0.001926724100485444,0.00012241881337825354,20.0,0.9956206896551724
femnist,full,40,1.0,404222,404222,1.6076556465215979,62.25961538461539,1.5545079157902644,1.0,0.3145719702064071,0.5559437975250668,0.3145719702064071,power,9.585991859436035,11.309521675109863,12.041091918945312,0.0018497536657378078,0.00012172002246394571,20.0,0.9956206896551724
femnist,full,41,1.0,404222,404222,1.667845313390717,62.74038461538461,1.541834464439979,1.0,0.3145719702064071,0.5559437975250668,0.3145719702064071,power,9.559805870056152,10.962810516357422,11.94969654083252,0.0018706896807998419,0.0001219401909192883,20.0,0.9956206896551724
femnist,full,42,1.0,404222,404222,1.4837008682452142,63.94230769230769,1.49983156644381,1.0,0.3145719702064071,0.5559437975250668,0.3145719702064071,power,9.553987503051758,11.200695991516113,11.528646469116211,0.0019137931521981955,0.00012479758536286832,20.0,0.9956206896551724
femnist,full,43,1.0,404222,404222,1.4714323597401382,63.94230769230769,1.4002709021935096,1.0,0.3145719702064071,0.5559437975250668,0.3145719702064071,power,9.565752983093262,11.4805908203125,11.709403991699219,0.0018737685168161988,0.0001238505153830083,20.0,0.9956206896551724
femnist,full,44,1.0,404222,404222,1.6579249428305776,62.25961538461539,1.468888943011944,1.0,0.3145719702064071,0.5559437975250668,0.3145719702064071,power,9.611010551452637,11.46292495727539,12.579387664794922,0.0019181034294888377,0.00013165712312375493,20.0,0.9956206896551724
femnist,full,45,1.0,404222,404222,1.5771979933977125,64.42307692307692,1.451245821439303,1.0,0.3145719702064071,0.5559437975250668,0.3145719702064071,power,9.55799388885498,11.083746910095215,11.493359565734863,0.0019107143161818385,0.0001250214955032891,20.0,0.9956206896551724
femnist,full,46,1.0,404222,404222,1.4636305859684944,65.86538461538461,1.407113295335036,1.0,0.3145719702064071,0.5559437975250668,0.3145719702064071,power,9.585972785949707,11.067268371582031,11.318538665771484,0.0019476601155474782,0.00012648083372504478,20.0,0.9956206896551724
femnist,full,47,1.0,404222,404222,1.4336373594775795,64.66346153846153,1.3939189910888672,1.0,0.3145719702064071,0.5559437975250668,0.3145719702064071,power,9.585749626159668,11.235944747924805,11.523213386535645,0.0019168718717992306,0.00012596288614485712,20.0,0.9956206896551724
femnist,full,48,1.0,404222,404222,1.4118324780464173,65.14423076923077,1.3252220153808594,1.0,0.3145719702064071,0.5559437975250668,0.3145719702064071,power,9.593684196472168,10.986811637878418,11.379293441772461,0.0019439655588939786,0.00012617682803118163,20.0,0.9956206896551724
femnist,full,49,1.0,404222,404222,1.4314167845621708,65.625,1.338231893686148,1.0,0.3145719702064071,0.5559437975250668,0.3145719702064071,power,9.680658340454102,11.43090534210205,11.611038208007812,0.001977216685190797,0.00013710571331882688,20.0,0.9956206896551724
femnist,full,50,1.0,404222,404222,1.403090008031577,66.82692307692308,1.2780576852651744,1.0,0.3145719702064071,0.5559437975250668,0.3145719702064071,power,9.625906944274902,11.637127876281738,12.208752632141113,0.0019304187735542655,0.00012967286368944337,20.0,0.9956206896551724
femnist,full,51,1.0,404222,404222,1.3991684690874535,68.50961538461539,1.2981693561260517,1.0,0.3145719702064071,0.5559437975250668,0.3145719702064071,power,9.572647094726562,11.18326187133789,11.344133377075195,0.0019045566441491246,0.00012932000325151967,20.0,0.9956206896551724
femnist,full,52,1.0,404222,404222,1.3760571800777686,68.26923076923077,1.262473619901217,1.0,0.3145719702064071,0.5559437975250668,0.3145719702064071,power,9.506145477294922,11.203957557678223,12.09316635131836,0.0018497536657378078,0.00011827995409020767,20.0,0.9956206896551724
femnist,full,53,1.0,404222,404222,1.2530883343424646,66.82692307692308,1.2383645864633412,1.0,0.3145719702064071,0.5559437975250668,0.3145719702064071,power,9.635464668273926,11.146842956542969,11.64019775390625,0.0019802956376224756,0.00013534625260213368,20.0,0.9956206896551724
femnist,full,54,1.0,404222,404222,1.2442420745268463,68.75,1.213318604689378,1.0,0.3145719702064071,0.5559437975250668,0.3145719702064071,power,9.519815444946289,11.124357223510742,11.35395622253418,0.0018589901737868786,0.00011291115883685897,20.0,0.9956206896551724
femnist,full,55,1.0,404222,404222,1.2298550024582073,68.26923076923077,1.209852438706618,1.0,0.3145719702064071,0.5559437975250668,0.3145719702064071,power,9.563383102416992,10.908709526062012,11.856736183166504,0.001896551693789661,0.00011808580034283891,20.0,0.9956206896551724
femnist,full,56,1.0,404222,404222,1.3708596602082253,68.99038461538461,1.2029361724853516,1.0,0.3145719702064071,0.5559437975250668,0.3145719702064071,power,9.56126880645752,10.839863777160645,11.284784317016602,0.0018749999580904841,0.00012060122447075431,20.0,0.9956206896551724
femnist,full,57,1.0,404222,404222,1.336659190240316,68.26923076923077,1.1920104393592248,1.0,0.3145719702064071,0.5559437975250668,0.3145719702064071,power,9.575479507446289,11.178047180175781,11.826447486877441,0.0019439655588939786,0.00012402258338606954,20.0,0.9956206896551724
femnist,full,58,1.0,404222,404222,1.2065669655799867,68.75,1.1596766251784105,1.0,0.3145719702064071,0.5559437975250668,0.3145719702064071,power,9.533713340759277,10.962824821472168,11.096118927001953,0.0019082512008026242,0.00012059623574489573,20.0,0.9956206896551724
femnist,full,59,1.0,404222,404222,1.2331395655812227,68.75,1.1645991985614483,1.0,0.3145719702064071,0.5559437975250668,0.3145719702064071,power,9.567524909973145,11.082085609436035,11.97558879852295,0.0018903941381722689,0.0001263112651265714,20.0,0.9956206896551724
femnist,full,60,1.0,404222,404222,1.1898406791500746,70.4326923076923,1.1484012603759766,1.0,0.3145719702064071,0.5559437975250668,0.3145719702064071,power,9.56458568572998,11.112013816833496,11.648733139038086,0.001884236466139555,0.0001226153955422833,20.0,0.9956206896551724
femnist,full,61,1.0,404222,404222,1.1627918006852274,69.95192307692308,1.1464449075552134,1.0,0.3145719702064071,0.5559437975250668,0.3145719702064071,power,9.584202766418457,11.191926002502441,11.642988204956055,0.0019291872158646584,0.00012877069952412835,20.0,0.9956206896551724
femnist,full,62,1.0,404222,404222,1.2692297427868469,70.67307692307692,1.1536630483774037,1.0,0.3145719702064071,0.5559437975250668,0.3145719702064071,power,9.606812477111816,11.525900840759277,12.085515975952148,0.0019581280648708344,0.00013747917983453103,20.0,0.9956206896551724
femnist,full,63,1.0,404222,404222,1.1424299899488686,70.4326923076923,1.1337422590989332,1.0,0.3145719702064071,0.5559437975250668,0.3145719702064071,power,9.569475173950195,11.291240692138672,11.782618522644043,0.0019279556581750512,0.0001264478159168766,20.0,0.9956206896551724
femnist,full,64,1.0,404222,404222,1.1121101522212848,70.4326923076923,1.1119929827176607,1.0,0.3145719702064071,0.5559437975250668,0.3145719702064071,power,9.53400707244873,11.145254135131836,11.795501708984375,0.0019113300368189812,0.0001236630110951769,20.0,0.9956206896551724
femnist,full,65,1.0,404222,404222,1.1747559934156016,71.15384615384616,1.101279772244967,1.0,0.3145719702064071,0.5559437975250668,0.3145719702064071,power,9.586530685424805,11.06201457977295,11.618704795837402,0.0018830049084499478,0.00013020156333822173,20.0,0.9956206896551724
femnist,full,66,1.0,404222,404222,1.0975581717677414,72.11538461538461,1.1099101580106294,1.0,0.3145719702064071,0.5559437975250668,0.3145719702064071,power,9.571166038513184,11.357000350952148,12.260711669921875,0.0019045566441491246,0.0001306052908630115,20.0,0.9956206896551724
femnist,full,67,1.0,404222,404222,1.0908057989552618,69.23076923076923,1.0724743329561675,1.0,0.3145719702064071,0.5559437975250668,0.3145719702064071,power,9.606287002563477,11.052713394165039,12.432770729064941,0.0019002462504431605,0.00013230669951136046,20.0,0.9956206896551724
femnist,full,68,1.0,404222,404222,1.1941275251749903,71.39423076923077,1.0618162888746996,1.0,0.3145719702064071,0.5559437975250668,0.3145719702064071,power,9.5961332321167,10.987344741821289,11.89730453491211,0.001946428557857871,0.00012921440500153147,20.0,0.9956206896551724
femnist,full,69,1.0,404222,404222,1.082928754724562,72.35576923076923,1.0326100129347582,1.0,0.3145719702064071,0.5559437975250668,0.3145719702064071,power,9.525552749633789,11.328200340270996,11.647314071655273,0.0019248768221586943,0.00011911705198152976,20.0,0.9956206896551724
femnist,full,70,1.0,404222,404222,1.103748982315883,72.83653846153847,1.0637156413151667,1.0,0.3145719702064071,0.5559437975250668,0.3145719702064071,power,9.521322250366211,10.745235443115234,11.27098560333252,0.0019501231145113707,0.00011591401695497974,20.0,0.9956206896551724
femnist,full,71,1.0,404222,404222,1.0924941029027107,71.39423076923077,1.0518955817589393,1.0,0.3145719702064071,0.5559437975250668,0.3145719702064071,power,9.564621925354004,11.090604782104492,11.663285255432129,0.0018577586160972714,0.00011905081652191382,20.0,0.9956206896551724
femnist,full,72,1.0,404222,404222,1.078932210993953,72.35576923076923,1.044443130493164,1.0,0.3145719702064071,0.5559437975250668,0.3145719702064071,power,9.665451049804688,11.380449295043945,12.095457077026367,0.0019279556581750512,0.00013905893754060324,20.0,0.9956206896551724
femnist,full,73,1.0,404222,404222,1.024411684209481,72.83653846153847,1.026934110201322,1.0,0.3145719702064071,0.5559437975250668,0.3145719702064071,power,9.60814380645752,11.151616096496582,11.62732982635498,0.0018805419094860554,0.00012617848299999507,20.0,0.9956206896551724
femnist,full,74,1.0,404222,404222,1.053093678476289,70.91346153846153,1.0337838392991285,1.0,0.3145719702064071,0.5559437975250668,0.3145719702064071,power,9.632140159606934,11.402985572814941,11.54274845123291,0.00195566494949162,0.0001386225450660503,20.0,0.9956206896551724
femnist,full,75,1.0,404222,404222,1.05919669712428,72.35576923076923,0.9901431157038763,1.0,0.3145719702064071,0.5559437975250668,0.3145719702064071,power,9.568280220031738,11.337953567504883,11.760722160339355,0.0019199507078155875,0.00012590629334226764,20.0,0.9956206896551724
femnist,full,76,1.0,404222,404222,0.9610299281869086,71.63461538461539,0.9908329890324519,1.0,0.3145719702064071,0.5559437975250668,0.3145719702064071,power,9.514801979064941,11.050827980041504,11.578878402709961,0.0019107143161818385,0.00012152128377417273,20.0,0.9956206896551724
femnist,full,77,1.0,404222,404222,1.0316943317465488,73.3173076923077,1.0004148483276367,1.0,0.3145719702064071,0.5559437975250668,0.3145719702064071,power,9.652907371520996,11.318016052246094,11.839725494384766,0.002030172385275364,0.00014386550385181766,20.0,0.9956206896551724
femnist,full,78,1.0,404222,404222,1.0024828672222792,72.11538461538461,0.993187244121845,1.0,0.3145719702064071,0.5559437975250668,0.3145719702064071,power,9.624438285827637,11.263223648071289,12.257491111755371,0.0018897783011198044,0.0001277611028727203,20.0,0.9956206896551724
femnist,full,79,1.0,404222,404222,0.9643822409212588,74.27884615384616,0.9661786006047175,1.0,0.3145719702064071,0.5559437975250668,0.3145719702064071,power,9.58252239227295,10.92458438873291,12.00024127960205,0.001935960608534515,0.00012788953636928182,20.0,0.9956206896551724
femnist,full,80,1.0,404222,404222,1.1111029386520386,70.91346153846153,1.0000482705923228,1.0,0.3145719702064071,0.5559437975250668,0.3145719702064071,power,9.50839614868164,11.020715713500977,11.452279090881348,0.0018540640594437718,0.0001145433057307582,20.0,0.9956206896551724
femnist,full,81,1.0,404222,404222,0.9367890975205228,72.59615384615384,0.9832405677208533,1.0,0.3145719702064071,0.5559437975250668,0.3145719702064071,power,9.543828964233398,11.07905387878418,11.566862106323242,0.001887315302155912,0.00011808246426169387,20.0,0.9956206896551724
femnist,full,82,1.0,404222,404222,0.9724626716040075,72.83653846153847,0.9918851118821365,1.0,0.3145719702064071,0.5559437975250668,0.3145719702064071,power,9.648831367492676,11.33283519744873,11.389628410339355,0.0019821429159492254,0.00013275386526712596,20.0,0.9956206896551724
femnist,full,83,1.0,404222,404222,1.0422432952746747,71.63461538461539,1.0241245123056264,1.0,0.3145719702064071,0.5559437975250668,0.3145719702064071,power,9.563192367553711,11.037959098815918,11.223273277282715,0.0019415024435147643,0.00012650854170011448,20.0,0.9956206896551724
femnist,full,84,1.0,404222,404222,0.9675778899528087,72.83653846153847,0.9660057654747596,1.0,0.3145719702064071,0.5559437975250668,0.3145719702064071,power,9.634718894958496,11.118005752563477,11.649499893188477,0.001956896623596549,0.00013485196830110207,20.0,0.9956206896551724
femnist,full,85,1.0,404222,404222,0.8988504860177636,71.39423076923077,0.9577623514028696,1.0,0.3145719702064071,0.5559437975250668,0.3145719702064071,power,9.636455535888672,10.857162475585938,11.046198844909668,0.0019593595061451197,0.00013525507667605852,20.0,0.9956206896551724
femnist,full,86,1.0,404222,404222,0.9394891168992036,73.3173076923077,0.9581345778245193,1.0,0.3145719702064071,0.5559437975250668,0.3145719702064071,power,9.701967239379883,11.510293006896973,12.010042190551758,0.0019470442784950137,0.00014590229468274186,20.0,0.9956206896551724
femnist,full,87,1.0,404222,404222,1.0431628758646547,71.63461538461539,0.987429325397198,1.0,0.3145719702064071,0.5559437975250668,0.3145719702064071,power,9.55918025970459,11.001965522766113,11.17718505859375,0.0018959359731525183,0.00011855229475026997,20.0,0.9956206896551724
femnist,full,88,1.0,404222,404222,0.9551264407485723,72.59615384615384,0.9434141745934119,1.0,0.3145719702064071,0.5559437975250668,0.3145719702064071,power,9.61594295501709,10.834091186523438,10.92286491394043,0.0019427340012043715,0.00012566531549007537,20.0,0.9956206896551724
femnist,full,89,1.0,404222,404222,0.943920127772726,70.67307692307692,0.9558457594651443,1.0,0.3145719702064071,0.5559437975250668,0.3145719702064071,power,9.502881050109863,10.737832069396973,10.941402435302734,0.0019513546722009778,0.00011159552740258647,20.0,0.9956206896551724
femnist,full,90,1.0,404222,404222,0.9057949952408672,72.35576923076923,0.9364346724290115,1.0,0.3145719702064071,0.5559437975250668,0.3145719702064071,power,9.560163497924805,10.907984733581543,11.129058837890625,0.0018663792870938778,0.0001233677643855176,20.0,0.9956206896551724
femnist,full,91,1.0,404222,404222,0.8865249989787118,72.83653846153847,0.9287420419546274,1.0,0.3145719702064071,0.5559437975250668,0.3145719702064071,power,9.504047393798828,11.098339080810547,11.766592025756836,0.001847906387411058,0.00011675176913566028,20.0,0.9956206896551724
femnist,full,92,1.0,404222,404222,0.9269870804529635,72.59615384615384,0.9440097075242263,1.0,0.3145719702064071,0.5559437975250668,0.3145719702064071,power,9.52527904510498,11.149666786193848,11.441670417785645,0.0019581280648708344,0.0001227169871847719,20.0,0.9956206896551724
femnist,full,93,1.0,404222,404222,0.9355691474396736,72.35576923076923,0.9372322375957782,1.0,0.3145719702064071,0.5559437975250668,0.3145719702064071,power,9.606681823730469,11.321840286254883,11.720527648925781,0.001985837472602725,0.00012747054896115008,20.0,0.9956206896551724
femnist,full,94,1.0,404222,404222,0.9091231235209853,72.35576923076923,0.9398745023287259,1.0,0.3145719702064071,0.5559437975250668,0.3145719702064071,power,9.596722602844238,10.972299575805664,11.543450355529785,0.0018879310227930546,0.00011835719283445353,20.0,0.9956206896551724
femnist,full,95,1.0,404222,404222,0.9133240815997123,72.83653846153847,0.9081874260535607,1.0,0.3145719702064071,0.5559437975250668,0.3145719702064071,power,9.652667045593262,11.711637496948242,11.830540657043457,0.0018805419094860554,0.0001368688549056527,20.0,0.9956206896551724
femnist,full,96,1.0,404222,404222,0.912635600636713,74.03846153846153,0.9299433781550481,1.0,0.3145719702064071,0.5559437975250668,0.3145719702064071,power,9.585865020751953,10.989872932434082,11.38691520690918,0.0019347290508449078,0.0001282018762293857,20.0,0.9956206896551724
femnist,full,97,1.0,404222,404222,0.8392539786081761,73.5576923076923,0.907296400803786,1.0,0.3145719702064071,0.5559437975250668,0.3145719702064071,power,9.589635848999023,11.303131103515625,11.610738754272461,0.0019119457574561238,0.000128652912850318,20.0,0.9956206896551724
femnist,full,98,1.0,404222,404222,0.929368561115116,72.83653846153847,0.9007264650785006,1.0,0.3145719702064071,0.5559437975250668,0.3145719702064071,power,9.628148078918457,10.988527297973633,11.925631523132324,0.001970443408936262,0.00013821640096394088,20.0,0.9956206896551724
femnist,full,99,1.0,404222,404222,0.9272443475294858,71.63461538461539,0.8942435337946966,1.0,0.3145719702064071,0.5559437975250668,0.3145719702064071,power,9.544865608215332,10.887136459350586,10.977436065673828,0.001887315302155912,0.00011936381779619195,20.0,0.9956206896551724
femnist,full,100,1.0,404222,404222,0.8294079699087888,73.5576923076923,0.8987759810227615,1.0,0.3145719702064071,0.5559437975250668,0.3145719702064071,power,9.583917617797852,11.553653717041016,11.954681396484375,0.0019285713788121939,0.00013476851980690553,20.0,0.9956206896551724
femnist,full,101,1.0,404222,404222,0.8930446328781546,73.5576923076923,0.9012795961820163,1.0,0.3145719702064071,0.5559437975250668,0.3145719702064071,power,9.624234199523926,11.509231567382812,11.9859037399292,0.0020024629775434732,0.00013410474516764478,20.0,0.9956206896551724
femnist,full,102,1.0,404222,404222,0.8473452443815768,73.5576923076923,0.8993156139667218,1.0,0.3145719702064071,0.5559437975250668,0.3145719702064071,power,9.637605667114258,11.180432319641113,11.405034065246582,0.0019033250864595175,0.00013298537479815235,20.0,0.9956206896551724
femnist,full,103,1.0,404222,404222,0.8253222780302167,72.35576923076923,0.8727787457979642,1.0,0.3145719702064071,0.5559437975250668,0.3145719702064071,power,9.574054718017578,10.859111785888672,12.119893074035645,0.001881157630123198,0.00011997265196820734,20.0,0.9956206896551724
femnist,full,104,1.0,404222,404222,0.8861075256904586,72.83653846153847,0.8890308233407828,1.0,0.3145719702064071,0.5559437975250668,0.3145719702064071,power,9.535335540771484,11.029290199279785,11.866111755371094,0.0018866994651034474,0.00012014889541698961,20.0,0.9956206896551724
femnist,full,105,1.0,404222,404222,0.8895985891669989,73.3173076923077,0.8580397825974685,1.0,0.3145719702064071,0.5559437975250668,0.3145719702064071,power,9.641597747802734,11.147619247436523,11.27387809753418,0.002006157534196973,0.00013813132458691133,20.0,0.9956206896551724
femnist,full,106,1.0,404222,404222,0.81008986372035,73.5576923076923,0.8782301682692307,1.0,0.3145719702064071,0.5559437975250668,0.3145719702064071,power,9.57705020904541,11.515142440795898,11.56090259552002,0.0019427340012043715,0.00012904924760761383,20.0,0.9956206896551724
femnist,full,107,1.0,404222,404222,0.8688498904695734,73.3173076923077,0.8741915776179388,1.0,0.3145719702064071,0.5559437975250668,0.3145719702064071,power,9.620552062988281,11.149005889892578,11.24788761138916,0.0019476601155474782,0.00013588785844660336,20.0,0.9956206896551724
femnist,full,108,1.0,404222,404222,0.7991932545742021,74.51923076923077,0.8578376770019531,1.0,0.3145719702064071,0.5559437975250668,0.3145719702064071,power,9.534868240356445,10.994071960449219,11.598161697387695,0.0019014778081327677,0.00011866289983672939,20.0,0.9956206896551724
femnist,full,109,1.0,404222,404222,0.7602660133969038,75.72115384615384,0.83965697655311,1.0,0.3145719702064071,0.5559437975250668,0.3145719702064071,power,9.604621887207031,10.949470520019531,11.285284042358398,0.0018940886948257685,0.00012492541953915736,20.0,0.9956206896551724
femnist,full,110,1.0,404222,404222,0.7857568812556563,74.51923076923077,0.8661102881798377,1.0,0.3145719702064071,0.5559437975250668,0.3145719702064071,power,9.544513702392578,11.21611213684082,11.536745071411133,0.0018885467434301972,0.00012182459700383606,20.0,0.9956206896551724
femnist,full,111,1.0,404222,404222,0.8485136989527382,75.48076923076923,0.8557668832632211,1.0,0.3145719702064071,0.5559437975250668,0.3145719702064071,power,9.541058540344238,11.111451148986816,11.825018882751465,0.0018996305298060179,0.00012074029512126147,20.0,0.9956206896551724
femnist,full,112,1.0,404222,404222,0.774121828339994,75.24038461538461,0.8467914874737079,1.0,0.3145719702064071,0.5559437975250668,0.3145719702064071,power,9.598429679870605,10.928718566894531,11.144622802734375,0.002001231536269188,0.0001271924422425724,20.0,0.9956206896551724
femnist,full,113,1.0,404222,404222,0.8266715795919298,76.92307692307692,0.8458930529080905,1.0,0.3145719702064071,0.5559437975250668,0.3145719702064071,power,9.615654945373535,11.229434967041016,11.28626823425293,0.0019033250864595175,0.000129387945452205,20.0,0.9956206896551724
femnist,full,114,1.0,404222,404222,0.8547740350011734,75.72115384615384,0.848940922663762,1.0,0.3145719702064071,0.5559437975250668,0.3145719702064071,power,9.59534740447998,10.901951789855957,11.244112014770508,0.0019938424229621887,0.00013066885883578124,20.0,0.9956206896551724
femnist,full,115,1.0,404222,404222,0.7631426679342985,76.92307692307692,0.829468507033128,1.0,0.3145719702064071,0.5559437975250668,0.3145719702064071,power,9.569660186767578,11.11097240447998,12.177167892456055,0.0019488916732370853,0.00012804003682794266,20.0,0.9956206896551724
femnist,full,116,1.0,404222,404222,0.834878371283412,76.20192307692308,0.8250479331383338,1.0,0.3145719702064071,0.5559437975250668,0.3145719702064071,power,9.64216423034668,11.389768600463867,11.783858299255371,0.0019304187735542655,0.00013539773412247295,20.0,0.9956206896551724
femnist,full,117,1.0,404222,404222,0.8114116689329967,75.24038461538461,0.8160919042734,1.0,0.3145719702064071,0.5559437975250668,0.3145719702064071,power,9.644903182983398,11.097434997558594,11.385208129882812,0.001935960608534515,0.0001347431953175894,20.0,0.9956206896551724
femnist,full,118,1.0,404222,404222,0.8408366774220484,76.6826923076923,0.8280818645770733,1.0,0.3145719702064071,0.5559437975250668,0.3145719702064071,power,9.554730415344238,11.11739730834961,11.819347381591797,0.0018916255794465542,0.00012447024176971404,20.0,0.9956206896551724
femnist,full,119,1.0,404222,404222,0.8407338141370566,76.4423076923077,0.8145993306086614,1.0,0.3145719702064071,0.5559437975250668,0.3145719702064071,power,9.636770248413086,11.086670875549316,11.464909553527832,0.0019821429159492254,0.00013597201294063724,20.0,0.9956206896551724
femnist,full,120,1.0,404222,404222,0.7652959864609874,76.4423076923077,0.8102876223050631,1.0,0.3145719702064071,0.5559437975250668,0.3145719702064071,power,9.613531112670898,11.357259750366211,11.69517707824707,0.00198891619220376,0.0001340878187202758,20.0,0.9956206896551724
femnist,full,121,1.0,404222,404222,0.7745610242220573,76.92307692307692,0.7977149669940655,1.0,0.3145719702064071,0.5559437975250668,0.3145719702064071,power,9.59330940246582,11.174659729003906,11.83385944366455,0.0019987684208899736,0.00013236215599775688,20.0,0.9956206896551724
femnist,full,122,1.0,404222,404222,0.7944292101293103,76.6826923076923,0.7950749030480018,1.0,0.3145719702064071,0.5559437975250668,0.3145719702064071,power,9.598807334899902,10.90269947052002,11.015625953674316,0.0020000000949949026,0.0001249460947843783,20.0,0.9956206896551724
femnist,full,123,1.0,404222,404222,0.8234361339360475,77.16346153846153,0.8096981048583984,1.0,0.3145719702064071,0.5559437975250668,0.3145719702064071,power,9.519681930541992,10.946613311767578,11.91634750366211,0.001910098479129374,0.0001117905535691305,20.0,0.9956206896551724
femnist,full,124,1.0,404222,404222,0.7792099980777129,77.16346153846153,0.7944142268254206,1.0,0.3145719702064071,0.5559437975250668,0.3145719702064071,power,9.567390441894531,10.948894500732422,11.17282485961914,0.0018910098588094115,0.00012015513192820187,20.0,0.9956206896551724
femnist,full,125,1.0,404222,404222,0.7964562641689554,78.125,0.7873362761277419,1.0,0.3145719702064071,0.5559437975250668,0.3145719702064071,power,9.57235336303711,10.648868560791016,11.266613960266113,0.0019802956376224756,0.00012208883380171882,20.0,0.9956206896551724
femnist,full,126,1.0,404222,404222,0.7247805289900862,76.92307692307692,0.8000294612004206,1.0,0.3145719702064071,0.5559437975250668,0.3145719702064071,power,9.507526397705078,11.231078147888184,12.012948989868164,0.0019544335082173347,0.00011704548676526356,20.0,0.9956206896551724
femnist,full,127,1.0,404222,404222,0.7087701369961724,76.92307692307692,0.7767850435697116,1.0,0.3145719702064071,0.5559437975250668,0.3145719702064071,power,9.510847091674805,11.233628273010254,11.754035949707031,0.0019107143161818385,0.00011479933064551945,20.0,0.9956206896551724
femnist,full,128,1.0,404222,404222,0.7017506346106529,76.6826923076923,0.7831227229191706,1.0,0.3145719702064071,0.5559437975250668,0.3145719702064071,power,9.558688163757324,11.027483940124512,11.419656753540039,0.0018411329947412014,0.00011966257049638229,20.0,0.9956206896551724
femnist,full,129,1.0,404222,404222,0.8021838202339131,76.4423076923077,0.7933349609375,1.0,0.3145719702064071,0.5559437975250668,0.3145719702064071,power,9.578596115112305,10.920061111450195,11.142166137695312,0.0019261083798483014,0.00012339837106621724,20.0,0.9956206896551724
femnist,full,130,1.0,404222,404222,0.7923174376040698,76.6826923076923,0.7724992311917819,1.0,0.3145719702064071,0.5559437975250668,0.3145719702064071,power,9.619831085205078,11.05733585357666,11.426152229309082,0.0019285713788121939,0.00013226747996003185,20.0,0.9956206896551724
femnist,full,131,1.0,404222,404222,0.777945438331226,77.16346153846153,0.7884728358342097,1.0,0.3145719702064071,0.5559437975250668,0.3145719702064071,power,9.554615020751953,10.901910781860352,11.038636207580566,0.0019513546722009778,0.00012477677304176472,20.0,0.9956206896551724
femnist,full,132,1.0,404222,404222,0.83347438164521,76.6826923076923,0.7894694988544171,1.0,0.3145719702064071,0.5559437975250668,0.3145719702064071,power,9.526658058166504,11.056589126586914,11.524101257324219,0.001838669995777309,0.00011489891756467932,20.0,0.9956206896551724
femnist,full,133,1.0,404222,404222,0.6704566096607596,77.16346153846153,0.7808913450974685,1.0,0.3145719702064071,0.5559437975250668,0.3145719702064071,power,9.606322288513184,11.088353157043457,11.356220245361328,0.0019273399375379086,0.00012384374650284473,20.0,0.9956206896551724
femnist,full,134,1.0,404222,404222,0.7884101986326277,76.4423076923077,0.7928606180044321,1.0,0.3145719702064071,0.5559437975250668,0.3145719702064071,power,9.621758460998535,11.230374336242676,12.259077072143555,0.0019193349871784449,0.00012891940043702495,20.0,0.9956206896551724
femnist,full,135,1.0,404222,404222,0.7074127153307199,76.4423076923077,0.7896184187669021,1.0,0.3145719702064071,0.5559437975250668,0.3145719702064071,power,9.611898422241211,11.07707691192627,11.451370239257812,0.001896551693789661,0.0001233968869333696,20.0,0.9956206896551724
femnist,full,136,1.0,404222,404222,0.7190118508064188,77.88461538461539,0.8104848861694336,1.0,0.3145719702064071,0.5559437975250668,0.3145719702064071,power,9.538315773010254,11.134244918823242,11.63398265838623,0.0019593595061451197,0.00012219810900800332,20.0,0.9956206896551724
femnist,full,137,1.0,404222,404222,0.7686625000648201,77.16346153846153,0.8052196502685547,1.0,0.3145719702064071,0.5559437975250668,0.3145719702064071,power,9.563338279724121,11.089009284973145,11.650617599487305,0.0019636698998510838,0.0001221771470043173,20.0,0.9956206896551724
femnist,full,138,1.0,404222,404222,0.7997410994861275,75.24038461538461,0.8006125230055589,1.0,0.3145719702064071,0.5559437975250668,0.3145719702064071,power,9.522453308105469,11.155571937561035,11.88907527923584,0.0018374384380877018,0.00011978167294746006,20.0,0.9956206896551724
femnist,full,139,1.0,404222,404222,0.7756043153256178,75.96153846153847,0.8126322672917292,1.0,0.3145719702064071,0.5559437975250668,0.3145719702064071,power,9.575495719909668,11.035284042358398,11.391864776611328,0.0019926107488572598,0.00012931705393390196,20.0,0.9956206896551724
femnist,full,140,1.0,404222,404222,0.7180120570980943,75.96153846153847,0.8007429563082181,1.0,0.3145719702064071,0.5559437975250668,0.3145719702064071,power,9.58850383758545,11.308980941772461,11.790313720703125,0.0019698275718837976,0.00012610800039100216,20.0,0.9956206896551724
femnist,full,141,1.0,404222,404222,0.7140636050282047,76.4423076923077,0.7763181833120493,1.0,0.3145719702064071,0.5559437975250668,0.3145719702064071,power,9.571921348571777,11.38677978515625,12.29356575012207,0.0019439655588939786,0.00012637419361497635,20.0,0.9956206896551724
femnist,full,142,1.0,404222,404222,0.7423592260619627,74.75961538461539,0.7985741541935847,1.0,0.3145719702064071,0.5559437975250668,0.3145719702064071,power,9.563494682312012,11.249314308166504,12.431822776794434,0.0018891625804826617,0.0001280905695629289,20.0,0.9956206896551724
femnist,full,143,1.0,404222,404222,0.7264740820601582,75.72115384615384,0.797423216012808,1.0,0.3145719702064071,0.5559437975250668,0.3145719702064071,power,9.56773853302002,10.92651081085205,11.24720573425293,0.0019033250864595175,0.00012419842849736406,20.0,0.9956206896551724
femnist,full,144,1.0,404222,404222,0.694746188838035,76.20192307692308,0.79004089648907,1.0,0.3145719702064071,0.5559437975250668,0.3145719702064071,power,9.567298889160156,11.035733222961426,11.61409854888916,0.0018885467434301972,0.00011935750582471652,20.0,0.9956206896551724
femnist,full,145,1.0,404222,404222,0.681062484779395,78.125,0.7672480069673978,1.0,0.3145719702064071,0.5559437975250668,0.3145719702064071,power,9.623160362243652,11.393892288208008,11.885677337646484,0.0019304187735542655,0.00012580000178364888,20.0,0.9956206896551724
femnist,full,146,1.0,404222,404222,0.8196643314510584,77.64423076923077,0.7694543691781851,1.0,0.3145719702064071,0.5559437975250668,0.3145719702064071,power,9.550135612487793,10.871975898742676,10.923721313476562,0.0019150245934724808,0.0001209192141342907,20.0,0.9956206896551724
femnist,full,147,1.0,404222,404222,0.7416446517920121,76.6826923076923,0.7675198775071365,1.0,0.3145719702064071,0.5559437975250668,0.3145719702064071,power,9.607185363769531,11.301774024963379,11.637066841125488,0.001932881772518158,0.00012781097268719068,20.0,0.9956206896551724
femnist,full,148,1.0,404222,404222,0.735024205375812,75.96153846153847,0.7768562757051908,1.0,0.3145719702064071,0.5559437975250668,0.3145719702064071,power,9.575967788696289,11.231992721557617,11.689156532287598,0.001832512323744595,0.00012232389928406337,20.0,0.9956206896551724
femnist,full,149,1.0,404222,404222,0.6977023428061512,77.16346153846153,0.795696918780987,1.0,0.3145719702064071,0.5559437975250668,0.3145719702064071,power,9.584259986877441,11.292291641235352,12.850523948669434,0.0019408867228776217,0.0001329877332021919,20.0,0.9956206896551724
femnist,full,150,1.0,404222,404222,0.6803118371218443,75.72115384615384,0.7942807124211237,1.0,0.3145719702064071,0.5559437975250668,0.3145719702064071,power,9.632375717163086,11.15832233428955,11.419210433959961,0.0018694581231102347,0.00013362121890979106,20.0,0.9956206896551724
femnist,full,151,1.0,404222,404222,0.6480266048316845,77.64423076923077,0.758391600388747,1.0,0.3145719702064071,0.5559437975250668,0.3145719702064071,power,9.59900951385498,11.027311325073242,11.309370994567871,0.0018885467434301972,0.00012441767316372757,20.0,0.9956206896551724
femnist,full,152,1.0,404222,404222,0.8064237355894874,76.20192307692308,0.7856578826904297,1.0,0.3145719702064071,0.5559437975250668,0.3145719702064071,power,9.600428581237793,11.435364723205566,12.246221542358398,0.0019458128372207284,0.00013391800718081778,20.0,0.9956206896551724
femnist,full,153,1.0,404222,404222,0.6804059881344438,75.96153846153847,0.7450809478759766,1.0,0.3145719702064071,0.5559437975250668,0.3145719702064071,power,9.590130805969238,11.249563217163086,11.543903350830078,0.0019082512008026242,0.00012967819242608962,20.0,0.9956206896551724
femnist,full,154,1.0,404222,404222,0.6442361899372189,78.36538461538461,0.7694579637967623,1.0,0.3145719702064071,0.5559437975250668,0.3145719702064071,power,9.598906517028809,11.156807899475098,11.2882661819458,0.0019033250864595175,0.00012505163592639918,20.0,0.9956206896551724
femnist,full,155,1.0,404222,404222,0.7016794805694371,78.84615384615384,0.7601721836970403,1.0,0.3145719702064071,0.5559437975250668,0.3145719702064071,power,9.567618370056152,10.916651725769043,11.106672286987305,0.0018897783011198044,0.00012165761811169836,20.0,0.9956206896551724
femnist,full,156,1.0,404222,404222,0.6306082622380927,78.36538461538461,0.7450077350323017,1.0,0.3145719702064071,0.5559437975250668,0.3145719702064071,power,9.570427894592285,11.268011093139648,11.316389083862305,0.0018891625804826617,0.00012638742469699333,20.0,0.9956206896551724
femnist,full,157,1.0,404222,404222,0.6703089604154229,78.125,0.7257344172551081,1.0,0.3145719702064071,0.5559437975250668,0.3145719702064071,power,9.61340618133545,11.196560859680176,11.682839393615723,0.001934113330207765,0.00012448053793923965,20.0,0.9956206896551724
femnist,full,158,1.0,404222,404222,0.7135163485165685,77.16346153846153,0.7603687139657828,1.0,0.3145719702064071,0.5559437975250668,0.3145719702064071,power,9.648805618286133,11.0887451171875,11.846153259277344,0.0019304187735542655,0.00013860084113065138,20.0,0.9956206896551724
femnist,full,159,1.0,404222,404222,0.7676467817649245,79.08653846153847,0.7593517303466797,1.0,0.3145719702064071,0.5559437975250668,0.3145719702064071,power,9.559301376342773,11.223518371582031,11.546737670898438,0.001850985223427415,0.00012280373581825127,20.0,0.9956206896551724
femnist,full,160,1.0,404222,404222,0.6933357478817925,77.40384615384616,0.7857187711275541,1.0,0.3145719702064071,0.5559437975250668,0.3145719702064071,power,9.643208503723145,11.204344749450684,11.552831649780273,0.0019390394445508718,0.0001345943707826607,20.0,0.9956206896551724
femnist,full,161,1.0,404222,404222,0.7439554380998015,78.36538461538461,0.7589583030113807,1.0,0.3145719702064071,0.5559437975250668,0.3145719702064071,power,9.51093864440918,10.822728157043457,11.406343460083008,0.001917487708851695,0.00011603979799862854,20.0,0.9956206896551724
femnist,full,162,1.0,404222,404222,0.6359503277577458,77.40384615384616,0.7601952185997596,1.0,0.3145719702064071,0.5559437975250668,0.3145719702064071,power,9.53332805633545,11.191340446472168,11.419849395751953,0.001828201930038631,0.00011858918117126073,20.0,0.9956206896551724
femnist,full,163,1.0,404222,404222,0.6203551640757359,78.60576923076923,0.7384627415583684,1.0,0.3145719702064071,0.5559437975250668,0.3145719702064071,power,9.568682670593262,11.202580451965332,11.56894588470459,0.0019254926592111588,0.00012285360841184258,20.0,0.9956206896551724
femnist,full,164,1.0,404222,404222,0.7056403390713968,77.88461538461539,0.7873392838698167,1.0,0.3145719702064071,0.5559437975250668,0.3145719702064071,power,9.554439544677734,10.931719779968262,11.236124992370605,0.001970443408936262,0.00012022181383200377,20.0,0.9956206896551724
femnist,full,165,1.0,404222,404222,0.655424287247006,79.08653846153847,0.7625333345853366,1.0,0.3145719702064071,0.5559437975250668,0.3145719702064071,power,9.624675750732422,11.713081359863281,12.42457389831543,0.0019408867228776217,0.0001306292284845213,20.0,0.9956206896551724
femnist,full,166,1.0,404222,404222,0.7037648520176298,79.08653846153847,0.74505798633282,1.0,0.3145719702064071,0.5559437975250668,0.3145719702064071,power,9.563313484191895,11.089555740356445,11.140501022338867,0.001977216685190797,0.00012550369485074496,20.0,0.9956206896551724
femnist,full,167,1.0,404222,404222,0.6936392616480588,78.84615384615384,0.7296469761775091,1.0,0.3145719702064071,0.5559437975250668,0.3145719702064071,power,9.547260284423828,11.462224960327148,11.668562889099121,0.001945197000168264,0.00012453211138430887,20.0,0.9956206896551724
femnist,full,168,1.0,404222,404222,0.5999579397961498,78.84615384615384,0.7248921761145959,1.0,0.3145719702064071,0.5559437975250668,0.3145719702064071,power,9.622566223144531,11.084684371948242,11.33966064453125,0.0019519703928381205,0.0001267714127254562,20.0,0.9956206896551724
femnist,full,169,1.0,404222,404222,0.6241468759998678,78.84615384615384,0.7522058486938477,1.0,0.3145719702064071,0.5559437975250668,0.3145719702064071,power,9.622679710388184,11.391719818115234,11.577823638916016,0.0019137931521981955,0.0001336727727737354,20.0,0.9956206896551724
femnist,full,170,1.0,404222,404222,0.6956824592221529,79.08653846153847,0.7520900139441857,1.0,0.3145719702064071,0.5559437975250668,0.3145719702064071,power,9.578356742858887,11.087141036987305,11.538982391357422,0.0019014778081327677,0.00012420456051960934,20.0,0.9956206896551724
femnist,full,171,1.0,404222,404222,0.6378406951390206,76.92307692307692,0.7317231985238882,1.0,0.3145719702064071,0.5559437975250668,0.3145719702064071,power,9.54069995880127,11.033303260803223,11.447660446166992,0.0019649015739560127,0.00012887295750427436,20.0,0.9956206896551724
femnist,full,172,1.0,404222,404222,0.5998993492824957,79.8076923076923,0.6972230764535757,1.0,0.3145719702064071,0.5559437975250668,0.3145719702064071,power,9.537858963012695,11.044853210449219,11.279899597167969,0.0019094827584922314,0.00011735620736614505,20.0,0.9956206896551724
femnist,full,173,1.0,404222,404222,0.7573077577864751,78.36538461538461,0.7416579906757061,1.0,0.3145719702064071,0.5559437975250668,0.3145719702064071,power,9.590391159057617,11.080636024475098,11.745922088623047,0.0019236452644690871,0.0001275313497051335,20.0,0.9956206896551724
femnist,full,174,1.0,404222,404222,0.578385493668611,77.40384615384616,0.7246985802283654,1.0,0.3145719702064071,0.5559437975250668,0.3145719702064071,power,9.603485107421875,11.403532981872559,11.524755477905273,0.0019156404305249453,0.00013004885173152706,20.0,0.9956206896551724
femnist,full,175,1.0,404222,404222,0.6043117367662488,77.88461538461539,0.7242691333477314,1.0,0.3145719702064071,0.5559437975250668,0.3145719702064071,power,9.648602485656738,11.181023597717285,11.466867446899414,0.0019020936451852322,0.0001316245779948544,20.0,0.9956206896551724
femnist,full,176,1.0,404222,404222,0.6652781176660209,76.92307692307692,0.746090815617488,1.0,0.3145719702064071,0.5559437975250668,0.3145719702064071,power,9.590100288391113,11.4715576171875,11.820976257324219,0.0019347290508449078,0.00013074944662757788,20.0,0.9956206896551724
femnist,full,177,1.0,404222,404222,0.639437906886451,77.40384615384616,0.7250442504882812,1.0,0.3145719702064071,0.5559437975250668,0.3145719702064071,power,9.572285652160645,10.88410758972168,11.07797622680664,0.001963054295629263,0.00012664889974086323,20.0,0.9956206896551724
femnist,full,178,1.0,404222,404222,0.6750655527599155,76.20192307692308,0.7739299627450796,1.0,0.3145719702064071,0.5559437975250668,0.3145719702064071,power,9.561631202697754,10.940073013305664,11.182863235473633,0.0019445812795311213,0.00012298813814748142,20.0,0.9956206896551724
femnist,full,179,1.0,404222,404222,0.7973388872412033,77.88461538461539,0.7498629643366888,1.0,0.3145719702064071,0.5559437975250668,0.3145719702064071,power,9.622076034545898,11.408024787902832,11.7915620803833,0.001976601080968976,0.00014073544368442713,20.0,0.9956206896551724
femnist,full,180,1.0,404222,404222,0.5990306899230927,78.125,0.7426145993746244,1.0,0.3145719702064071,0.5559437975250668,0.3145719702064071,power,9.50943660736084,11.070354461669922,11.41910457611084,0.0018891625804826617,0.0001149388262008797,20.0,0.9956206896551724
femnist,full,181,1.0,404222,404222,0.5751003533008043,78.125,0.7556381225585938,1.0,0.3145719702064071,0.5559437975250668,0.3145719702064071,power,9.609188079833984,11.189519882202148,11.274663925170898,0.0019605911802500486,0.00013812685124848294,20.0,0.9956206896551724
femnist,full,182,1.0,404222,404222,0.646478660167195,78.36538461538461,0.7492931806124173,1.0,0.3145719702064071,0.5559437975250668,0.3145719702064071,power,9.603240013122559,11.464080810546875,11.849160194396973,0.0019642857369035482,0.00013158023472908468,20.0,0.9956206896551724
femnist,full,183,1.0,404222,404222,0.5880910528058302,78.36538461538461,0.7351204065176157,1.0,0.3145719702064071,0.5559437975250668,0.3145719702064071,power,9.545802116394043,11.069621086120605,11.355925559997559,0.001903940923511982,0.00011826214440505016,20.0,0.9956206896551724
femnist,full,184,1.0,404222,404222,0.6399934123642742,78.125,0.7218188505906326,1.0,0.3145719702064071,0.5559437975250668,0.3145719702064071,power,9.645899772644043,11.11447525024414,11.718057632446289,0.001985837472602725,0.00013660419546157615,20.0,0.9956206896551724
femnist,full,185,1.0,404222,404222,0.6152110739855561,76.6826923076923,0.7332911124596229,1.0,0.3145719702064071,0.5559437975250668,0.3145719702064071,power,9.56972599029541,11.166873931884766,11.330999374389648,0.001878078794106841,0.00011952142529828456,20.0,0.9956206896551724
femnist,full,186,1.0,404222,404222,0.6320393379172311,77.64423076923077,0.7280368804931641,1.0,0.3145719702064071,0.5559437975250668,0.3145719702064071,power,9.568010330200195,11.19017219543457,11.708929061889648,0.0019402708858251572,0.0001265473437503558,20.0,0.9956206896551724
femnist,full,187,1.0,404222,404222,0.5835478707775474,77.40384615384616,0.7395497102003831,1.0,0.3145719702064071,0.5559437975250668,0.3145719702064071,power,9.611199378967285,11.113362312316895,11.65532112121582,0.0019285713788121939,0.00012902822842798413,20.0,0.9956206896551724
femnist,full,188,1.0,404222,404222,0.7092569494154304,76.92307692307692,0.7441974786611704,1.0,0.3145719702064071,0.5559437975250668,0.3145719702064071,power,9.578646659851074,11.058287620544434,11.264324188232422,0.0018866994651034474,0.00012091451883511298,20.0,0.9956206896551724
femnist,full,189,1.0,404222,404222,0.6202643632027319,77.16346153846153,0.7438319279597356,1.0,0.3145719702064071,0.5559437975250668,0.3145719702064071,power,9.569497108459473,11.275863647460938,11.48425006866455,0.0018860837444663048,0.00012466265807455282,20.0,0.9956206896551724
femnist,full,190,1.0,404222,404222,0.6037093118799385,77.16346153846153,0.7280741471510667,1.0,0.3145719702064071,0.5559437975250668,0.3145719702064071,power,9.604473114013672,11.109393119812012,11.214261054992676,0.0019421182805672288,0.0001259378446762686,20.0,0.9956206896551724
femnist,full,191,1.0,404222,404222,0.6623754973732867,77.64423076923077,0.7619828444260818,1.0,0.3145719702064071,0.5559437975250668,0.3145719702064071,power,9.547569274902344,11.189481735229492,11.519509315490723,0.0018663792870938778,0.00012084726554376446,20.0,0.9956206896551724
femnist,full,192,1.0,404222,404222,0.6352444702410139,77.88461538461539,0.7355904212364783,1.0,0.3145719702064071,0.5559437975250668,0.3145719702064071,power,9.647054672241211,11.340339660644531,12.03028678894043,0.0019150245934724808,0.00013882967917943785,20.0,0.9956206896551724
femnist,full,193,1.0,404222,404222,0.6456571325473487,77.40384615384616,0.7617357694185697,1.0,0.3145719702064071,0.5559437975250668,0.3145719702064071,power,9.57886791229248,11.214614868164062,11.567527770996094,0.0019082512008026242,0.00013252463980860176,20.0,0.9956206896551724
femnist,full,194,1.0,404222,404222,0.7101188135135454,80.52884615384616,0.7120645963228666,1.0,0.3145719702064071,0.5559437975250668,0.3145719702064071,power,9.515161514282227,11.145030975341797,11.740097045898438,0.0018577586160972714,0.00011701612805174993,20.0,0.9956206896551724
femnist,full,195,1.0,404222,404222,0.6086330865509808,78.60576923076923,0.7192620497483474,1.0,0.3145719702064071,0.5559437975250668,0.3145719702064071,power,9.572868347167969,11.01362133026123,11.496771812438965,0.001867610844783485,0.00011962103980976986,20.0,0.9956206896551724
femnist,full,196,1.0,404222,404222,0.5800476416898891,77.88461538461539,0.737453974210299,1.0,0.3145719702064071,0.5559437975250668,0.3145719702064071,power,9.538175582885742,10.944050788879395,11.199417114257812,0.0019064039224758744,0.00011436722218562824,20.0,0.9956206896551724
femnist,full,197,1.0,404222,404222,0.6654629639536143,78.36538461538461,0.7333580897404597,1.0,0.3145719702064071,0.5559437975250668,0.3145719702064071,power,9.55300521850586,11.498790740966797,12.411566734313965,0.0019334974931553006,0.0001223138658545448,20.0,0.9956206896551724
femnist,full,198,1.0,404222,404222,0.5933248527534307,77.64423076923077,0.7570279928354117,1.0,0.3145719702064071,0.5559437975250668,0.3145719702064071,power,9.665014266967773,11.101147651672363,11.499872207641602,0.0019248768221586943,0.00013162378052086984,20.0,0.9956206896551724
femnist,full,199,1.0,404222,404222,0.563075625146739,77.16346153846153,0.7467913994422326,1.0,0.3145719702064071,0.5559437975250668,0.3145719702064071,power,9.602191925048828,11.280726432800293,11.596822738647461,0.0019802956376224756,0.00012848058872544837,20.0,0.9956206896551724
femnist,full,200,1.0,404222,404222,0.6132126455754042,77.88461538461539,0.7363580557016226,1.0,0.3145719702064071,0.5559437975250668,0.3145719702064071,power,9.634944915771484,11.157063484191895,11.433124542236328,0.0019470442784950137,0.00013391304154202304,20.0,0.9956206896551724
