dataset,method,round,ratio,k,d,train_loss,test_accuracy,test_loss,retained_energy,b_power,b_privacy,b_star,regime,papr_mean_db,papr_p99_db,papr_max_db,clip_sample_ratio,normalized_clip_energy,u_active_mean,active_resource_ratio
femnist,topk,1,0.2,80844,404222,3.8671947312355046,6.490384615384615,3.8373900193434496,0.9393216203870137,0.7034060493475798,1.2431311983067246,0.7034060493475798,power,9.553027153015137,11.103270530700684,11.265972137451172,0.0019802956376224756,0.00012730419346188902,6.902251243591309,0.5769802955665024
femnist,topk,2,0.2,80844,404222,3.6957390046119682,16.58653846153846,3.7770086435171275,0.9091954649125903,0.7034060493475798,1.2431311983067246,0.7034060493475798,power,9.626677513122559,11.425743103027344,11.742310523986816,0.0019642857369035482,0.0001337096122554509,6.211578369140625,0.6411354679802955
femnist,topk,3,0.2,80844,404222,3.6710644721984864,15.14423076923077,3.677996121920072,0.8965986262423954,0.7034060493475798,1.2431311983067246,0.7034060493475798,power,9.59543514251709,11.008576393127441,11.344467163085938,0.0019593595061451197,0.00012531143924053497,5.996662139892578,0.6641133004926109
femnist,topk,4,0.2,80844,404222,3.5674620103836063,20.91346153846154,3.63461186335637,0.8848032720004271,0.7034060493475798,1.2431311983067246,0.7034060493475798,power,9.553275108337402,11.04869556427002,11.428194046020508,0.001881157630123198,0.00012179212493254898,5.87770414352417,0.6775541871921182
femnist,topk,5,0.2,80844,404222,3.5119356215000153,22.83653846153846,3.5417251586914062,0.8700269703022311,0.7034060493475798,1.2431311983067246,0.7034060493475798,power,9.501136779785156,11.23940372467041,11.462394714355469,0.0018706896807998419,0.00011332890531925188,5.709342002868652,0.6975344827586207
femnist,topk,6,0.2,80844,404222,3.4517531788349145,25.721153846153847,3.440342829777644,0.8682667429460336,0.7034060493475798,1.2431311983067246,0.7034060493475798,power,9.539501190185547,11.201726913452148,11.348567962646484,0.001881157630123198,0.00011758343821933723,5.666721343994141,0.7027807881773399
femnist,topk,7,0.2,80844,404222,3.3390058565139773,24.278846153846153,3.3911716754619894,0.8512095334133685,0.7034060493475798,1.2431311983067246,0.7034060493475798,power,9.54961109161377,11.315095901489258,11.540067672729492,0.0018214285373687744,0.00012297030034820713,5.5523200035095215,0.7172610837438423
femnist,topk,8,0.2,80844,404222,3.307860605716705,26.923076923076923,3.284393310546875,0.8488500465420759,0.7034060493475798,1.2431311983067246,0.7034060493475798,power,9.554306983947754,11.122491836547852,11.374482154846191,0.0018651477294042706,0.00011653912080283338,5.476827621459961,0.7271477832512315
femnist,topk,9,0.2,80844,404222,3.2340721082687383,33.65384615384615,3.1445658757136417,0.8468482376887264,0.7034060493475798,1.2431311983067246,0.7034060493475798,power,9.596582412719727,11.060895919799805,11.249953269958496,0.0019211822655051947,0.00013274270624167946,5.389492034912109,0.7389310344827587
femnist,topk,10,0.2,80844,404222,3.1759322059154504,33.65384615384615,3.0937588031475363,0.8363188869856086,0.7034060493475798,1.2431311983067246,0.7034060493475798,power,9.598057746887207,11.19685173034668,11.561971664428711,0.0017998768016695976,0.0001291940924018485,5.296401023864746,0.7519187192118226
femnist,topk,11,0.2,80844,404222,3.113152365684509,32.21153846153846,3.0174801166240988,0.8327039573689682,0.7034060493475798,1.2431311983067246,0.7034060493475798,power,9.526423454284668,11.155694961547852,11.590425491333008,0.001907019759528339,0.00011678229112012919,5.247616767883301,0.7589088669950739
femnist,topk,12,0.2,80844,404222,2.98431263923645,33.89423076923077,2.8456045297475963,0.829896613538572,0.7034060493475798,1.2431311983067246,0.7034060493475798,power,9.627633094787598,11.599286079406738,12.636415481567383,0.001881157630123198,0.00013380509789394468,5.177628040313721,0.7691674876847291
femnist,topk,13,0.2,80844,404222,2.9205151355266574,37.25961538461539,2.7576822134164662,0.8156126890509361,0.7034060493475798,1.2431311983067246,0.7034060493475798,power,9.637049674987793,11.058758735656738,11.170907974243164,0.0019261083798483014,0.00013390497281049198,5.070878505706787,0.78535960591133
femnist,topk,14,0.2,80844,404222,2.8251959979534145,40.86538461538461,2.6992545494666467,0.8185234197531196,0.7034060493475798,1.2431311983067246,0.7034060493475798,power,9.523033142089844,11.291525840759277,11.933218002319336,0.001867610844783485,0.00012104860986498594,5.0831217765808105,0.7834679802955665
femnist,topk,15,0.2,80844,404222,2.875835990905761,43.02884615384615,2.6565047044020433,0.8218983910836025,0.7034060493475798,1.2431311983067246,0.7034060493475798,power,9.590116500854492,10.926846504211426,11.24205207824707,0.0019137931521981955,0.00012882252009545618,5.068430423736572,0.7857389162561577
femnist,topk,16,0.2,80844,404222,2.7033563566207883,44.47115384615385,2.4997787475585938,0.7992683005150777,0.7034060493475798,1.2431311983067246,0.7034060493475798,power,9.615240097045898,11.210612297058105,12.27155876159668,0.0020067733712494373,0.00013304240321901934,4.9495062828063965,0.8046182266009853
femnist,topk,17,0.2,80844,404222,2.5966697776317593,42.54807692307692,2.425941173846905,0.8048438029566242,0.7034060493475798,1.2431311983067246,0.7034060493475798,power,9.517656326293945,11.021523475646973,12.74028205871582,0.0018743842374533415,0.00011796589136836299,4.997002124786377,0.7969704433497536
femnist,topk,18,0.2,80844,404222,2.617019928693771,45.43269230769231,2.3865438608022838,0.8148605361240275,0.7034060493475798,1.2431311983067246,0.7034060493475798,power,9.598045349121094,11.301527976989746,11.950370788574219,0.0018897783011198044,0.0001289306222303842,4.993144512176514,0.7975862068965517
femnist,topk,19,0.2,80844,404222,2.535496428608895,44.95192307692308,2.320797553429237,0.7980449349774159,0.7034060493475798,1.2431311983067246,0.7034060493475798,power,9.539369583129883,11.16140365600586,11.449934005737305,0.0019107143161818385,0.00011515676563215307,4.920735836029053,0.8093226600985222
femnist,topk,20,0.2,80844,404222,2.5313067388534547,45.91346153846154,2.2489483173076925,0.8051079941527355,0.7034060493475798,1.2431311983067246,0.7034060493475798,power,9.594686508178711,10.927403450012207,11.258951187133789,0.0019057882018387318,0.00012678682591427292,4.952037811279297,0.8042068965517242
femnist,topk,21,0.2,80844,404222,2.446799810528755,44.23076923076923,2.1868431384746847,0.7984106219383988,0.7034060493475798,1.2431311983067246,0.7034060493475798,power,9.634283065795898,11.350577354431152,11.629426956176758,0.001970443408936262,0.0001388532086535121,4.885674953460693,0.8151305418719211
femnist,topk,22,0.2,80844,404222,2.2520498514175418,47.35576923076923,2.0986304649939904,0.7933205179775759,0.7034060493475798,1.2431311983067246,0.7034060493475798,power,9.556445121765137,11.566069602966309,11.657537460327148,0.0019261083798483014,0.00011769297312710786,4.868419647216797,0.8180197044334976
femnist,topk,23,0.2,80844,404222,2.2333608943223955,48.79807692307692,2.046726813683143,0.79715875934056,0.7034060493475798,1.2431311983067246,0.7034060493475798,power,9.510202407836914,11.202903747558594,11.41246223449707,0.0018983989721164107,0.00011462168156100109,4.890477657318115,0.8143300492610838
femnist,topk,24,0.2,80844,404222,2.20888184517622,54.56730769230769,1.9370048229510968,0.794954066714668,0.7034060493475798,1.2431311983067246,0.7034060493475798,power,9.609515190124512,11.553757667541504,12.0244140625,0.0019390394445508718,0.00013254999199355217,4.856779098510742,0.8199802955665024
femnist,topk,25,0.2,80844,404222,2.187318998575211,54.80769230769231,1.9366000248835638,0.7874482467204595,0.7034060493475798,1.2431311983067246,0.7034060493475798,power,9.57386589050293,10.795170783996582,11.429330825805664,0.001932881772518158,0.00012476464206843637,4.796795845031738,0.8302339901477832
femnist,topk,26,0.2,80844,404222,2.0346726402640343,56.49038461538461,1.8687020815335786,0.7900936976799648,0.7034060493475798,1.2431311983067246,0.7034060493475798,power,9.505630493164062,10.845683097839355,11.269891738891602,0.0019113300368189812,0.00011673049577947844,4.831743240356445,0.8242290640394089
femnist,topk,27,0.2,80844,404222,1.9821456184238193,56.97115384615385,1.813166544987605,0.7958926240339206,0.7034060493475798,1.2431311983067246,0.7034060493475798,power,9.605915069580078,11.243895530700684,12.032173156738281,0.0019187192665413022,0.00013474846072704505,4.773303031921387,0.834320197044335
femnist,topk,28,0.2,80844,404222,1.7995033899322153,60.81730769230769,1.717325944166917,0.7722199797634292,0.7034060493475798,1.2431311983067246,0.7034060493475798,power,9.578338623046875,10.952371597290039,11.600091934204102,0.0019396551651880145,0.00012679191761655627,4.683608531951904,0.8502980295566502
femnist,topk,29,0.2,80844,404222,1.8717395207099614,61.29807692307692,1.7192344665527344,0.7951241419279632,0.7034060493475798,1.2431311983067246,0.7034060493475798,power,9.666481018066406,11.239718437194824,11.866196632385254,0.001972290687263012,0.0001352007320991443,4.80529260635376,0.8287660098522167
femnist,topk,30,0.2,80844,404222,1.8228797598183153,61.77884615384615,1.6581974029541016,0.789590368809417,0.7034060493475798,1.2431311983067246,0.7034060493475798,power,9.566343307495117,10.912755012512207,11.288576126098633,0.001858374336734414,0.0001184336166699821,4.789478302001953,0.8315024630541872
femnist,topk,31,0.2,80844,404222,1.634842261802405,62.5,1.554434556227464,0.7699006083821807,0.7034060493475798,1.2431311983067246,0.7034060493475798,power,9.644543647766113,10.97314167022705,11.378413200378418,0.0018897783011198044,0.00012846057491703986,4.660711288452148,0.8544753694581281
femnist,topk,32,0.2,80844,404222,1.6900854432582857,62.74038461538461,1.5439300537109375,0.7835618435352266,0.7034060493475798,1.2431311983067246,0.7034060493475798,power,9.512889862060547,10.805413246154785,10.983964920043945,0.0019107143161818385,0.00011561621442347534,4.782409191131592,0.8327315270935961
femnist,topk,33,0.2,80844,404222,1.6118084074463694,63.22115384615385,1.4745631584754357,0.7909342396291661,0.7034060493475798,1.2431311983067246,0.7034060493475798,power,9.548246383666992,11.117542266845703,11.270292282104492,0.0018774630734696984,0.00011767941717257449,4.805049896240234,0.828807881773399
femnist,topk,34,0.2,80844,404222,1.6153930673003196,65.14423076923077,1.453433110163762,0.7763919690668206,0.7034060493475798,1.2431311983067246,0.7034060493475798,power,9.583913803100586,11.263899803161621,11.864892959594727,0.0019550493452697992,0.0001334243866426112,4.700314521789551,0.8472758620689655
femnist,topk,35,0.2,80844,404222,1.517739567607641,66.10576923076923,1.434006617619441,0.7776594214715847,0.7034060493475798,1.2431311983067246,0.7034060493475798,power,9.624831199645996,11.711581230163574,12.267822265625,0.0019094827584922314,0.00013462334827461485,4.739706993103027,0.8402339901477832
femnist,topk,36,0.2,80844,404222,1.4883247943129392,63.70192307692308,1.4493353917048528,0.7863886373443959,0.7034060493475798,1.2431311983067246,0.7034060493475798,power,9.6387357711792,11.392131805419922,11.896153450012207,0.0019076354801654816,0.00013449321498449815,4.780670166015625,0.8330344827586207
femnist,topk,37,0.2,80844,404222,1.4139809641242027,68.26923076923077,1.3464785355788012,0.7673276797133806,0.7034060493475798,1.2431311983067246,0.7034060493475798,power,9.615347862243652,10.901358604431152,11.814469337463379,0.001956896623596549,0.0001314145607325923,4.670337200164795,0.8527142857142858
femnist,topk,38,0.2,80844,404222,1.4419632197823375,68.26923076923077,1.3274659376878004,0.7777068421066138,0.7034060493475798,1.2431311983067246,0.7034060493475798,power,9.583630561828613,10.934456825256348,11.491433143615723,0.0018897783011198044,0.000122292749812506,4.727663993835449,0.8423743842364532
femnist,topk,39,0.2,80844,404222,1.4168958106823266,67.3076923076923,1.307449927696815,0.7827417177679343,0.7034060493475798,1.2431311983067246,0.7034060493475798,power,9.559350967407227,11.32545280456543,11.398065567016602,0.0019513546722009778,0.00012288600931339495,4.745480060577393,0.8392118226600985
femnist,topk,40,0.2,80844,404222,1.356152978213504,67.54807692307692,1.2837467193603516,0.7686702538054628,0.7034060493475798,1.2431311983067246,0.7034060493475798,power,9.586284637451172,11.259260177612305,11.990704536437988,0.001838669995777309,0.00012064151316269021,4.675076961517334,0.8518497536945813
femnist,topk,41,0.2,80844,404222,1.3634699708409608,68.02884615384616,1.2651138305664062,0.7836622580156425,0.7034060493475798,1.2431311983067246,0.7034060493475798,power,9.569525718688965,10.990055084228516,11.959766387939453,0.0018725369591265917,0.0001240634214895562,4.760626316070557,0.8365418719211822
femnist,topk,42,0.2,80844,404222,1.3231711298413575,67.54807692307692,1.251799803513747,0.7820748351867401,0.7034060493475798,1.2431311983067246,0.7034060493475798,power,9.573556900024414,11.106500625610352,11.650718688964844,0.0019181034294888377,0.0001264933337744527,4.732867240905762,0.8414482758620689
femnist,topk,43,0.2,80844,404222,1.1896114397048947,69.71153846153847,1.186071909390963,0.7591243757607767,0.7034060493475798,1.2431311983067246,0.7034060493475798,power,9.55204963684082,11.365655899047852,11.592177391052246,0.0018565270584076643,0.00012206480791930543,4.620937824249268,0.8618300492610838
femnist,topk,44,0.2,80844,404222,1.404541381653398,68.50961538461539,1.1856991694523737,0.7888126349951562,0.7034060493475798,1.2431311983067246,0.7034060493475798,power,9.598677635192871,11.405080795288086,12.408851623535156,0.0019310344941914082,0.00013158725606224724,4.771753311157227,0.8345911330049262
femnist,topk,45,0.2,80844,404222,1.2620350179914388,68.02884615384616,1.1855735778808594,0.783765710921662,0.7034060493475798,1.2431311983067246,0.7034060493475798,power,9.56862735748291,11.08579158782959,11.468720436096191,0.0019033250864595175,0.00012588684999055282,4.728244781494141,0.8422709359605911
femnist,topk,46,0.2,80844,404222,1.2114036100730299,71.15384615384616,1.1421951880821815,0.7692682743903554,0.7034060493475798,1.2431311983067246,0.7034060493475798,power,9.584212303161621,10.904568672180176,11.198907852172852,0.0019544335082173347,0.00012523360549771939,4.647742748260498,0.85685960591133
femnist,topk,47,0.2,80844,404222,1.091507998937741,70.91346153846153,1.120585955106295,0.7728112478760059,0.7034060493475798,1.2431311983067246,0.7034060493475798,power,9.60118579864502,11.266802787780762,11.711095809936523,0.0019181034294888377,0.00012845953992977617,4.68194055557251,0.8506009852216749
femnist,topk,48,0.2,80844,404222,1.181326432058122,72.11538461538461,1.0979937039888823,0.7841916210396509,0.7034060493475798,1.2431311983067246,0.7034060493475798,power,9.599546432495117,11.08041000366211,11.334110260009766,0.001969211734831333,0.00012686057160616763,4.7175116539001465,0.8441871921182266
femnist,topk,49,0.2,80844,404222,1.1483789603598415,72.59615384615384,1.0785934741680439,0.7657056008837825,0.7034060493475798,1.2431311983067246,0.7034060493475798,power,9.678669929504395,11.396154403686523,11.636401176452637,0.0019827585201710463,0.00013808531621617372,4.616175174713135,0.8627192118226601
femnist,topk,50,0.2,80844,404222,1.1032326647266746,73.5576923076923,1.0566883820753832,0.771239369638823,0.7034060493475798,1.2431311983067246,0.7034060493475798,power,9.63171672821045,11.566815376281738,12.111783981323242,0.001893472857773304,0.00012800958591756024,4.639101505279541,0.8584556650246306
femnist,topk,51,0.2,80844,404222,1.126443526283838,72.59615384615384,1.0574400975153997,0.782214983813712,0.7034060493475798,1.2431311983067246,0.7034060493475798,power,9.566853523254395,11.082331657409668,11.37971305847168,0.0019193349871784449,0.00012899644604133146,4.702159881591797,0.8469433497536946
femnist,topk,52,0.2,80844,404222,1.1348466815054414,72.35576923076923,1.0634183150071363,0.7713488227975067,0.7034060493475798,1.2431311983067246,0.7034060493475798,power,9.510534286499023,11.044265747070312,12.051883697509766,0.001852216781117022,0.00011801402520217493,4.650483131408691,0.8563546798029557
femnist,topk,53,0.2,80844,404222,0.9685035887500272,73.07692307692308,1.0205011367797852,0.766167265702886,0.7034060493475798,1.2431311983067246,0.7034060493475798,power,9.628093719482422,11.175923347473145,11.513263702392578,0.001977216685190797,0.00013580884297280645,4.619274616241455,0.8621403940886699
femnist,topk,54,0.2,80844,404222,0.9533531476324425,72.11538461538461,0.9878746913029597,0.7775107603734949,0.7034060493475798,1.2431311983067246,0.7034060493475798,power,9.511835098266602,11.100255012512207,11.267834663391113,0.0018700738437473774,0.00011267475277239403,4.691014289855957,0.8489556650246305
femnist,topk,55,0.2,80844,404222,0.9409765410795808,73.07692307692308,0.9754301951481745,0.7666782113475448,0.7034060493475798,1.2431311983067246,0.7034060493475798,power,9.561899185180664,11.009382247924805,11.839792251586914,0.001868842402473092,0.0001178476292159493,4.610015392303467,0.863871921182266
femnist,topk,56,0.2,80844,404222,1.0144201801158488,75.24038461538461,0.9774569731492263,0.7772781176580703,0.7034060493475798,1.2431311983067246,0.7034060493475798,power,9.544849395751953,10.837424278259277,11.287851333618164,0.0018830049084499478,0.00011920214944120922,4.682699680328369,0.8504630541871921
femnist,topk,57,0.2,80844,404222,1.0688666950631887,74.51923076923077,0.9685601454514724,0.7776787451846254,0.7034060493475798,1.2431311983067246,0.7034060493475798,power,9.58436107635498,11.069107055664062,11.702977180480957,0.0019304187735542655,0.00012493250127974505,4.668166160583496,0.8531108374384236
femnist,topk,58,0.2,80844,404222,0.9475747703947126,74.75961538461539,0.9482077085054837,0.7642251508433697,0.7034060493475798,1.2431311983067246,0.7034060493475798,power,9.529000282287598,10.899648666381836,11.022212982177734,0.0019217979861423373,0.00011977353498617555,4.595406532287598,0.8666182266009852
femnist,topk,59,0.2,80844,404222,0.9744920225534587,72.83653846153847,0.9486056841336764,0.781374876489813,0.7034060493475798,1.2431311983067246,0.7034060493475798,power,9.57219123840332,11.2463960647583,11.988120079040527,0.0018836207455024123,0.0001275577127569565,4.6902384757995605,0.8490960591133004
femnist,topk,60,0.2,80844,404222,0.9312899429909886,73.5576923076923,0.9345904130202073,0.7733269366713347,0.7034060493475798,1.2431311983067246,0.7034060493475798,power,9.569869995117188,11.214093208312988,11.767959594726562,0.0019027093658223748,0.0001229280528318199,4.644885540008545,0.8573866995073892
femnist,topk,61,0.2,80844,404222,0.8264885686524213,75.72115384615384,0.9238042097825271,0.7551109567165973,0.7034060493475798,1.2431311983067246,0.7034060493475798,power,9.588983535766602,11.292623519897461,11.637763023376465,0.0019217979861423373,0.00012802863678716635,4.530623912811279,0.8790098522167488
femnist,topk,62,0.2,80844,404222,1.044025821648538,75.24038461538461,0.938722170316256,0.7839864185162778,0.7034060493475798,1.2431311983067246,0.7034060493475798,power,9.608552932739258,11.253175735473633,11.94253921508789,0.0019667488522827625,0.00013941208177886837,4.679271221160889,0.8510862068965517
femnist,topk,63,0.2,80844,404222,0.9769403812265954,75.48076923076923,0.9365491133469802,0.782229018554718,0.7034060493475798,1.2431311983067246,0.7034060493475798,power,9.564189910888672,11.241837501525879,11.916060447692871,0.0019365763291716576,0.00012633502252508167,4.661544322967529,0.8543226600985222
femnist,topk,64,0.2,80844,404222,0.8392632643133402,76.20192307692308,0.9006578005277194,0.7606486705627246,0.7034060493475798,1.2431311983067246,0.7034060493475798,power,9.527084350585938,11.086167335510254,11.755274772644043,0.0019113300368189812,0.00012149068424022382,4.576040744781494,0.8702857142857143
femnist,topk,65,0.2,80844,404222,0.9337474930612372,75.72115384615384,0.9086313981276292,0.7824922593916133,0.7034060493475798,1.2431311983067246,0.7034060493475798,power,9.584695816040039,11.115730285644531,11.449468612670898,0.0018737685168161988,0.00012931446762124918,4.691164016723633,0.8489285714285715
femnist,topk,66,0.2,80844,404222,0.8500759351626037,75.48076923076923,0.8939008712768555,0.7751590780025218,0.7034060493475798,1.2431311983067246,0.7034060493475798,power,9.575270652770996,11.388340950012207,12.44133186340332,0.0019168718717992306,0.0001300670504773894,4.644631862640381,0.8574334975369459
femnist,topk,67,0.2,80844,404222,0.8391252433974297,75.96153846153847,0.888280281653771,0.7614121446191626,0.7034060493475798,1.2431311983067246,0.7034060493475798,power,9.606046676635742,11.138522148132324,12.543304443359375,0.001910098479129374,0.00013266839126518546,4.581772327423096,0.8691970443349754
femnist,topk,68,0.2,80844,404222,0.9343723656795919,75.96153846153847,0.8634505638709435,0.7777711381313913,0.7034060493475798,1.2431311983067246,0.7034060493475798,power,9.604328155517578,11.041327476501465,11.81236457824707,0.001929802936501801,0.0001285834717835844,4.672469615936279,0.8523251231527094
femnist,topk,69,0.2,80844,404222,0.9301567416801119,75.96153846153847,0.868321785560021,0.7796062156282155,0.7034060493475798,1.2431311983067246,0.7034060493475798,power,9.509748458862305,11.27051067352295,11.7737398147583,0.0019020936451852322,0.0001182504004220219,4.660832405090332,0.8544532019704434
femnist,topk,70,0.2,80844,404222,0.8022768493834883,77.16346153846153,0.8627532078669622,0.7622485928548671,0.7034060493475798,1.2431311983067246,0.7034060493475798,power,9.525887489318848,10.744452476501465,11.295440673828125,0.0019261083798483014,0.00011715994050677892,4.567819118499756,0.8718522167487684
femnist,topk,71,0.2,80844,404222,0.7924782073311508,77.88461538461539,0.867705565232497,0.7780499065000213,0.7034060493475798,1.2431311983067246,0.7034060493475798,power,9.57543659210205,11.029144287109375,11.7223539352417,0.0018602217314764857,0.00012098475662479642,4.6659836769104,0.8535098522167488
femnist,topk,72,0.2,80844,404222,0.8123432747274638,76.6826923076923,0.8398792560283954,0.7814755931730575,0.7034060493475798,1.2431311983067246,0.7034060493475798,power,9.65841007232666,11.466187477111816,11.925383567810059,0.0019378078868612647,0.0001383078024674526,4.672645092010498,0.8522931034482759
femnist,topk,73,0.2,80844,404222,0.7431266809208319,76.6826923076923,0.8382368821364182,0.7592909793406213,0.7034060493475798,1.2431311983067246,0.7034060493475798,power,9.60352897644043,11.113323211669922,11.512458801269531,0.0018854680238291621,0.00012640011446551385,4.570078372955322,0.8714211822660098
femnist,topk,74,0.2,80844,404222,0.8093255628366023,74.51923076923077,0.8419039066021259,0.7794622820970124,0.7034060493475798,1.2431311983067246,0.7034060493475798,power,9.61472225189209,11.296106338500977,11.661846160888672,0.0019581280648708344,0.00013728500124053403,4.663104057312012,0.8540369458128079
femnist,topk,75,0.2,80844,404222,0.7482295165257529,76.20192307692308,0.8151182027963492,0.7712657932088505,0.7034060493475798,1.2431311983067246,0.7034060493475798,power,9.580373764038086,11.256319046020508,11.671777725219727,0.001929802936501801,0.0001262617958666215,4.61994743347168,0.8620147783251232
femnist,topk,76,0.2,80844,404222,0.7802506762742996,76.20192307692308,0.8364025262685922,0.7679999807110633,0.7034060493475798,1.2431311983067246,0.7034060493475798,power,9.510260581970215,11.07494068145752,11.441302299499512,0.0019211822655051947,0.00012142737207639918,4.592052459716797,0.8672512315270936
femnist,topk,77,0.2,80844,404222,0.7519593266025185,76.92307692307692,0.8271179932814378,0.7775331373347132,0.7034060493475798,1.2431311983067246,0.7034060493475798,power,9.666324615478516,11.220776557922363,11.889764785766602,0.0020203201565891504,0.00014644316184761377,4.643711566925049,0.8576034482758621
femnist,topk,78,0.2,80844,404222,0.7283608747227117,76.6826923076923,0.8102171237652118,0.776094072127487,0.7034060493475798,1.2431311983067246,0.7034060493475798,power,9.617725372314453,11.282344818115234,12.225712776184082,0.0018910098588094115,0.0001259254238833206,4.6314473152160645,0.8598743842364532
femnist,topk,79,0.2,80844,404222,0.7135594970732927,76.4423076923077,0.7898652003361628,0.762218693356172,0.7034060493475798,1.2431311983067246,0.7034060493475798,power,9.592325210571289,11.013355255126953,12.090852737426758,0.0019396551651880145,0.00012949453038147977,4.585905075073242,0.8684137931034482
femnist,topk,80,0.2,80844,404222,0.9141212926991283,76.6826923076923,0.8023247352013221,0.7877062295632762,0.7034060493475798,1.2431311983067246,0.7034060493475798,power,9.52695083618164,11.08858871459961,11.43120002746582,0.0018682265654206276,0.0001172856808406136,4.703828811645508,0.8466428571428571
femnist,topk,81,0.2,80844,404222,0.7032679577171803,75.96153846153847,0.7950638257540189,0.7697427588007254,0.7034060493475798,1.2431311983067246,0.7034060493475798,power,9.53820514678955,11.096778869628906,11.58531379699707,0.001864532008767128,0.00011813158997052599,4.606692790985107,0.8644950738916256
femnist,topk,82,0.2,80844,404222,0.6707397177442909,77.64423076923077,0.7876864213209885,0.7604228013738623,0.7034060493475798,1.2431311983067246,0.7034060493475798,power,9.644299507141113,11.151359558105469,11.454294204711914,0.001977216685190797,0.00013211797413557004,4.559999465942383,0.8733472906403941
femnist,topk,83,0.2,80844,404222,0.7270581885054708,77.40384615384616,0.7923264870276818,0.7829476664701277,0.7034060493475798,1.2431311983067246,0.7034060493475798,power,9.570615768432617,11.08227252960205,11.24236011505127,0.0019304187735542655,0.0001263774768009412,4.6817097663879395,0.8506428571428571
femnist,topk,84,0.2,80844,404222,0.6758824489079416,77.64423076923077,0.7628955107468826,0.7676802309512177,0.7034060493475798,1.2431311983067246,0.7034060493475798,power,9.638322830200195,11.19427490234375,11.467327117919922,0.0019470442784950137,0.00013393188439085154,4.5812273025512695,0.8693004926108374
femnist,topk,85,0.2,80844,404222,0.6980111121200026,78.60576923076923,0.7731937995323768,0.7628731039754395,0.7034060493475798,1.2431311983067246,0.7034060493475798,power,9.656249046325684,10.875386238098145,11.089673042297363,0.0019624384585767984,0.00013730834695427753,4.5564398765563965,0.8740295566502463
femnist,topk,86,0.2,80844,404222,0.6775029905652628,77.40384615384616,0.7744350433349609,0.7754255808987354,0.7034060493475798,1.2431311983067246,0.7034060493475798,power,9.70702838897705,11.510798454284668,11.917390823364258,0.0019501231145113707,0.00014674892578632131,4.661920547485352,0.8542536945812808
femnist,topk,87,0.2,80844,404222,0.7030685127386824,77.64423076923077,0.7673695637629583,0.7754904211752792,0.7034060493475798,1.2431311983067246,0.7034060493475798,power,9.565326690673828,10.971449851989746,11.202932357788086,0.0019137931521981955,0.00012062069091558705,4.651566982269287,0.8561551724137931
femnist,topk,88,0.2,80844,404222,0.6933864684402943,79.32692307692308,0.7511449960561899,0.766376325069173,0.7034060493475798,1.2431311983067246,0.7034060493475798,power,9.606230735778809,10.872117042541504,10.923049926757812,0.0019119457574561238,0.00012504213668913762,4.59318733215332,0.8670369458128079
femnist,topk,89,0.2,80844,404222,0.6587313251663,77.16346153846153,0.7460409311147836,0.7768967784392776,0.7034060493475798,1.2431311983067246,0.7034060493475798,power,9.493671417236328,10.682405471801758,10.73147201538086,0.001932881772518158,0.00011136495664041226,4.58802604675293,0.8680123152709359
femnist,topk,90,0.2,80844,404222,0.6638536831480452,78.60576923076923,0.7532895161555364,0.780618032031004,0.7034060493475798,1.2431311983067246,0.7034060493475798,power,9.563263893127441,10.949976921081543,11.171154975891113,0.0018528325017541647,0.00012345477487700352,4.65573263168335,0.8553891625615764
femnist,topk,91,0.2,80844,404222,0.6225474413810297,78.84615384615384,0.7475439951970027,0.7630044490513054,0.7034060493475798,1.2431311983067246,0.7034060493475798,power,9.504079818725586,11.028914451599121,11.696005821228027,0.0018380541587248445,0.00011648177725218252,4.551270961761475,0.8750221674876847
femnist,topk,92,0.2,80844,404222,0.7140650126896798,77.88461538461539,0.7696950619037335,0.7732567001620396,0.7034060493475798,1.2431311983067246,0.7034060493475798,power,9.521133422851562,11.167983055114746,11.520988464355469,0.0019581280648708344,0.00012309267827467928,4.605288505554199,0.8647586206896551
femnist,topk,93,0.2,80844,404222,0.6558580373227596,78.60576923076923,0.7391149080716647,0.772164581084566,0.7034060493475798,1.2431311983067246,0.7034060493475798,power,9.612091064453125,11.43864917755127,11.819599151611328,0.0019870689138770103,0.0001280562986686234,4.630333423614502,0.8600812807881774
femnist,topk,94,0.2,80844,404222,0.6650631923926993,78.60576923076923,0.7447308026827298,0.766381745004703,0.7034060493475798,1.2431311983067246,0.7034060493475798,power,9.588507652282715,11.029571533203125,11.571974754333496,0.0019156404305249453,0.00011761748434447961,4.554835319519043,0.8743374384236453
femnist,topk,95,0.2,80844,404222,0.6276666232105346,77.64423076923077,0.720059321476863,0.7770020116634868,0.7034060493475798,1.2431311983067246,0.7034060493475798,power,9.655512809753418,11.729242324829102,11.808629989624023,0.0018657635664567351,0.0001374076706468864,4.612185478210449,0.8634655172413793
femnist,topk,96,0.2,80844,404222,0.6133438142482193,77.16346153846153,0.7392534842857947,0.7713924487729968,0.7034060493475798,1.2431311983067246,0.7034060493475798,power,9.587215423583984,10.925383567810059,11.326807975769043,0.0019445812795311213,0.00012866703341482652,4.607309341430664,0.8643793103448276
femnist,topk,97,0.2,80844,404222,0.5543150873854757,77.88461538461539,0.7175865173339844,0.7502669225061597,0.7034060493475798,1.2431311983067246,0.7034060493475798,power,9.582178115844727,11.351672172546387,11.521169662475586,0.0019088670378550887,0.00012776353534826493,4.48649787902832,0.8876551724137931
femnist,topk,98,0.2,80844,404222,0.6378072279365734,78.125,0.7216620812049279,0.7705449933497538,0.7034060493475798,1.2431311983067246,0.7034060493475798,power,9.640630722045898,11.129149436950684,11.791776657104492,0.001978448359295726,0.0001383832162697333,4.595393657684326,0.8666206896551724
femnist,topk,99,0.2,80844,404222,0.6645805198443122,77.88461538461539,0.727081298828125,0.7809221867936249,0.7034060493475798,1.2431311983067246,0.7034060493475798,power,9.549006462097168,10.899681091308594,10.996728897094727,0.0018756157951429486,0.00011964742325360301,4.6217041015625,0.8616871921182266
femnist,topk,100,0.2,80844,404222,0.5775111630000174,77.64423076923077,0.734349617591271,0.7657596697121491,0.7034060493475798,1.2431311983067246,0.7034060493475798,power,9.580635070800781,11.560032844543457,12.039356231689453,0.0019199507078155875,0.00013303782086603478,4.539209365844727,0.8773472906403941
femnist,topk,101,0.2,80844,404222,0.6180495104473084,77.40384615384616,0.7128992080688477,0.7798375000534825,0.7034060493475798,1.2431311983067246,0.7034060493475798,power,9.624091148376465,11.4570951461792,12.027956008911133,0.0019944580271840096,0.00013454400739665903,4.647034645080566,0.8569901477832512
femnist,topk,102,0.2,80844,404222,0.5525232469849288,77.88461538461539,0.697113770705003,0.7667585645112998,0.7034060493475798,1.2431311983067246,0.7034060493475798,power,9.63749885559082,11.3087158203125,11.478294372558594,0.0018786946311593056,0.00013250175703606013,4.584279537200928,0.8687216748768473
femnist,topk,103,0.2,80844,404222,0.5804245446622373,77.64423076923077,0.7007860770592322,0.7690090612574699,0.7034060493475798,1.2431311983067246,0.7034060493475798,power,9.584383964538574,10.914895057678223,12.104912757873535,0.0019057882018387318,0.00012166516659212197,4.596164226531982,0.8664753694581281
femnist,topk,104,0.2,80844,404222,0.6014376902580263,78.125,0.6940331825843225,0.7755028279105907,0.7034060493475798,1.2431311983067246,0.7034060493475798,power,9.537251472473145,10.997443199157715,11.843338966369629,0.0018990148091688752,0.00012123927749458296,4.609253406524658,0.8640147783251232
femnist,topk,105,0.2,80844,404222,0.5866555979568511,79.32692307692308,0.678779675410344,0.7743315088340662,0.7034060493475798,1.2431311983067246,0.7034060493475798,power,9.64790153503418,11.071126937866211,11.301477432250977,0.0020049260929226875,0.0001374675421280192,4.602837085723877,0.8652192118226602
femnist,topk,106,0.2,80844,404222,0.5511171635612846,79.32692307692308,0.68421143751878,0.7593220141374367,0.7034060493475798,1.2431311983067246,0.7034060493475798,power,9.57519817352295,11.438725471496582,11.616378784179688,0.001935960608534515,0.00012896979300741567,4.537107944488525,0.8777536945812808
femnist,topk,107,0.2,80844,404222,0.630243781497702,77.64423076923077,0.6957247073833759,0.7865417093806213,0.7034060493475798,1.2431311983067246,0.7034060493475798,power,9.620638847351074,11.103252410888672,11.219815254211426,0.0019088670378550887,0.00013502137397838077,4.657220840454102,0.8551157635467981
femnist,topk,108,0.2,80844,404222,0.518523390791379,78.60576923076923,0.6877932915320764,0.7717928092826835,0.7034060493475798,1.2431311983067246,0.7034060493475798,power,9.528236389160156,10.949728012084961,11.495260238647461,0.0018996305298060179,0.00011869142140460033,4.572327136993408,0.8709926108374384
femnist,topk,109,0.2,80844,404222,0.5356141195073724,79.32692307692308,0.6748539117666391,0.755017182973292,0.7034060493475798,1.2431311983067246,0.7034060493475798,power,9.600543975830078,10.981156349182129,11.350078582763672,0.001893472857773304,0.00012448648805621327,4.51054048538208,0.8829236453201971
femnist,topk,110,0.2,80844,404222,0.5876294078957289,79.32692307692308,0.6963041012103741,0.7885657398675988,0.7034060493475798,1.2431311983067246,0.7034060493475798,power,9.542591094970703,11.198942184448242,11.728025436401367,0.0018879310227930546,0.00012217957847929963,4.664529800415039,0.8537758620689655
femnist,topk,111,0.2,80844,404222,0.5436225595511497,78.125,0.6822286752554086,0.7637751918834625,0.7034060493475798,1.2431311983067246,0.7034060493475798,power,9.541559219360352,10.947731971740723,11.849756240844727,0.0019002462504431605,0.00012014273027828606,4.553347587585449,0.8746231527093596
femnist,topk,112,0.2,80844,404222,0.5122949249204247,79.32692307692308,0.6730767763577975,0.7584956164146086,0.7034060493475798,1.2431311983067246,0.7034060493475798,power,9.58856201171875,10.957008361816406,11.067048072814941,0.0019790639635175467,0.00012566250460742205,4.502690315246582,0.8844630541871921
femnist,topk,113,0.2,80844,404222,0.5309207495767624,78.60576923076923,0.6791141950167142,0.7801938300436171,0.7034060493475798,1.2431311983067246,0.7034060493475798,power,9.606813430786133,11.07670783996582,11.398982048034668,0.0018996305298060179,0.000127932666293768,4.611922264099121,0.8635147783251231
femnist,topk,114,0.2,80844,404222,0.5448130199033767,78.60576923076923,0.7083157025850736,0.7902109575713687,0.7034060493475798,1.2431311983067246,0.7034060493475798,power,9.59251880645752,10.87312126159668,11.28933334350586,0.0019827585201710463,0.00012991171311710803,4.69162654876709,0.8488448275862069
femnist,topk,115,0.2,80844,404222,0.49013067574240254,79.5673076923077,0.6771431702833909,0.7562101528816954,0.7034060493475798,1.2431311983067246,0.7034060493475798,power,9.566390991210938,11.119131088256836,12.079645156860352,0.0019532020669430494,0.00012834505974790243,4.524120807647705,0.8802733990147783
femnist,topk,116,0.2,80844,404222,0.5337030181940646,79.5673076923077,0.661438721876878,0.7700837936032847,0.7034060493475798,1.2431311983067246,0.7034060493475798,power,9.639400482177734,11.3885498046875,11.73928451538086,0.0019273399375379086,0.00013486975144328861,4.572469234466553,0.8709655172413793
femnist,topk,117,0.2,80844,404222,0.5113661050144583,78.125,0.6903759149404672,0.7762630024878163,0.7034060493475798,1.2431311983067246,0.7034060493475798,power,9.637235641479492,11.05002498626709,11.449731826782227,0.0019347290508449078,0.0001347004658225479,4.6069159507751465,0.8644532019704434
femnist,topk,118,0.2,80844,404222,0.5192811523284763,79.8076923076923,0.6732001671424279,0.7617764300638156,0.7034060493475798,1.2431311983067246,0.7034060493475798,power,9.560766220092773,11.17730712890625,11.835079193115234,0.0018953202525153756,0.00012488535099953465,4.551514625549316,0.874975369458128
femnist,topk,119,0.2,80844,404222,0.586721876030788,80.76923076923077,0.6585506292489859,0.7852171202884601,0.7034060493475798,1.2431311983067246,0.7034060493475798,power,9.65649127960205,11.111834526062012,11.426595687866211,0.0019944580271840096,0.0001388019008273376,4.656885623931885,0.8551773399014778
femnist,topk,120,0.2,80844,404222,0.5097054564673453,78.84615384615384,0.667877930861253,0.77312776629008,0.7034060493475798,1.2431311983067246,0.7034060493475798,power,9.632096290588379,11.34559154510498,11.798248291015625,0.0019809112418442965,0.00013591978380788624,4.601029396057129,0.8655591133004926
femnist,topk,121,0.2,80844,404222,0.5093614010512829,79.08653846153847,0.657787983234112,0.7641623122061509,0.7034060493475798,1.2431311983067246,0.7034060493475798,power,9.591035842895508,11.184375762939453,11.865943908691406,0.0020067733712494373,0.000131746616687022,4.53668737411499,0.8778349753694581
femnist,topk,122,0.2,80844,404222,0.5864882452553138,79.8076923076923,0.6730754558856671,0.789232753823802,0.7034060493475798,1.2431311983067246,0.7034060493475798,power,9.59014892578125,10.879704475402832,11.037679672241211,0.00202401471324265,0.00012432046001547106,4.677281379699707,0.851448275862069
femnist,topk,123,0.2,80844,404222,0.5450731949694455,79.08653846153847,0.6647722537700946,0.7737174803405809,0.7034060493475798,1.2431311983067246,0.7034060493475798,power,9.506818771362305,11.008615493774414,11.748756408691406,0.0019168718717992306,0.00011131752751282717,4.58220100402832,0.869115763546798
femnist,topk,124,0.2,80844,404222,0.5187094797659665,80.52884615384616,0.6613564858069787,0.7684213598197538,0.7034060493475798,1.2431311983067246,0.7034060493475798,power,9.559366226196289,10.92530632019043,11.289223670959473,0.0018817733507603407,0.00011895546795025526,4.545858383178711,0.876064039408867
femnist,topk,125,0.2,80844,404222,0.552028907306958,79.32692307692308,0.6655921936035156,0.7900990886685771,0.7034060493475798,1.2431311983067246,0.7034060493475798,power,9.569918632507324,10.593986511230469,11.392257690429688,0.0020006156992167234,0.00012280000186961222,4.6601338386535645,0.8545812807881773
femnist,topk,126,0.2,80844,404222,0.4622700057365,81.00961538461539,0.6510997918935922,0.7778353294907501,0.7034060493475798,1.2431311983067246,0.7034060493475798,power,9.517330169677734,11.211730003356934,12.299102783203125,0.0019544335082173347,0.00011820270961010584,4.580630302429199,0.8694137931034482
femnist,topk,127,0.2,80844,404222,0.450125132650137,80.76923076923077,0.6423303897564228,0.7525835929269424,0.7034060493475798,1.2431311983067246,0.7034060493475798,power,9.518682479858398,11.295483589172363,11.724991798400879,0.0019304187735542655,0.00011522702013720748,4.476250648498535,0.8896871921182266
femnist,topk,128,0.2,80844,404222,0.4794526080973446,79.08653846153847,0.6429193936861478,0.7819532089200274,0.7034060493475798,1.2431311983067246,0.7034060493475798,power,9.566760063171387,11.081786155700684,11.399550437927246,0.001858374336734414,0.00012110494724890796,4.61097526550293,0.863692118226601
femnist,topk,129,0.2,80844,404222,0.49579775503836576,78.84615384615384,0.6474833121666541,0.7836309214459899,0.7034060493475798,1.2431311983067246,0.7034060493475798,power,9.585576057434082,10.878196716308594,11.208606719970703,0.0019051723647862673,0.0001237471703776192,4.65700626373291,0.8551551724137931
femnist,topk,130,0.2,80844,404222,0.43693077726755297,80.04807692307692,0.6476965684157151,0.7610674076474081,0.7034060493475798,1.2431311983067246,0.7034060493475798,power,9.613815307617188,11.121275901794434,11.41480827331543,0.0019002462504431605,0.00013209806786597313,4.522109031677246,0.8806650246305419
femnist,topk,131,0.2,80844,404222,0.4656570728309453,79.8076923076923,0.6411612584040716,0.7730214438090125,0.7034060493475798,1.2431311983067246,0.7034060493475798,power,9.548048973083496,10.84378719329834,11.124408721923828,0.0019501231145113707,0.00012437860001598795,4.6016974449157715,0.8654334975369458
femnist,topk,132,0.2,80844,404222,0.5759871392743662,81.25,0.6426620483398438,0.7838448984355071,0.7034060493475798,1.2431311983067246,0.7034060493475798,power,9.5223388671875,10.951894760131836,11.618882179260254,0.001858374336734414,0.0001141084315398266,4.610344409942627,0.8638103448275862
femnist,topk,133,0.2,80844,404222,0.43954737075604494,80.04807692307692,0.6274014252882737,0.7536483035826743,0.7034060493475798,1.2431311983067246,0.7034060493475798,power,9.59531021118164,10.934093475341797,11.431671142578125,0.0019014778081327677,0.00012296188077312364,4.485701084136963,0.8878128078817734
femnist,topk,134,0.2,80844,404222,0.468631553449668,79.5673076923077,0.6391960290762094,0.7742635581516881,0.7034060493475798,1.2431311983067246,0.7034060493475798,power,9.629920959472656,11.270511627197266,12.243552207946777,0.001910098479129374,0.0001282256798599112,4.610212802886963,0.8638349753694581
femnist,topk,135,0.2,80844,404222,0.45113656830508264,80.04807692307692,0.6429757338303786,0.7781734030620211,0.7034060493475798,1.2431311983067246,0.7034060493475798,power,9.610543251037598,11.110268592834473,11.402092933654785,0.001907019759528339,0.0001241200519614592,4.588898181915283,0.8678472906403941
femnist,topk,136,0.2,80844,404222,0.4467424449161627,78.36538461538461,0.6450006044827975,0.7712156558494998,0.7034060493475798,1.2431311983067246,0.7034060493475798,power,9.549820899963379,11.201510429382324,11.670280456542969,0.0019612067844718695,0.0001235069350214654,4.584071636199951,0.8687610837438423
femnist,topk,137,0.2,80844,404222,0.44512452803086494,80.28846153846153,0.6333466309767503,0.7778980172321519,0.7034060493475798,1.2431311983067246,0.7034060493475798,power,9.56157398223877,11.114485740661621,11.574106216430664,0.0019581280648708344,0.00012142799983912024,4.629179954528809,0.8602955665024631
femnist,topk,138,0.2,80844,404222,0.5866612189263105,80.04807692307692,0.657283562880296,0.7800312704263609,0.7034060493475798,1.2431311983067246,0.7034060493475798,power,9.517980575561523,11.04716682434082,11.848079681396484,0.0018405172741040587,0.00011808886369344448,4.59462308883667,0.8667660098522167
femnist,topk,139,0.2,80844,404222,0.4651424296107144,79.32692307692308,0.6676323964045598,0.7701410382083669,0.7034060493475798,1.2431311983067246,0.7034060493475798,power,9.572798728942871,11.09679889678955,11.35682201385498,0.0020018473733216524,0.00012809179790789052,4.525247573852539,0.8800541871921183
femnist,topk,140,0.2,80844,404222,0.4294759622029961,80.76923076923077,0.6502004036536584,0.7744072051119213,0.7034060493475798,1.2431311983067246,0.7034060493475798,power,9.597328186035156,11.538700103759766,11.798151016235352,0.0019839901942759752,0.0001289376503879226,4.5769219398498535,0.8701182266009853
femnist,topk,141,0.2,80844,404222,0.4885684494767338,80.76923076923077,0.6518239241379958,0.7899342096063318,0.7034060493475798,1.2431311983067246,0.7034060493475798,power,9.589147567749023,11.424592971801758,12.301239013671875,0.0019439655588939786,0.0001284355127164832,4.581357002258301,0.8692758620689656
femnist,topk,142,0.2,80844,404222,0.4120762204006314,80.28846153846153,0.6349292168250451,0.7685121154621,0.7034060493475798,1.2431311983067246,0.7034060493475798,power,9.551892280578613,11.262443542480469,12.453451156616211,0.0018793103517964482,0.0001277834025468766,4.533088207244873,0.8785320197044335
femnist,topk,143,0.2,80844,404222,0.4653194096777587,81.00961538461539,0.6421154462374173,0.7854964117415921,0.7034060493475798,1.2431311983067246,0.7034060493475798,power,9.569753646850586,10.986949920654297,11.325479507446289,0.0018947044154629111,0.00012433073618009185,4.649039268493652,0.8566206896551725
femnist,topk,144,0.2,80844,404222,0.4075729330535978,81.49038461538461,0.6211964533879206,0.7708579908340928,0.7034060493475798,1.2431311983067246,0.7034060493475798,power,9.564058303833008,11.15620231628418,11.638506889343262,0.0019119457574561238,0.00011888228317277061,4.559433460235596,0.8734556650246306
femnist,topk,145,0.2,80844,404222,0.40942375963320954,80.28846153846153,0.6204888270451472,0.7625505455029054,0.7034060493475798,1.2431311983067246,0.7034060493475798,power,9.619885444641113,11.263498306274414,11.977666854858398,0.0019217979861423373,0.00012611504843263282,4.533749103546143,0.8784039408866995
femnist,topk,146,0.2,80844,404222,0.516009568576701,79.8076923076923,0.6271051993736854,0.7926163798935123,0.7034060493475798,1.2431311983067246,0.7034060493475798,power,9.55107593536377,10.86367130279541,11.043407440185547,0.0019415024435147643,0.00012091959366135144,4.671025276184082,0.8525886699507389
femnist,topk,147,0.2,80844,404222,0.4055694825854152,79.5673076923077,0.6215676527756911,0.7739345110436221,0.7034060493475798,1.2431311983067246,0.7034060493475798,power,9.611480712890625,11.293058395385742,11.75046157836914,0.0019353447714820504,0.00012905748267796665,4.579734802246094,0.8695837438423646
femnist,topk,148,0.2,80844,404222,0.47338435102661613,80.52884615384616,0.6208333235520583,0.7682228962286871,0.7034060493475798,1.2431311983067246,0.7034060493475798,power,9.590638160705566,11.184042930603027,11.689743995666504,0.001844827551394701,0.0001238789962476261,4.556491374969482,0.8740197044334975
femnist,topk,149,0.2,80844,404222,0.4284471531561576,80.04807692307692,0.6233052473801833,0.7803343573748778,0.7034060493475798,1.2431311983067246,0.7034060493475798,power,9.581034660339355,11.257818222045898,12.95152759552002,0.0019273399375379086,0.00013254319447332752,4.591530799865723,0.8673497536945812
femnist,topk,150,0.2,80844,404222,0.4214137463318183,80.28846153846153,0.611712382389949,0.7776988672926524,0.7034060493475798,1.2431311983067246,0.7034060493475798,power,9.625142097473145,11.20833683013916,11.250692367553711,0.0018737685168161988,0.0001327802942733905,4.5584821701049805,0.8736379310344827
femnist,topk,151,0.2,80844,404222,0.395815856596455,79.08653846153847,0.6029895268953763,0.7593547277534329,0.7034060493475798,1.2431311983067246,0.7034060493475798,power,9.598531723022461,10.98982048034668,11.215418815612793,0.0019107143161818385,0.0001237857821771756,4.502151012420654,0.8845689655172414
femnist,topk,152,0.2,80844,404222,0.4826974893873556,81.00961538461539,0.6090041674100436,0.7990915453113108,0.7034060493475798,1.2431311983067246,0.7034060493475798,power,9.596336364746094,11.648045539855957,12.311163902282715,0.0019433497218415141,0.00013438505020001065,4.711971282958984,0.845179802955665
femnist,topk,153,0.2,80844,404222,0.41081804253626614,80.04807692307692,0.6026576115534856,0.7683508215780585,0.7034060493475798,1.2431311983067246,0.7034060493475798,power,9.59659481048584,11.261114120483398,11.448564529418945,0.0019027093658223748,0.00012919449439202443,4.5553741455078125,0.8742339901477832
femnist,topk,154,0.2,80844,404222,0.3973492822307162,80.04807692307692,0.6014205125661997,0.7651227609860213,0.7034060493475798,1.2431311983067246,0.7034060493475798,power,9.602259635925293,11.221600532531738,11.297720909118652,0.0018848521867766976,0.0001251983920270756,4.517775058746338,0.8815098522167488
femnist,topk,155,0.2,80844,404222,0.4361483686440624,80.76923076923077,0.5982084641089807,0.7899047521145204,0.7034060493475798,1.2431311983067246,0.7034060493475798,power,9.570633888244629,10.924013137817383,10.97481918334961,0.0018836207455024123,0.00012032448315847714,4.630558967590332,0.860039408866995
femnist,topk,156,0.2,80844,404222,0.3713814588543028,81.00961538461539,0.5932119076068585,0.7721153220888594,0.7034060493475798,1.2431311983067246,0.7034060493475798,power,9.57131290435791,11.25545883178711,11.295450210571289,0.001910098479129374,0.0001269803932147647,4.568089962005615,0.8718004926108375
femnist,topk,157,0.2,80844,404222,0.40006761699914933,80.28846153846153,0.5827769132760855,0.7738089001862912,0.7034060493475798,1.2431311983067246,0.7034060493475798,power,9.606788635253906,11.247418403625488,11.742435455322266,0.0019427340012043715,0.00012396512863218931,4.551412105560303,0.8749950738916256
femnist,topk,158,0.2,80844,404222,0.41653850334696474,79.5673076923077,0.6013561028700608,0.7834007487899332,0.7034060493475798,1.2431311983067246,0.7034060493475798,power,9.649026870727539,11.122735977172852,11.97372055053711,0.001917487708851695,0.00013878759788100612,4.599184036254883,0.8659064039408867
femnist,topk,159,0.2,80844,404222,0.5007867172034457,80.76923076923077,0.6195182800292969,0.7933996586636608,0.7034060493475798,1.2431311983067246,0.7034060493475798,power,9.56688404083252,11.231572151184082,11.49197769165039,0.0018793103517964482,0.00012415078627807852,4.621254920959473,0.8617709359605912
femnist,topk,160,0.2,80844,404222,0.37656183941988275,79.08653846153847,0.6158985724815955,0.7591621702337256,0.7034060493475798,1.2431311983067246,0.7034060493475798,power,9.645065307617188,11.171693801879883,11.532683372497559,0.001934113330207765,0.00013494257749619356,4.510087966918945,0.8830123152709359
femnist,topk,161,0.2,80844,404222,0.42704402737785124,79.5673076923077,0.610027973468487,0.7881835895389144,0.7034060493475798,1.2431311983067246,0.7034060493475798,power,9.503835678100586,10.821919441223145,11.46690845489502,0.0019027093658223748,0.0001153420519429355,4.63721227645874,0.8588054187192118
femnist,topk,162,0.2,80844,404222,0.37130680998088794,79.32692307692308,0.6159505844116211,0.7784428308444243,0.7034060493475798,1.2431311983067246,0.7034060493475798,power,9.526896476745605,11.203892707824707,11.42538833618164,0.0018362068803980947,0.00011798463040282437,4.585241794586182,0.8685394088669951
femnist,topk,163,0.2,80844,404222,0.345046990448609,79.5673076923077,0.6178882305438702,0.7506734191785105,0.7034060493475798,1.2431311983067246,0.7034060493475798,power,9.574634552001953,11.206708908081055,11.448087692260742,0.0019285713788121939,0.00012404743128956384,4.477329254150391,0.8894729064039408
femnist,topk,164,0.2,80844,404222,0.39116925861919294,79.5673076923077,0.6250884716327374,0.7849356577603797,0.7034060493475798,1.2431311983067246,0.7034060493475798,power,9.550886154174805,10.96359920501709,11.259135246276855,0.001946428557857871,0.00011953981978760206,4.649667263031006,0.8565049261083744
femnist,topk,165,0.2,80844,404222,0.4679430581536145,81.25,0.6189885506263146,0.7869912525242984,0.7034060493475798,1.2431311983067246,0.7034060493475798,power,9.626399040222168,11.699206352233887,12.379919052124023,0.0019716748502105474,0.00012963858128205215,4.625088214874268,0.8610566502463054
femnist,topk,166,0.2,80844,404222,0.3675274252565578,81.25,0.6125927705031174,0.7644940791791465,0.7034060493475798,1.2431311983067246,0.7034060493475798,power,9.572344779968262,11.069982528686523,11.241340637207031,0.0019636698998510838,0.00012654237201544687,4.544670104980469,0.8762931034482758
femnist,topk,167,0.2,80844,404222,0.38961956431157885,79.32692307692308,0.6162195939284104,0.7779982484907945,0.7034060493475798,1.2431311983067246,0.7034060493475798,power,9.538653373718262,11.338996887207031,11.683019638061523,0.001932881772518158,0.0001230455908575884,4.594544887542725,0.86678078817734
femnist,topk,168,0.2,80844,404222,0.33589420513249935,79.5673076923077,0.609244126539964,0.7674237197485232,0.7034060493475798,1.2431311983067246,0.7034060493475798,power,9.62796401977539,11.033631324768066,11.4107666015625,0.0019550493452697992,0.0001266580902476388,4.52190637588501,0.8807044334975369
femnist,topk,169,0.2,80844,404222,0.37773607722017916,80.52884615384616,0.6111847804142878,0.7697847715687808,0.7034060493475798,1.2431311983067246,0.7034060493475798,power,9.624529838562012,11.351024627685547,11.57787799835205,0.001910098479129374,0.0001332442701591002,4.558353900909424,0.8736625615763547
femnist,topk,170,0.2,80844,404222,0.4299729924439452,81.00961538461539,0.6105518341064453,0.7951318876281215,0.7034060493475798,1.2431311983067246,0.7034060493475798,power,9.579878807067871,10.90079116821289,11.490506172180176,0.0019020936451852322,0.00012430214686505377,4.681140422821045,0.8507463054187192
femnist,topk,171,0.2,80844,404222,0.3500271747331135,81.73076923076923,0.6087162311260517,0.7800132937981339,0.7034060493475798,1.2431311983067246,0.7034060493475798,power,9.540251731872559,11.084234237670898,11.377483367919922,0.0019624384585767984,0.0001304521459792199,4.577090263366699,0.8700862068965517
femnist,topk,172,0.2,80844,404222,0.3642730803601444,81.00961538461539,0.604038091806265,0.7685200006634785,0.7034060493475798,1.2431311983067246,0.7034060493475798,power,9.53750991821289,10.957809448242188,11.19163703918457,0.001903940923511982,0.00011711339919825379,4.542499542236328,0.8767118226600985
femnist,topk,173,0.2,80844,404222,0.46277960969833654,80.04807692307692,0.6305010868952825,0.7914773679907753,0.7034060493475798,1.2431311983067246,0.7034060493475798,power,9.594565391540527,11.022841453552246,11.719057083129883,0.0019378078868612647,0.00012725106065449157,4.667990684509277,0.8531428571428571
femnist,topk,174,0.2,80844,404222,0.3326205098442733,80.76923076923077,0.6044555077185998,0.7643261531675842,0.7034060493475798,1.2431311983067246,0.7034060493475798,power,9.605466842651367,11.337337493896484,11.55605411529541,0.0019224138231948018,0.00013012990767963356,4.5120134353637695,0.8826354679802956
femnist,topk,175,0.2,80844,404222,0.34507492267526685,81.00961538461539,0.6044867955721341,0.768211547955302,0.7034060493475798,1.2431311983067246,0.7034060493475798,power,9.65783977508545,11.182021141052246,11.513206481933594,0.0019051723647862673,0.00013392281832757605,4.532198429107666,0.8787044334975369
femnist,topk,176,0.2,80844,404222,0.39271804071497174,81.49038461538461,0.5964466241689829,0.7936233517906959,0.7034060493475798,1.2431311983067246,0.7034060493475798,power,9.594002723693848,11.422093391418457,11.939183235168457,0.0019501231145113707,0.00013039421959178831,4.6464338302612305,0.8571009852216749
femnist,topk,177,0.2,80844,404222,0.39812502500484703,81.25,0.5961751937866211,0.7798685003815546,0.7034060493475798,1.2431311983067246,0.7034060493475798,power,9.586713790893555,10.967597007751465,11.15014934539795,0.0019667488522827625,0.00012695948811805179,4.587375164031982,0.8681354679802956
femnist,topk,178,0.2,80844,404222,0.3550526787992566,81.00961538461539,0.6029601463904748,0.7744164143775384,0.7034060493475798,1.2431311983067246,0.7034060493475798,power,9.564010620117188,10.834258079528809,11.239986419677734,0.0019217979861423373,0.0001228949673700003,4.5719780921936035,0.8710591133004926
femnist,topk,179,0.2,80844,404222,0.4348102950630709,81.73076923076923,0.6124505996704102,0.7909135241888645,0.7034060493475798,1.2431311983067246,0.7034060493475798,power,9.628400802612305,11.385601043701172,11.838377952575684,0.001970443408936262,0.0001427220880038303,4.664247512817383,0.8538275862068966
femnist,topk,180,0.2,80844,404222,0.35298167114611717,80.52884615384616,0.5961590180030236,0.7751439774094742,0.7034060493475798,1.2431311983067246,0.7034060493475798,power,9.510631561279297,11.141435623168945,11.402290344238281,0.0018922414164990187,0.00011415388410930176,4.570995807647705,0.8712463054187192
femnist,topk,181,0.2,80844,404222,0.33687302596634255,81.25,0.5845235311068021,0.7570982232083568,0.7034060493475798,1.2431311983067246,0.7034060493475798,power,9.599322319030762,11.159387588500977,11.219524383544922,0.0019741379655897617,0.000136958670031241,4.496691703796387,0.8856428571428572
femnist,topk,182,0.2,80844,404222,0.39253477113787083,81.97115384615384,0.5921583542456994,0.7888179402875526,0.7034060493475798,1.2431311983067246,0.7034060493475798,power,9.611344337463379,11.458669662475586,11.882834434509277,0.0019729062914848328,0.0001327798276440854,4.636494159698486,0.8589384236453202
femnist,topk,183,0.2,80844,404222,0.3484767454816028,81.25,0.5932641762953538,0.7883202189004285,0.7034060493475798,1.2431311983067246,0.7034060493475798,power,9.548389434814453,11.034950256347656,11.246743202209473,0.0019045566441491246,0.00011781287319535534,4.585384845733643,0.868512315270936
femnist,topk,184,0.2,80844,404222,0.3655425709858537,80.76923076923077,0.593602914076585,0.7753693845058973,0.7034060493475798,1.2431311983067246,0.7034060493475798,power,9.646185874938965,11.146376609802246,11.766419410705566,0.001984605798497796,0.00013761552071505756,4.568438529968262,0.8717339901477833
femnist,topk,185,0.2,80844,404222,0.3432423831755295,80.52884615384616,0.590471781217135,0.7824626998871307,0.7034060493475798,1.2431311983067246,0.7034060493475798,power,9.558938026428223,11.081851959228516,11.338504791259766,0.0018947044154629111,0.00011871807610820937,4.578762054443359,0.8697684729064039
femnist,topk,186,0.2,80844,404222,0.4358364015386906,81.49038461538461,0.586526503929725,0.7863211289744046,0.7034060493475798,1.2431311983067246,0.7034060493475798,power,9.568488121032715,11.153508186340332,11.633056640625,0.0019347290508449078,0.0001264769153272179,4.605747699737549,0.8646724137931034
femnist,topk,187,0.2,80844,404222,0.33148493522778155,81.73076923076923,0.5913959649892954,0.7614826129114368,0.7034060493475798,1.2431311983067246,0.7034060493475798,power,9.607126235961914,10.936786651611328,11.586700439453125,0.0019261083798483014,0.00012914443617554833,4.4937424659729,0.8862241379310345
femnist,topk,188,0.2,80844,404222,0.4480452254635748,81.97115384615384,0.6031083327073318,0.7974627123589699,0.7034060493475798,1.2431311983067246,0.7034060493475798,power,9.56913948059082,10.994564056396484,11.270673751831055,0.0018947044154629111,0.00012027180130027543,4.67028284072876,0.8527241379310345
femnist,topk,189,0.2,80844,404222,0.3347628946462647,82.21153846153847,0.6098996675931491,0.7825444435570585,0.7034060493475798,1.2431311983067246,0.7034060493475798,power,9.57033920288086,11.203848838806152,11.576749801635742,0.0018983989721164107,0.00012425831012090061,4.561581611633301,0.8730443349753695
femnist,topk,190,0.2,80844,404222,0.4270212420308962,81.73076923076923,0.5916346403268667,0.772603644319264,0.7034060493475798,1.2431311983067246,0.7034060493475798,power,9.59868049621582,11.145868301391602,11.175016403198242,0.0019519703928381205,0.0001243866810723911,4.521274089813232,0.8808275862068966
femnist,topk,191,0.2,80844,404222,0.36935385008808225,82.45192307692308,0.6025107090289776,0.7877030789370958,0.7034060493475798,1.2431311983067246,0.7034060493475798,power,9.546416282653809,11.156049728393555,11.513928413391113,0.0018571428954601288,0.00012078271222771078,4.6303863525390625,0.8600714285714286
femnist,topk,192,0.2,80844,404222,0.346069249510765,81.25,0.5899943571824294,0.7737482466406247,0.7034060493475798,1.2431311983067246,0.7034060493475798,power,9.641822814941406,11.447137832641602,12.057947158813477,0.0019273399375379086,0.00013765524341311972,4.543252468109131,0.8765665024630542
femnist,topk,193,0.2,80844,404222,0.3231291984114796,81.49038461538461,0.600629293001615,0.7647542144432778,0.7034060493475798,1.2431311983067246,0.7034060493475798,power,9.580493927001953,11.20296573638916,11.603717803955078,0.001913177315145731,0.00013172433331817593,4.479599475860596,0.8890221674876847
femnist,topk,194,0.2,80844,404222,0.37873456980567427,81.73076923076923,0.5928425788879395,0.7909700228466858,0.7034060493475798,1.2431311983067246,0.7034060493475798,power,9.520572662353516,11.170356750488281,11.660406112670898,0.0018737685168161988,0.00011749236994053536,4.638502597808838,0.8585665024630542
femnist,topk,195,0.2,80844,404222,0.3468460206594318,81.25,0.6000070571899414,0.7846535827571518,0.7034060493475798,1.2431311983067246,0.7034060493475798,power,9.575132369995117,11.027971267700195,11.544281005859375,0.001896551693789661,0.00012009344540933999,4.616175174713135,0.8627192118226601
femnist,topk,196,0.2,80844,404222,0.3182690864242613,81.49038461538461,0.5971638972942646,0.7652077704450583,0.7034060493475798,1.2431311983067246,0.7034060493475798,power,9.52437686920166,10.954349517822266,11.260021209716797,0.0019057882018387318,0.00011380589857095679,4.515680313110352,0.8819187192118226
femnist,topk,197,0.2,80844,404222,0.3295538153266534,81.00961538461539,0.5984439116257888,0.7819993575127707,0.7034060493475798,1.2431311983067246,0.7034060493475798,power,9.548944473266602,11.489706039428711,12.405644416809082,0.0019242611015215516,0.00012212243543905475,4.628305435180664,0.8604581280788177
femnist,topk,198,0.2,80844,404222,0.3019158615823835,80.28846153846153,0.6007436972398025,0.7733499987039743,0.7034060493475798,1.2431311983067246,0.7034060493475798,power,9.65954303741455,11.08159351348877,11.595097541809082,0.0019211822655051947,0.0001325889056496908,4.54620361328125,0.8759975369458128
femnist,topk,199,0.2,80844,404222,0.32451639726292336,82.9326923076923,0.5917560137235202,0.7740600418764324,0.7034060493475798,1.2431311983067246,0.7034060493475798,power,9.607271194458008,11.33584976196289,11.527454376220703,0.001966133015230298,0.0001294604759618215,4.558148384094238,0.8737019704433497
femnist,topk,200,0.2,80844,404222,0.33206948756240307,83.41346153846153,0.592097649207482,0.7910437271414392,0.7034060493475798,1.2431311983067246,0.7034060493475798,power,9.621984481811523,11.220210075378418,11.427716255187988,0.0019519703928381205,0.000132134385553202,4.671065330505371,0.8525812807881773
femnist,randk,1,0.35,141477,404222,3.8671947312355046,7.211538461538462,3.952811314509465,0.35471066990555894,0.5317249935063211,0.9397188564986607,0.5317249935063211,power,9.551340103149414,11.115086555480957,11.426137924194336,0.0019636698998510838,0.0001275024669345144,20.0,0.3484655172413793
femnist,randk,2,0.35,141477,404222,3.819155604839325,9.375,3.85513188288762,0.3564144324963813,0.5317249935063211,0.9397188564986607,0.5317249935063211,power,9.634387016296387,11.390002250671387,11.697774887084961,0.0019199507078155875,0.000133726521227638,20.0,0.3484655172413793
femnist,randk,3,0.35,141477,404222,3.717370533943177,11.057692307692308,3.788388178898738,0.3477586053492726,0.5317249935063211,0.9397188564986607,0.5317249935063211,power,9.609803199768066,11.07998275756836,11.374002456665039,0.0019476601155474782,0.0001257113300253141,20.0,0.3484655172413793
femnist,randk,4,0.35,141477,404222,3.642170050144196,11.057692307692308,3.732327094444862,0.35337518735408946,0.5317249935063211,0.9397188564986607,0.5317249935063211,power,9.557313919067383,10.892815589904785,11.600057601928711,0.001910098479129374,0.0001191835676599481,20.0,0.3484655172413793
femnist,randk,5,0.35,141477,404222,3.5962456655502324,17.548076923076923,3.677301260141226,0.35211820996862686,0.5317249935063211,0.9397188564986607,0.5317249935063211,power,9.492073059082031,11.227946281433105,11.61510944366455,0.0018866994651034474,0.00011439774339066398,20.0,0.3484655172413793
femnist,randk,6,0.35,141477,404222,3.5259381735324857,22.115384615384617,3.6025466918945312,0.3529702462750737,0.5317249935063211,0.9397188564986607,0.5317249935063211,power,9.523916244506836,11.215807914733887,11.457853317260742,0.0018891625804826617,0.00011578316713759296,20.0,0.3484655172413793
femnist,randk,7,0.35,141477,404222,3.468264327049255,20.91346153846154,3.534285912146935,0.3428260131685178,0.5317249935063211,0.9397188564986607,0.5317249935063211,power,9.558423042297363,11.308516502380371,11.382369995117188,0.0018565270584076643,0.00012432995228501246,20.0,0.3484655172413793
femnist,randk,8,0.35,141477,404222,3.425151692628861,21.875,3.4731034498948317,0.34901956477243845,0.5317249935063211,0.9397188564986607,0.5317249935063211,power,9.53681468963623,11.086006164550781,11.265674591064453,0.0018860837444663048,0.00011629372171331665,20.0,0.3484655172413793
femnist,randk,9,0.35,141477,404222,3.3589185988903045,23.798076923076923,3.4047235342172475,0.3521324336879169,0.5317249935063211,0.9397188564986607,0.5317249935063211,power,9.586739540100098,11.137764930725098,11.565011978149414,0.0018990148091688752,0.00012966120359463783,20.0,0.3484655172413793
femnist,randk,10,0.35,141477,404222,3.311138460636139,29.08653846153846,3.348850837120643,0.3472930808312577,0.5317249935063211,0.9397188564986607,0.5317249935063211,power,9.601644515991211,11.140287399291992,11.38083267211914,0.0018331280443817377,0.00012605733442538642,20.0,0.3484655172413793
femnist,randk,11,0.35,141477,404222,3.2566732633113866,29.326923076923077,3.264328883244441,0.35366992127478386,0.5317249935063211,0.9397188564986607,0.5317249935063211,power,9.496992111206055,11.39218521118164,11.537627220153809,0.001934113330207765,0.00011325315198108781,20.0,0.3484655172413793
femnist,randk,12,0.35,141477,404222,3.2254656648635867,29.567307692307693,3.16864747267503,0.34806904595113164,0.5317249935063211,0.9397188564986607,0.5317249935063211,power,9.629952430725098,11.331720352172852,12.593708992004395,0.0018996305298060179,0.0001337805867676051,20.0,0.3484655172413793
femnist,randk,13,0.35,141477,404222,3.1142518341541288,32.93269230769231,3.0704847482534556,0.34574591251176157,0.5317249935063211,0.9397188564986607,0.5317249935063211,power,9.625900268554688,11.059333801269531,11.19849967956543,0.0019211822655051947,0.00013234444104774426,20.0,0.3484655172413793
femnist,randk,14,0.35,141477,404222,3.0436584651470184,37.98076923076923,2.9843609149639425,0.3598957729684056,0.5317249935063211,0.9397188564986607,0.5317249935063211,power,9.55270767211914,10.944764137268066,11.834630966186523,0.0018891625804826617,0.00012036839638603437,20.0,0.3484655172413793
femnist,randk,15,0.35,141477,404222,3.0690420889854435,40.625,2.9235015282264123,0.3493090630495489,0.5317249935063211,0.9397188564986607,0.5317249935063211,power,9.599745750427246,10.954562187194824,11.476622581481934,0.001864532008767128,0.00012815657832337209,20.0,0.3484655172413793
femnist,randk,16,0.35,141477,404222,2.884431328773499,39.18269230769231,2.8327208298903246,0.3505662533030652,0.5317249935063211,0.9397188564986607,0.5317249935063211,power,9.602622985839844,11.231619834899902,12.18667221069336,0.0019649015739560127,0.00013204344713965406,20.0,0.3484655172413793
femnist,randk,17,0.35,141477,404222,2.9224275863170623,38.46153846153846,2.759644728440505,0.3561984809005012,0.5317249935063211,0.9397188564986607,0.5317249935063211,power,9.515321731567383,10.90500545501709,12.533980369567871,0.001844827551394701,0.00011496537554758584,20.0,0.3484655172413793
femnist,randk,18,0.35,141477,404222,2.7352747970819475,37.74038461538461,2.6596265939565806,0.35320945927575165,0.5317249935063211,0.9397188564986607,0.5317249935063211,power,9.580228805541992,11.450357437133789,11.936902046203613,0.0018879310227930546,0.00012740389715702171,20.0,0.3484655172413793
femnist,randk,19,0.35,141477,404222,2.741909181475639,39.18269230769231,2.5810904869666467,0.3599306243856175,0.5317249935063211,0.9397188564986607,0.5317249935063211,power,9.52731704711914,11.127906799316406,11.422248840332031,0.0019261083798483014,0.00011537835000333574,20.0,0.3484655172413793
femnist,randk,20,0.35,141477,404222,2.7754880726337436,40.38461538461539,2.5078641451322117,0.3571421427585789,0.5317249935063211,0.9397188564986607,0.5317249935063211,power,9.566746711730957,10.970952987670898,11.124930381774902,0.0019507389515638351,0.0001239487352790592,20.0,0.3484655172413793
femnist,randk,21,0.35,141477,404222,2.700676245689392,42.30769230769231,2.441926956176758,0.3548309624162129,0.5317249935063211,0.9397188564986607,0.5317249935063211,power,9.640663146972656,11.416707038879395,11.58724594116211,0.0019759852439165115,0.00013753207871470692,20.0,0.3484655172413793
femnist,randk,22,0.35,141477,404222,2.5624061346054074,44.71153846153846,2.3890835688664365,0.34905551631572534,0.5317249935063211,0.9397188564986607,0.5317249935063211,power,9.56045913696289,11.433539390563965,11.649866104125977,0.0019402708858251572,0.00011959727286146431,20.0,0.3484655172413793
femnist,randk,23,0.35,141477,404222,2.4927395612001417,45.43269230769231,2.3429137009840746,0.3469695928843237,0.5317249935063211,0.9397188564986607,0.5317249935063211,power,9.491178512573242,10.990160942077637,11.5781831741333,0.0018897783011198044,0.00011338458720678748,20.0,0.3484655172413793
femnist,randk,24,0.35,141477,404222,2.43019149184227,46.875,2.261109865628756,0.3364335501577359,0.5317249935063211,0.9397188564986607,0.5317249935063211,power,9.609587669372559,11.637532234191895,12.015690803527832,0.0019242611015215516,0.0001313398308303417,20.0,0.3484655172413793
femnist,randk,25,0.35,141477,404222,2.3921860510110853,48.07692307692308,2.1870074638953576,0.3632891234047101,0.5317249935063211,0.9397188564986607,0.5317249935063211,power,9.570111274719238,10.99124813079834,11.082063674926758,0.0019513546722009778,0.0001281638227103619,20.0,0.3484655172413793
femnist,randk,26,0.35,141477,404222,2.3259593451023104,49.75961538461539,2.1250589810884914,0.3515504259903606,0.5317249935063211,0.9397188564986607,0.5317249935063211,power,9.51088809967041,10.949485778808594,11.10293197631836,0.0019076354801654816,0.00011473866669809286,20.0,0.3484655172413793
femnist,randk,27,0.35,141477,404222,2.270723546743393,50.72115384615385,2.075116377610427,0.3531190455789276,0.5317249935063211,0.9397188564986607,0.5317249935063211,power,9.605456352233887,11.34386920928955,11.939839363098145,0.0019224138231948018,0.00013486453983546588,20.0,0.3484655172413793
femnist,randk,28,0.35,141477,404222,2.1619458398222924,53.84615384615385,2.0144659189077525,0.3489188027731337,0.5317249935063211,0.9397188564986607,0.5317249935063211,power,9.585761070251465,10.791764259338379,11.575681686401367,0.0019396551651880145,0.00012811100797031793,20.0,0.3484655172413793
femnist,randk,29,0.35,141477,404222,2.1775180345773695,56.00961538461539,1.9535672114445612,0.35132915299311457,0.5317249935063211,0.9397188564986607,0.5317249935063211,power,9.648272514343262,11.422323226928711,11.969970703125,0.0019279556581750512,0.00013569198070782583,20.0,0.3484655172413793
femnist,randk,30,0.35,141477,404222,2.10995984017849,56.73076923076923,1.8916667057917669,0.34835861697518283,0.5317249935063211,0.9397188564986607,0.5317249935063211,power,9.557438850402832,10.910052299499512,11.07417106628418,0.0018472906667739153,0.0001169761080274899,20.0,0.3484655172413793
femnist,randk,31,0.35,141477,404222,1.8471252684295176,58.41346153846154,1.8031344780555139,0.3622036083624444,0.5317249935063211,0.9397188564986607,0.5317249935063211,power,9.646405220031738,10.985026359558105,11.515923500061035,0.0018854680238291621,0.0001282889257655823,20.0,0.3484655172413793
femnist,randk,32,0.35,141477,404222,1.9520269107818606,59.61538461538461,1.7454666724571815,0.3509629064366024,0.5317249935063211,0.9397188564986607,0.5317249935063211,power,9.512457847595215,10.934673309326172,11.196748733520508,0.001932881772518158,0.0001124498113746238,20.0,0.3484655172413793
femnist,randk,33,0.35,141477,404222,1.8301057338062674,59.13461538461539,1.6905372326190655,0.34010326063941326,0.5317249935063211,0.9397188564986607,0.5317249935063211,power,9.546198844909668,10.953840255737305,11.228337287902832,0.0018559113377705216,0.00011712877568762932,20.0,0.3484655172413793
femnist,randk,34,0.35,141477,404222,1.8027514517307281,60.81730769230769,1.6483978858360877,0.3441213862197568,0.5317249935063211,0.9397188564986607,0.5317249935063211,power,9.582796096801758,11.486932754516602,12.11755657196045,0.0019519703928381205,0.0001357105683797995,20.0,0.3484655172413793
femnist,randk,35,0.35,141477,404222,1.7143520648777486,61.53846153846154,1.6063631497896635,0.35022870452621846,0.5317249935063211,0.9397188564986607,0.5317249935063211,power,9.617703437805176,11.48400592803955,12.394615173339844,0.0019181034294888377,0.00013487033814108597,20.0,0.3484655172413793
femnist,randk,36,0.35,141477,404222,1.6797357446327805,61.53846153846154,1.5832481384277344,0.3554874813455127,0.5317249935063211,0.9397188564986607,0.5317249935063211,power,9.645051002502441,11.370787620544434,12.194610595703125,0.0019334974931553006,0.00013415254474631675,20.0,0.3484655172413793
femnist,randk,37,0.35,141477,404222,1.5739720808528364,62.01923076923077,1.541445805476262,0.34177585363576674,0.5317249935063211,0.9397188564986607,0.5317249935063211,power,9.628220558166504,11.016674041748047,11.754386901855469,0.0019285713788121939,0.0001326844852691822,20.0,0.3484655172413793
femnist,randk,38,0.35,141477,404222,1.6622659653425216,62.74038461538461,1.4980376316950872,0.3525977577298777,0.5317249935063211,0.9397188564986607,0.5317249935063211,power,9.601338386535645,11.097764015197754,11.30910873413086,0.001884236466139555,0.00012394956493300117,20.0,0.3484655172413793
femnist,randk,39,0.35,141477,404222,1.6357343389466403,63.70192307692308,1.467056861290565,0.35191654137616724,0.5317249935063211,0.9397188564986607,0.5317249935063211,power,9.553571701049805,11.272907257080078,11.597265243530273,0.001903940923511982,0.00012204555143921006,20.0,0.3484655172413793
femnist,randk,40,0.35,141477,404222,1.5192351547256109,65.38461538461539,1.426110340998723,0.3413117492783174,0.5317249935063211,0.9397188564986607,0.5317249935063211,power,9.576638221740723,11.331094741821289,11.96323299407959,0.0018602217314764857,0.00012133820608276172,20.0,0.3484655172413793
femnist,randk,41,0.35,141477,404222,1.5155575261358174,66.10576923076923,1.3948528583233173,0.3582282711986382,0.5317249935063211,0.9397188564986607,0.5317249935063211,power,9.563251495361328,11.00260066986084,11.670733451843262,0.0018663792870938778,0.00012102919798983883,20.0,0.3484655172413793
femnist,randk,42,0.35,141477,404222,1.4624500399269162,65.14423076923077,1.3792881598839393,0.3348942088562424,0.5317249935063211,0.9397188564986607,0.5317249935063211,power,9.5338773727417,11.123571395874023,11.555194854736328,0.0018799260724335909,0.00012282800976227,20.0,0.3484655172413793
femnist,randk,43,0.35,141477,404222,1.384827156364918,65.86538461538461,1.345716036283053,0.3565538031335778,0.5317249935063211,0.9397188564986607,0.5317249935063211,power,9.55684757232666,11.303759574890137,11.510876655578613,0.0018565270584076643,0.00012277175047465446,20.0,0.3484655172413793
femnist,randk,44,0.35,141477,404222,1.4680449901660906,65.86538461538461,1.3079769427959735,0.35996308508363345,0.5317249935063211,0.9397188564986607,0.5317249935063211,power,9.616268157958984,11.312483787536621,12.658002853393555,0.0019322660518810153,0.00013321478247049502,20.0,0.3484655172413793
femnist,randk,45,0.35,141477,404222,1.3783771448489277,66.82692307692308,1.2822623619666467,0.3474933841074583,0.5317249935063211,0.9397188564986607,0.5317249935063211,power,9.573962211608887,11.124795913696289,11.60736083984375,0.001910098479129374,0.00012637738360090798,20.0,0.3484655172413793
femnist,randk,46,0.35,141477,404222,1.3780732524953785,67.3076923076923,1.2623317425067608,0.34695745644774206,0.5317249935063211,0.9397188564986607,0.5317249935063211,power,9.5922269821167,11.020927429199219,11.373123168945312,0.0019378078868612647,0.0001262258277030892,20.0,0.3484655172413793
femnist,randk,47,0.35,141477,404222,1.2597800385765727,67.3076923076923,1.23871583205003,0.3408141890172716,0.5317249935063211,0.9397188564986607,0.5317249935063211,power,9.588762283325195,11.354018211364746,11.651483535766602,0.0018971675308421254,0.00012569795538352644,20.0,0.3484655172413793
femnist,randk,48,0.35,141477,404222,1.2318888755142687,68.26923076923077,1.2068850443913386,0.3582081981975823,0.5317249935063211,0.9397188564986607,0.5317249935063211,power,9.598006248474121,11.075793266296387,11.306357383728027,0.0019211822655051947,0.00012556326430333953,20.0,0.3484655172413793
femnist,randk,49,0.35,141477,404222,1.2284398595709354,69.95192307692308,1.1847187922551081,0.33459871031701455,0.5317249935063211,0.9397188564986607,0.5317249935063211,power,9.669174194335938,11.357638359069824,11.597738265991211,0.001987684750929475,0.0001355028671354995,20.0,0.3484655172413793
femnist,randk,50,0.35,141477,404222,1.2071079904865474,69.47115384615384,1.1674969746516302,0.3388836249382924,0.5317249935063211,0.9397188564986607,0.5317249935063211,power,9.644403457641602,11.486507415771484,12.158744812011719,0.0019433497218415141,0.00013043141183373327,20.0,0.3484655172413793
femnist,randk,51,0.35,141477,404222,1.2196553545095958,68.99038461538461,1.1548197819636419,0.35010965384882226,0.5317249935063211,0.9397188564986607,0.5317249935063211,power,9.579219818115234,11.16827392578125,11.471199989318848,0.001916256151162088,0.0001284016714510121,20.0,0.3484655172413793
femnist,randk,52,0.35,141477,404222,1.2398146644048393,69.95192307692308,1.1423925986656775,0.3536118564450129,0.5317249935063211,0.9397188564986607,0.5317249935063211,power,9.50256633758545,11.252323150634766,11.905980110168457,0.0018497536657378078,0.00011793689467277173,20.0,0.3484655172413793
femnist,randk,53,0.35,141477,404222,1.0840513264946638,69.71153846153847,1.1144351225632887,0.3460991903169316,0.5317249935063211,0.9397188564986607,0.5317249935063211,power,9.636102676391602,11.172943115234375,11.529985427856445,0.0019790639635175467,0.00013411424007968203,20.0,0.3484655172413793
femnist,randk,54,0.35,141477,404222,1.0992334789782763,69.95192307692308,1.0955859697782075,0.3468147007427448,0.5317249935063211,0.9397188564986607,0.5317249935063211,power,9.512195587158203,11.083678245544434,11.42144775390625,0.0018786946311593056,0.00011100148552932313,20.0,0.3484655172413793
femnist,randk,55,0.35,141477,404222,1.030809976933524,69.47115384615384,1.0732176854060247,0.34055776857770337,0.5317249935063211,0.9397188564986607,0.5317249935063211,power,9.588730812072754,10.887221336364746,11.746200561523438,0.0018971675308421254,0.00011962555921944845,20.0,0.3484655172413793
femnist,randk,56,0.35,141477,404222,1.0913551518321036,69.71153846153847,1.0536195314847505,0.3640479226768015,0.5317249935063211,0.9397188564986607,0.5317249935063211,power,9.548059463500977,10.876006126403809,11.065072059631348,0.001864532008767128,0.0001185996978956902,20.0,0.3484655172413793
femnist,randk,57,0.35,141477,404222,1.1077063136082141,70.4326923076923,1.0417081392728365,0.3506858053225086,0.5317249935063211,0.9397188564986607,0.5317249935063211,power,9.576786041259766,11.103392601013184,11.609895706176758,0.0019119457574561238,0.00012502543870968817,20.0,0.3484655172413793
femnist,randk,58,0.35,141477,404222,1.022544819964096,71.39423076923077,1.0312905678382287,0.3712119913985776,0.5317249935063211,0.9397188564986607,0.5317249935063211,power,9.521403312683105,10.779637336730957,10.85464859008789,0.001900862087495625,0.00011876674913625952,20.0,0.3484655172413793
femnist,randk,59,0.35,141477,404222,1.0557411986333318,71.39423076923077,1.0222870019766002,0.36389283283251805,0.5317249935063211,0.9397188564986607,0.5317249935063211,power,9.572700500488281,11.022573471069336,11.981128692626953,0.0018830049084499478,0.00012707539612273795,20.0,0.3484655172413793
femnist,randk,60,0.35,141477,404222,1.0154647486098112,72.11538461538461,1.0147060247567983,0.34907269735164487,0.5317249935063211,0.9397188564986607,0.5317249935063211,power,9.570308685302734,11.08942699432373,11.553001403808594,0.0019033250864595175,0.00012301101646431875,20.0,0.3484655172413793
femnist,randk,61,0.35,141477,404222,0.8813239168655127,72.11538461538461,1.004599351149339,0.3408222741839517,0.5317249935063211,0.9397188564986607,0.5317249935063211,power,9.58818244934082,11.320945739746094,11.819707870483398,0.0019378078868612647,0.00013106085793046553,20.0,0.3484655172413793
femnist,randk,62,0.35,141477,404222,1.069399025887251,72.83653846153847,0.9876955472506009,0.3434902105015375,0.5317249935063211,0.9397188564986607,0.5317249935063211,power,9.592161178588867,11.467119216918945,11.81989860534668,0.001966133015230298,0.00013658480330410374,20.0,0.3484655172413793
femnist,randk,63,0.35,141477,404222,1.003464731639251,74.03846153846153,0.9619124485896184,0.3491865420440624,0.5317249935063211,0.9397188564986607,0.5317249935063211,power,9.568917274475098,11.367391586303711,11.685236930847168,0.0019439655588939786,0.00012696629350364476,20.0,0.3484655172413793
femnist,randk,64,0.35,141477,404222,0.8961554929148408,74.27884615384616,0.9465855084932767,0.359671479841971,0.5317249935063211,0.9397188564986607,0.5317249935063211,power,9.528106689453125,11.086169242858887,11.805902481079102,0.0019150245934724808,0.00012236856427196545,20.0,0.3484655172413793
femnist,randk,65,0.35,141477,404222,0.9746481139888056,74.27884615384616,0.9360036116379958,0.34357232288258965,0.5317249935063211,0.9397188564986607,0.5317249935063211,power,9.576910018920898,11.212495803833008,11.677898406982422,0.0018620690098032355,0.00012970840027488347,20.0,0.3484655172413793
femnist,randk,66,0.35,141477,404222,0.9401317581068727,74.51923076923077,0.9353632560143104,0.3653294627304485,0.5317249935063211,0.9397188564986607,0.5317249935063211,power,9.563523292541504,11.418319702148438,12.240933418273926,0.0018743842374533415,0.000128491948639679,20.0,0.3484655172413793
femnist,randk,67,0.35,141477,404222,0.8745943585783245,74.03846153846153,0.9300145369309646,0.3494280419329524,0.5317249935063211,0.9397188564986607,0.5317249935063211,power,9.604674339294434,11.077116012573242,12.404026985168457,0.0018996305298060179,0.00013242581757924457,20.0,0.3484655172413793
femnist,randk,68,0.35,141477,404222,0.8995287153450772,72.35576923076923,0.9316393045278696,0.3343433100416037,0.5317249935063211,0.9397188564986607,0.5317249935063211,power,9.599424362182617,11.068325996398926,11.870884895324707,0.0019741379655897617,0.0001287254017562131,20.0,0.3484655172413793
femnist,randk,69,0.35,141477,404222,0.8873023751867004,73.07692307692308,0.9155087104210486,0.356141254187063,0.5317249935063211,0.9397188564986607,0.5317249935063211,power,9.528095245361328,11.155340194702148,11.646099090576172,0.001907019759528339,0.00011861691429992644,20.0,0.3484655172413793
femnist,randk,70,0.35,141477,404222,0.8397929543163627,74.51923076923077,0.9051503401536208,0.35737864022464205,0.5317249935063211,0.9397188564986607,0.5317249935063211,power,9.520723342895508,10.796804428100586,11.181992530822754,0.001935960608534515,0.00011606562434568174,20.0,0.3484655172413793
femnist,randk,71,0.35,141477,404222,0.855855681532994,74.75961538461539,0.9000323368952825,0.34529012411015786,0.5317249935063211,0.9397188564986607,0.5317249935063211,power,9.570805549621582,11.230607032775879,11.72125244140625,0.0018571428954601288,0.00011989821566687512,20.0,0.3484655172413793
femnist,randk,72,0.35,141477,404222,0.8120684775151312,75.48076923076923,0.8883810776930589,0.33723824303646543,0.5317249935063211,0.9397188564986607,0.5317249935063211,power,9.677726745605469,11.540217399597168,12.10492992401123,0.0019285713788121939,0.00014161775397218882,20.0,0.3484655172413793
femnist,randk,73,0.35,141477,404222,0.7993739559315145,75.72115384615384,0.8769699976994441,0.3560677717137275,0.5317249935063211,0.9397188564986607,0.5317249935063211,power,9.622282981872559,11.091535568237305,11.74676513671875,0.0018940886948257685,0.00012712749749454848,20.0,0.3484655172413793
femnist,randk,74,0.35,141477,404222,0.8388640431873501,75.24038461538461,0.8736047011155349,0.3568030047845293,0.5317249935063211,0.9397188564986607,0.5317249935063211,power,9.632817268371582,11.392763137817383,11.56262493133545,0.00195566494949162,0.00013641285676888152,20.0,0.3484655172413793
femnist,randk,75,0.35,141477,404222,0.7771651687286794,75.48076923076923,0.8667488098144531,0.3422434891068245,0.5317249935063211,0.9397188564986607,0.5317249935063211,power,9.57329273223877,11.309737205505371,11.712732315063477,0.0019310344941914082,0.00012594019474244768,20.0,0.3484655172413793
femnist,randk,76,0.35,141477,404222,0.7843988228985108,75.24038461538461,0.8609148905827448,0.3540085851399214,0.5317249935063211,0.9397188564986607,0.5317249935063211,power,9.521882057189941,11.02818489074707,11.358583450317383,0.0019144088728353381,0.00012389091539163585,20.0,0.3484655172413793
femnist,randk,77,0.35,141477,404222,0.8045927664358168,75.0,0.8585347395676833,0.3619214563075188,0.5317249935063211,0.9397188564986607,0.5317249935063211,power,9.657299995422363,11.375129699707031,11.891281127929688,0.0020184728782624006,0.00014535378861446762,20.0,0.3484655172413793
femnist,randk,78,0.35,141477,404222,0.7304368218313904,76.92307692307692,0.8472484441903921,0.3460062627781293,0.5317249935063211,0.9397188564986607,0.5317249935063211,power,9.626875877380371,11.312715530395508,12.321057319641113,0.0018971675308421254,0.00012734392954154232,20.0,0.3484655172413793
femnist,randk,79,0.35,141477,404222,0.7389549619844183,77.16346153846153,0.8275029109074519,0.3603919952058551,0.5317249935063211,0.9397188564986607,0.5317249935063211,power,9.591915130615234,11.047810554504395,11.866851806640625,0.0019507389515638351,0.00012940000409185652,20.0,0.3484655172413793
femnist,randk,80,0.35,141477,404222,0.9058361452817918,77.64423076923077,0.8178428503183218,0.33703126695037733,0.5317249935063211,0.9397188564986607,0.5317249935063211,power,9.512394905090332,11.044130325317383,11.479096412658691,0.0018423645524308085,0.00011572475549107824,20.0,0.3484655172413793
femnist,randk,81,0.35,141477,404222,0.8069754295004532,75.0,0.8160564716045673,0.3404981374212469,0.5317249935063211,0.9397188564986607,0.5317249935063211,power,9.555886268615723,11.213800430297852,11.630269050598145,0.0018626847304403782,0.00011958820283257572,20.0,0.3484655172413793
femnist,randk,82,0.35,141477,404222,0.7129474458657206,75.96153846153847,0.8095549069918119,0.3359320020861867,0.5317249935063211,0.9397188564986607,0.5317249935063211,power,9.650854110717773,11.266571998596191,11.43270492553711,0.0019544335082173347,0.00013398349038966972,20.0,0.3484655172413793
femnist,randk,83,0.35,141477,404222,0.7216289217490702,77.16346153846153,0.8051741673396184,0.37122535815339464,0.5317249935063211,0.9397188564986607,0.5317249935063211,power,9.564826011657715,11.02379322052002,11.178266525268555,0.0019217979861423373,0.00012682664889941006,20.0,0.3484655172413793
femnist,randk,84,0.35,141477,404222,0.6781922116596251,77.88461538461539,0.7948163839486929,0.33927402150507946,0.5317249935063211,0.9397188564986607,0.5317249935063211,power,9.62549877166748,11.194202423095703,11.529241561889648,0.001956896623596549,0.00013409932896178968,20.0,0.3484655172413793
femnist,randk,85,0.35,141477,404222,0.6593415295472369,78.36538461538461,0.7934323824368991,0.3653119588588168,0.5317249935063211,0.9397188564986607,0.5317249935063211,power,9.638408660888672,10.766793251037598,11.119802474975586,0.0019488916732370853,0.00013544559994940774,20.0,0.3484655172413793
femnist,randk,86,0.35,141477,404222,0.6822325380519032,76.4423076923077,0.788874259361854,0.3839134605292445,0.5317249935063211,0.9397188564986607,0.5317249935063211,power,9.701067924499512,11.46931266784668,12.038948059082031,0.0019562807865440845,0.00014476058292542567,20.0,0.3484655172413793
femnist,randk,87,0.35,141477,404222,0.726414036238566,75.72115384615384,0.7817893395057092,0.32984921182686977,0.5317249935063211,0.9397188564986607,0.5317249935063211,power,9.546819686889648,10.910795211791992,11.199837684631348,0.0018959359731525183,0.00011807334115346718,20.0,0.3484655172413793
femnist,randk,88,0.35,141477,404222,0.7190115152997896,76.6826923076923,0.7813268074622521,0.3478316615059332,0.5317249935063211,0.9397188564986607,0.5317249935063211,power,9.612555503845215,10.884499549865723,11.022029876708984,0.0019088670378550887,0.0001255664654674987,20.0,0.3484655172413793
femnist,randk,89,0.35,141477,404222,0.6737614871468395,76.92307692307692,0.7768592834472656,0.3632900967526243,0.5317249935063211,0.9397188564986607,0.5317249935063211,power,9.51280689239502,10.698646545410156,10.936423301696777,0.001945197000168264,0.00011225332511187748,20.0,0.3484655172413793
femnist,randk,90,0.35,141477,404222,0.6735592866153456,76.92307692307692,0.783994014446552,0.3602243218519625,0.5317249935063211,0.9397188564986607,0.5317249935063211,power,9.553661346435547,10.884916305541992,11.173462867736816,0.001868842402473092,0.00012327461707820113,20.0,0.3484655172413793
femnist,randk,91,0.35,141477,404222,0.6374205807200632,76.6826923076923,0.7871566185584435,0.3658234696151179,0.5317249935063211,0.9397188564986607,0.5317249935063211,power,9.495999336242676,11.02952766418457,11.7073974609375,0.0018608374521136284,0.00011557962866459473,20.0,0.3484655172413793
femnist,randk,92,0.35,141477,404222,0.709710581577383,77.40384615384616,0.785545642559345,0.35878790007462774,0.5317249935063211,0.9397188564986607,0.5317249935063211,power,9.51638126373291,11.103715896606445,11.515437126159668,0.00195566494949162,0.00012216059626101727,20.0,0.3484655172413793
femnist,randk,93,0.35,141477,404222,0.6878585438081064,77.40384615384616,0.7630000481238732,0.3413207942409687,0.5317249935063211,0.9397188564986607,0.5317249935063211,power,9.608290672302246,11.158207893371582,11.825687408447266,0.001984605798497796,0.0001269968781003976,20.0,0.3484655172413793
femnist,randk,94,0.35,141477,404222,0.6998715179227293,77.88461538461539,0.7505371387188251,0.35294480579844356,0.5317249935063211,0.9397188564986607,0.5317249935063211,power,9.596628189086914,10.996898651123047,11.490924835205078,0.0019088670378550887,0.00011752087866234555,20.0,0.3484655172413793
femnist,randk,95,0.35,141477,404222,0.5961128942342475,78.84615384615384,0.7380864070012019,0.3623786432037487,0.5317249935063211,0.9397188564986607,0.5317249935063211,power,9.657707214355469,11.772821426391602,11.970726013183594,0.0018663792870938778,0.00013782506297166462,20.0,0.3484655172413793
femnist,randk,96,0.35,141477,404222,0.6121125468146056,78.36538461538461,0.72814574608436,0.3486579068795858,0.5317249935063211,0.9397188564986607,0.5317249935063211,power,9.57637882232666,10.905526161193848,11.388383865356445,0.001946428557857871,0.00012635817616388133,20.0,0.3484655172413793
femnist,randk,97,0.35,141477,404222,0.5646303936373442,79.08653846153847,0.7198980771578275,0.324301444195689,0.5317249935063211,0.9397188564986607,0.5317249935063211,power,9.600266456604004,11.352191925048828,11.669291496276855,0.0019014778081327677,0.00013022519092530352,20.0,0.3484655172413793
femnist,randk,98,0.35,141477,404222,0.6644537864020095,78.84615384615384,0.7186713585486779,0.3516146048663883,0.5317249935063211,0.9397188564986607,0.5317249935063211,power,9.625920295715332,11.00347900390625,11.79033088684082,0.001976601080968976,0.00013822255457080252,20.0,0.3484655172413793
femnist,randk,99,0.35,141477,404222,0.6662623050110413,78.36538461538461,0.7223689739520733,0.3309868806779271,0.5317249935063211,0.9397188564986607,0.5317249935063211,power,9.543586730957031,10.791035652160645,10.944664001464844,0.0018990148091688752,0.00011968162835303506,20.0,0.3484655172413793
femnist,randk,100,0.35,141477,404222,0.5761038735136389,78.125,0.7239642510047326,0.3685858140660873,0.5317249935063211,0.9397188564986607,0.5317249935063211,power,9.58560562133789,11.563140869140625,11.945747375488281,0.0019415024435147643,0.00013347912816806661,20.0,0.3484655172413793
femnist,randk,101,0.35,141477,404222,0.6443960887519643,78.125,0.7378381582406851,0.3495271648109492,0.5317249935063211,0.9397188564986607,0.5317249935063211,power,9.626557350158691,11.301243782043457,12.116640090942383,0.0019956897012889385,0.00013490249476921464,20.0,0.3484655172413793
femnist,randk,102,0.35,141477,404222,0.5678591789212077,78.125,0.7254202916071966,0.37854774191160556,0.5317249935063211,0.9397188564986607,0.5317249935063211,power,9.63864517211914,11.207839965820312,11.432767868041992,0.0019045566441491246,0.0001315270325353285,20.0,0.3484655172413793
femnist,randk,103,0.35,141477,404222,0.5640882733091712,78.125,0.7182769041794997,0.37132522734959805,0.5317249935063211,0.9397188564986607,0.5317249935063211,power,9.578927040100098,10.872580528259277,12.329239845275879,0.0018725369591265917,0.00012116683899233695,20.0,0.3484655172413793
femnist,randk,104,0.35,141477,404222,0.6137912282906473,78.36538461538461,0.7070375589224008,0.33315309693344963,0.5317249935063211,0.9397188564986607,0.5317249935063211,power,9.538529396057129,10.942036628723145,11.988357543945312,0.0018916255794465542,0.00012044225430078366,20.0,0.3484655172413793
femnist,randk,105,0.35,141477,404222,0.5610905899992212,79.32692307692308,0.6978541887723483,0.3285459035222398,0.5317249935063211,0.9397188564986607,0.5317249935063211,power,9.64708137512207,11.026217460632324,11.316256523132324,0.0019827585201710463,0.00013708682686331864,20.0,0.3484655172413793
femnist,randk,106,0.35,141477,404222,0.5799074070528148,78.84615384615384,0.6891073080209585,0.33756610073546245,0.5317249935063211,0.9397188564986607,0.5317249935063211,power,9.576557159423828,11.35694694519043,11.644023895263672,0.001949507393874228,0.000128851569603296,20.0,0.3484655172413793
femnist,randk,107,0.35,141477,404222,0.611827461188659,79.32692307692308,0.6849575042724609,0.3323622628709065,0.5317249935063211,0.9397188564986607,0.5317249935063211,power,9.630130767822266,11.08410930633545,11.359516143798828,0.0019365763291716576,0.0001357160367750859,20.0,0.3484655172413793
femnist,randk,108,0.35,141477,404222,0.5147585152275861,78.84615384615384,0.6846747765174279,0.3468880538195228,0.5317249935063211,0.9397188564986607,0.5317249935063211,power,9.52326774597168,11.102840423583984,11.548911094665527,0.0018830049084499478,0.00011702970757032165,20.0,0.3484655172413793
femnist,randk,109,0.35,141477,404222,0.5223431504704057,79.5673076923077,0.6816790654109075,0.33489530172205695,0.5317249935063211,0.9397188564986607,0.5317249935063211,power,9.606681823730469,11.096904754638672,11.447047233581543,0.0018996305298060179,0.0001250399313075822,20.0,0.3484655172413793
femnist,randk,110,0.35,141477,404222,0.5504599226871505,79.5673076923077,0.6780657401451697,0.3589387610884097,0.5317249935063211,0.9397188564986607,0.5317249935063211,power,9.555742263793945,11.278387069702148,11.647664070129395,0.001878078794106841,0.00012424235355372703,20.0,0.3484655172413793
femnist,randk,111,0.35,141477,404222,0.5807359399087726,78.84615384615384,0.6919395740215595,0.35058248961285166,0.5317249935063211,0.9397188564986607,0.5317249935063211,power,9.53809928894043,10.97824478149414,11.883703231811523,0.001896551693789661,0.0001205482557731054,20.0,0.3484655172413793
femnist,randk,112,0.35,141477,404222,0.5036799520114437,79.32692307692308,0.6935822413517878,0.34401935562206043,0.5317249935063211,0.9397188564986607,0.5317249935063211,power,9.598448753356934,10.943507194519043,11.221492767333984,0.0019932265859097242,0.00012727827573278883,20.0,0.3484655172413793
femnist,randk,113,0.35,141477,404222,0.5031691625248641,79.5673076923077,0.6873811575082632,0.3557927436452247,0.5317249935063211,0.9397188564986607,0.5317249935063211,power,9.612765312194824,11.201343536376953,11.443099975585938,0.0019020936451852322,0.00013009215364923776,20.0,0.3484655172413793
femnist,randk,114,0.35,141477,404222,0.49370530099608007,79.32692307692308,0.6859868856576773,0.3804275464146012,0.5317249935063211,0.9397188564986607,0.5317249935063211,power,9.58852481842041,10.832530975341797,11.362529754638672,0.0019852216355502605,0.00012976176275147138,20.0,0.3484655172413793
femnist,randk,115,0.35,141477,404222,0.48878191431984314,79.08653846153847,0.6820185734675481,0.3752712516381179,0.5317249935063211,0.9397188564986607,0.5317249935063211,power,9.573747634887695,11.172927856445312,12.048808097839355,0.001946428557857871,0.0001288017512608926,20.0,0.3484655172413793
femnist,randk,116,0.35,141477,404222,0.5225382460001856,79.32692307692308,0.6791824927696815,0.3815145701253483,0.5317249935063211,0.9397188564986607,0.5317249935063211,power,9.652399063110352,11.441534996032715,11.656018257141113,0.0019310344941914082,0.0001366813447055371,20.0,0.3484655172413793
femnist,randk,117,0.35,141477,404222,0.5265390961337835,78.60576923076923,0.6810795710637019,0.3627617742079809,0.5317249935063211,0.9397188564986607,0.5317249935063211,power,9.647007942199707,11.146156311035156,11.423025131225586,0.0019415024435147643,0.00013628888621832443,20.0,0.3484655172413793
femnist,randk,118,0.35,141477,404222,0.4836025864630937,78.84615384615384,0.6782713669996995,0.3591392067800193,0.5317249935063211,0.9397188564986607,0.5317249935063211,power,9.54775619506836,11.211404800415039,11.828385353088379,0.0018983989721164107,0.00012337265304744103,20.0,0.3484655172413793
femnist,randk,119,0.35,141477,404222,0.5885829578805716,79.08653846153847,0.6614485520582932,0.33430273013047535,0.5317249935063211,0.9397188564986607,0.5317249935063211,power,9.6474027633667,11.08240795135498,11.48873519897461,0.00195751222781837,0.00013708443173289785,20.0,0.3484655172413793
femnist,randk,120,0.35,141477,404222,0.49233084826031703,79.5673076923077,0.6522149306077224,0.3410587005900628,0.5317249935063211,0.9397188564986607,0.5317249935063211,power,9.614899635314941,11.334875106811523,11.656350135803223,0.0019809112418442965,0.0001333275447090361,20.0,0.3484655172413793
femnist,randk,121,0.35,141477,404222,0.47713911089114835,79.5673076923077,0.6450066199669471,0.33115004501894746,0.5317249935063211,0.9397188564986607,0.5317249935063211,power,9.586068153381348,11.15977668762207,11.783121109008789,0.0019895320292562246,0.00013153529695598246,20.0,0.3484655172413793
femnist,randk,122,0.35,141477,404222,0.5324731768062338,80.28846153846153,0.6418125446026142,0.3363833000506874,0.5317249935063211,0.9397188564986607,0.5317249935063211,power,9.597795486450195,10.918854713439941,10.996339797973633,0.0020123152062296867,0.00012399073204482432,20.0,0.3484655172413793
femnist,randk,123,0.35,141477,404222,0.5819637445500121,80.52884615384616,0.6451724125788763,0.3665633113835732,0.5317249935063211,0.9397188564986607,0.5317249935063211,power,9.516790390014648,10.872915267944336,11.886035919189453,0.0019316502148285508,0.00011191746119328261,20.0,0.3484655172413793
femnist,randk,124,0.35,141477,404222,0.49198205161374065,79.32692307692308,0.64917358985314,0.3269327234228655,0.5317249935063211,0.9397188564986607,0.5317249935063211,power,9.581525802612305,10.984990119934082,11.259052276611328,0.0018866994651034474,0.00012192313966164529,20.0,0.3484655172413793
femnist,randk,125,0.35,141477,404222,0.5269449930125849,80.28846153846153,0.6486308024479792,0.36787104878028976,0.5317249935063211,0.9397188564986607,0.5317249935063211,power,9.558601379394531,10.59192180633545,11.257194519042969,0.0019839901942759752,0.00012078012432754723,20.0,0.3484655172413793
femnist,randk,126,0.35,141477,404222,0.4572984023345635,80.52884615384616,0.6477108001708984,0.33464859013117804,0.5317249935063211,0.9397188564986607,0.5317249935063211,power,9.510832786560059,11.125909805297852,12.04599380493164,0.0019439655588939786,0.0001175254283768661,20.0,0.3484655172413793
femnist,randk,127,0.35,141477,404222,0.4363486049696803,80.76923076923077,0.6434345245361328,0.36689684302287257,0.5317249935063211,0.9397188564986607,0.5317249935063211,power,9.511488914489746,11.254531860351562,11.794548988342285,0.0019107143161818385,0.00011395361997743798,20.0,0.3484655172413793
femnist,randk,128,0.35,141477,404222,0.4349011073261499,80.04807692307692,0.6369389754075271,0.3741443400252833,0.5317249935063211,0.9397188564986607,0.5317249935063211,power,9.560251235961914,11.086783409118652,11.237635612487793,0.0018343596020713449,0.00011979617746508789,20.0,0.3484655172413793
femnist,randk,129,0.35,141477,404222,0.4675179274007678,79.8076923076923,0.6384472480187049,0.3347234390428885,0.5317249935063211,0.9397188564986607,0.5317249935063211,power,9.592470169067383,10.90843677520752,11.158709526062012,0.0019254926592111588,0.00012618884020106506,20.0,0.3484655172413793
femnist,randk,130,0.35,141477,404222,0.4435530516458675,78.84615384615384,0.6449741216806265,0.35456060984893767,0.5317249935063211,0.9397188564986607,0.5317249935063211,power,9.613558769226074,11.250833511352539,11.480807304382324,0.001920566544868052,0.00013232687095845872,20.0,0.3484655172413793
femnist,randk,131,0.35,141477,404222,0.46262306462507696,79.32692307692308,0.6447284405048077,0.35414288854991033,0.5317249935063211,0.9397188564986607,0.5317249935063211,power,9.549118041992188,10.961671829223633,11.069589614868164,0.0019612067844718695,0.00012380601316048847,20.0,0.3484655172413793
femnist,randk,132,0.35,141477,404222,0.5186590737244113,80.04807692307692,0.6348940042349008,0.37312198102737204,0.5317249935063211,0.9397188564986607,0.5317249935063211,power,9.524520874023438,11.14961051940918,11.573348045349121,0.0018602217314764857,0.00011637286018560225,20.0,0.3484655172413793
femnist,randk,133,0.35,141477,404222,0.41966542569920423,80.52884615384616,0.6290041116567758,0.3184277660794197,0.5317249935063211,0.9397188564986607,0.5317249935063211,power,9.61133098602295,11.270384788513184,11.291641235351562,0.0019248768221586943,0.00012444858673650117,20.0,0.3484655172413793
femnist,randk,134,0.35,141477,404222,0.4684144324762746,80.76923076923077,0.6249501888568585,0.35805267435564697,0.5317249935063211,0.9397188564986607,0.5317249935063211,power,9.631001472473145,11.367334365844727,12.243953704833984,0.0019125615945085883,0.00012984167704523298,20.0,0.3484655172413793
femnist,randk,135,0.35,141477,404222,0.4310074860602617,81.25,0.6219245470487155,0.35612387553585867,0.5317249935063211,0.9397188564986607,0.5317249935063211,power,9.615445137023926,11.173232078552246,11.471577644348145,0.001916256151162088,0.00012357474605427215,20.0,0.3484655172413793
femnist,randk,136,0.35,141477,404222,0.4491215228731743,80.76923076923077,0.6268248924842248,0.3415608807102934,0.5317249935063211,0.9397188564986607,0.5317249935063211,power,9.542936325073242,11.157755851745605,11.6621732711792,0.0019624384585767984,0.00012263183084712447,20.0,0.3484655172413793
femnist,randk,137,0.35,141477,404222,0.452517599533312,81.00961538461539,0.6261489574725811,0.34595234366941546,0.5317249935063211,0.9397188564986607,0.5317249935063211,power,9.5565824508667,11.025932312011719,11.575470924377441,0.001945197000168264,0.00012141812572071839,20.0,0.3484655172413793
femnist,randk,138,0.35,141477,404222,0.4213173089642077,79.8076923076923,0.6264285307664138,0.3533424423697507,0.5317249935063211,0.9397188564986607,0.5317249935063211,power,9.532437324523926,11.202881813049316,12.024795532226562,0.0018300492083653808,0.00011983367872583305,20.0,0.3484655172413793
femnist,randk,139,0.35,141477,404222,0.47548249422805383,80.28846153846153,0.6263190049391526,0.3493236583788194,0.5317249935063211,0.9397188564986607,0.5317249935063211,power,9.569140434265137,11.065160751342773,11.486810684204102,0.002001231536269188,0.00012859544900378005,20.0,0.3484655172413793
femnist,randk,140,0.35,141477,404222,0.47486349301761954,79.8076923076923,0.6248101454514724,0.33111391602227686,0.5317249935063211,0.9397188564986607,0.5317249935063211,power,9.591547012329102,11.365716934204102,11.899160385131836,0.0019593595061451197,0.0001268611744511488,20.0,0.3484655172413793
femnist,randk,141,0.35,141477,404222,0.42208538991864764,79.5673076923077,0.6195401411790115,0.364171687410323,0.5317249935063211,0.9397188564986607,0.5317249935063211,power,9.575568199157715,11.32752799987793,12.319343566894531,0.0019396551651880145,0.00012698026659342567,20.0,0.3484655172413793
femnist,randk,142,0.35,141477,404222,0.3943739076564089,80.04807692307692,0.6144562867971567,0.350900166876596,0.5317249935063211,0.9397188564986607,0.5317249935063211,power,9.565991401672363,11.318018913269043,12.47355842590332,0.0018786946311593056,0.00012854012603026165,20.0,0.3484655172413793
femnist,randk,143,0.35,141477,404222,0.4281312190368771,80.28846153846153,0.6128867956308218,0.3484123854689041,0.5317249935063211,0.9397188564986607,0.5317249935063211,power,9.567046165466309,10.867011070251465,11.284725189208984,0.001893472857773304,0.00012511486558506807,20.0,0.3484655172413793
femnist,randk,144,0.35,141477,404222,0.37937960507813845,80.52884615384616,0.6081480613121619,0.3510063850921028,0.5317249935063211,0.9397188564986607,0.5317249935063211,power,9.58214282989502,11.023236274719238,11.626956939697266,0.0018823891878128052,0.00012070094956549757,20.0,0.3484655172413793
femnist,randk,145,0.35,141477,404222,0.3987951521715149,80.76923076923077,0.603144645690918,0.3659706389518642,0.5317249935063211,0.9397188564986607,0.5317249935063211,power,9.614864349365234,11.429000854492188,11.804912567138672,0.001893472857773304,0.00012463810220449164,20.0,0.3484655172413793
femnist,randk,146,0.35,141477,404222,0.502961795241572,79.8076923076923,0.5982559277461126,0.36511088878417186,0.5317249935063211,0.9397188564986607,0.5317249935063211,power,9.541098594665527,10.795461654663086,10.859363555908203,0.001920566544868052,0.00011944545859119143,20.0,0.3484655172413793
femnist,randk,147,0.35,141477,404222,0.40544651024509226,79.8076923076923,0.6024557993962214,0.3637535073202782,0.5317249935063211,0.9397188564986607,0.5317249935063211,power,9.608765602111816,11.26466178894043,11.765138626098633,0.0019094827584922314,0.00012799730748984584,20.0,0.3484655172413793
femnist,randk,148,0.35,141477,404222,0.4098547385446727,79.8076923076923,0.6014821345989521,0.3553461172139793,0.5317249935063211,0.9397188564986607,0.5317249935063211,power,9.569208145141602,11.120294570922852,11.634284019470215,0.0018214285373687744,0.00012135858121821581,20.0,0.3484655172413793
femnist,randk,149,0.35,141477,404222,0.3939936674572527,80.28846153846153,0.6067964480473444,0.35113837508231904,0.5317249935063211,0.9397188564986607,0.5317249935063211,power,9.586013793945312,11.186117172241211,12.874490737915039,0.0019562807865440845,0.0001330474755488715,20.0,0.3484655172413793
femnist,randk,150,0.35,141477,404222,0.44242486646398904,81.25,0.5995395000164325,0.3381044488805367,0.5317249935063211,0.9397188564986607,0.5317249935063211,power,9.626848220825195,11.075042724609375,11.250869750976562,0.0018805419094860554,0.00013243748162465818,20.0,0.3484655172413793
femnist,randk,151,0.35,141477,404222,0.40036073865834626,79.8076923076923,0.5972753304701585,0.3493827830427074,0.5317249935063211,0.9397188564986607,0.5317249935063211,power,9.596315383911133,10.967650413513184,11.31879997253418,0.0019020936451852322,0.00012483537358179745,20.0,0.3484655172413793
femnist,randk,152,0.35,141477,404222,0.47463653921149673,81.25,0.5929492803720328,0.3429927510336004,0.5317249935063211,0.9397188564986607,0.5317249935063211,power,9.608671188354492,11.55013370513916,12.31235408782959,0.00195566494949162,0.00013406464414391324,20.0,0.3484655172413793
femnist,randk,153,0.35,141477,404222,0.4053710492281243,80.76923076923077,0.5904811712411734,0.3546706214225236,0.5317249935063211,0.9397188564986607,0.5317249935063211,power,9.593902587890625,11.199396133422852,11.52448558807373,0.0018996305298060179,0.00012884259390077648,20.0,0.3484655172413793
femnist,randk,154,0.35,141477,404222,0.40539240453857933,80.28846153846153,0.5973002727215106,0.35784140438931156,0.5317249935063211,0.9397188564986607,0.5317249935063211,power,9.592114448547363,11.171679496765137,11.306695938110352,0.0018774630734696984,0.0001245006643739754,20.0,0.3484655172413793
femnist,randk,155,0.35,141477,404222,0.41357713404577223,80.28846153846153,0.6006397834190955,0.32855706560369485,0.5317249935063211,0.9397188564986607,0.5317249935063211,power,9.568244934082031,10.950742721557617,11.031638145446777,0.0018694581231102347,0.00012137147068927658,20.0,0.3484655172413793
femnist,randk,156,0.35,141477,404222,0.3515158296725712,80.04807692307692,0.5974262677706205,0.3606705294747459,0.5317249935063211,0.9397188564986607,0.5317249935063211,power,9.566057205200195,11.245400428771973,11.289800643920898,0.0018743842374533415,0.00012651062949774577,20.0,0.3484655172413793
femnist,randk,157,0.35,141477,404222,0.382181610967964,80.28846153846153,0.5933722716111404,0.35744786210842955,0.5317249935063211,0.9397188564986607,0.5317249935063211,power,9.601156234741211,11.172337532043457,11.633914947509766,0.0019384236074984074,0.00012322706323922425,20.0,0.3484655172413793
femnist,randk,158,0.35,141477,404222,0.4110343899554573,80.04807692307692,0.5867132040170523,0.3557358152437902,0.5317249935063211,0.9397188564986607,0.5317249935063211,power,9.649842262268066,11.184995651245117,11.979419708251953,0.0019396551651880145,0.00013974647845252868,20.0,0.3484655172413793
femnist,randk,159,0.35,141477,404222,0.45132698155473905,79.8076923076923,0.5882086020249587,0.3555768820111894,0.5317249935063211,0.9397188564986607,0.5317249935063211,power,9.569209098815918,11.170940399169922,11.643842697143555,0.0018565270584076643,0.00012369210982858352,20.0,0.3484655172413793
femnist,randk,160,0.35,141477,404222,0.3943816230772063,80.28846153846153,0.5889223905710074,0.33164539133834603,0.5317249935063211,0.9397188564986607,0.5317249935063211,power,9.639971733093262,11.318778038024902,11.52574348449707,0.001937192166224122,0.00013315044351917403,20.0,0.3484655172413793
femnist,randk,161,0.35,141477,404222,0.39150651056319474,80.04807692307692,0.5964712363023025,0.34998951770883513,0.5317249935063211,0.9397188564986607,0.5317249935063211,power,9.51233959197998,10.892548561096191,11.434520721435547,0.0019273399375379086,0.0001157815668171001,20.0,0.3484655172413793
femnist,randk,162,0.35,141477,404222,0.36731592783180533,80.28846153846153,0.6023283004760742,0.33981799444362043,0.5317249935063211,0.9397188564986607,0.5317249935063211,power,9.525263786315918,11.315043449401855,11.395678520202637,0.0018368227174505591,0.000116830901692619,20.0,0.3484655172413793
femnist,randk,163,0.35,141477,404222,0.3353013528743759,79.8076923076923,0.603128066429725,0.33858222672319976,0.5317249935063211,0.9397188564986607,0.5317249935063211,power,9.569352149963379,11.253253936767578,11.62712574005127,0.0019273399375379086,0.00012377307595340853,20.0,0.3484655172413793
femnist,randk,164,0.35,141477,404222,0.3540898456028662,80.28846153846153,0.6068917054396409,0.33610225369137103,0.5317249935063211,0.9397188564986607,0.5317249935063211,power,9.555867195129395,10.921664237976074,11.370316505432129,0.001966133015230298,0.00012055606159415495,20.0,0.3484655172413793
femnist,randk,165,0.35,141477,404222,0.3679392658662982,81.00961538461539,0.605835511134221,0.34459692277938603,0.5317249935063211,0.9397188564986607,0.5317249935063211,power,9.635663032531738,11.720887184143066,12.35781192779541,0.0019673644565045834,0.0001314691390978481,20.0,0.3484655172413793
femnist,randk,166,0.35,141477,404222,0.36878945660311724,81.25,0.5976669971759503,0.351008375945988,0.5317249935063211,0.9397188564986607,0.5317249935063211,power,9.579726219177246,11.066121101379395,11.131123542785645,0.0019649015739560127,0.00012715561958006683,20.0,0.3484655172413793
femnist,randk,167,0.35,141477,404222,0.36479923362610867,80.76923076923077,0.5935511222252479,0.3490426520680368,0.5317249935063211,0.9397188564986607,0.5317249935063211,power,9.545268058776855,11.366569519042969,11.618175506591797,0.0019310344941914082,0.00012441559171314276,20.0,0.3484655172413793
femnist,randk,168,0.35,141477,404222,0.3219524509180337,80.52884615384616,0.5890355843764085,0.3468595240084392,0.5317249935063211,0.9397188564986607,0.5317249935063211,power,9.628198623657227,11.218507766723633,11.349124908447266,0.0019445812795311213,0.0001278702511269387,20.0,0.3484655172413793
femnist,randk,169,0.35,141477,404222,0.3505732430214994,80.28846153846153,0.5869818467360276,0.34980870236506323,0.5317249935063211,0.9397188564986607,0.5317249935063211,power,9.624470710754395,11.341963768005371,11.521085739135742,0.0019181034294888377,0.0001327123043442361,20.0,0.3484655172413793
femnist,randk,170,0.35,141477,404222,0.3903223375533707,80.76923076923077,0.5811903293316181,0.34361595960662067,0.5317249935063211,0.9397188564986607,0.5317249935063211,power,9.56753158569336,10.99152660369873,11.39815902709961,0.0019027093658223748,0.00012243995043646793,20.0,0.3484655172413793
femnist,randk,171,0.35,141477,404222,0.33972680884413425,80.76923076923077,0.5748895498422476,0.35166874506422113,0.5317249935063211,0.9397188564986607,0.5317249935063211,power,9.549877166748047,11.090252876281738,11.415614128112793,0.001959975343197584,0.00012929125239484284,20.0,0.3484655172413793
femnist,randk,172,0.35,141477,404222,0.3355606765369885,81.25,0.5780212328984187,0.33865280935039177,0.5317249935063211,0.9397188564986607,0.5317249935063211,power,9.536497116088867,10.917276382446289,11.263458251953125,0.001916256151162088,0.00011696582814628045,20.0,0.3484655172413793
femnist,randk,173,0.35,141477,404222,0.3866816927911714,81.00961538461539,0.577553235567533,0.325919954870718,0.5317249935063211,0.9397188564986607,0.5317249935063211,power,9.599702835083008,11.09504222869873,11.690742492675781,0.0019353447714820504,0.0001278099086114011,20.0,0.3484655172413793
femnist,randk,174,0.35,141477,404222,0.31561983745312316,81.73076923076923,0.5723100075354943,0.364226563227673,0.5317249935063211,0.9397188564986607,0.5317249935063211,power,9.594561576843262,11.330090522766113,11.627093315124512,0.0019261083798483014,0.00012971918569098698,20.0,0.3484655172413793
femnist,randk,175,0.35,141477,404222,0.35448197716381397,81.49038461538461,0.5708074936499963,0.34886552006009813,0.5317249935063211,0.9397188564986607,0.5317249935063211,power,9.650164604187012,11.19784164428711,11.44707202911377,0.0019076354801654816,0.00013208742612253344,20.0,0.3484655172413793
femnist,randk,176,0.35,141477,404222,0.3931018101959489,81.00961538461539,0.5790987748366135,0.34940691629044013,0.5317249935063211,0.9397188564986607,0.5317249935063211,power,9.59286880493164,11.410429954528809,11.792877197265625,0.0019396551651880145,0.000129465490825723,20.0,0.3484655172413793
femnist,randk,177,0.35,141477,404222,0.35407309334026643,80.76923076923077,0.5775404710036057,0.3399510089847674,0.5317249935063211,0.9397188564986607,0.5317249935063211,power,9.58340072631836,10.8789701461792,11.177281379699707,0.001978448359295726,0.00012756741709979994,20.0,0.3484655172413793
femnist,randk,178,0.35,141477,404222,0.3264849399309605,80.28846153846153,0.5805289561931903,0.3526929428300095,0.5317249935063211,0.9397188564986607,0.5317249935063211,power,9.557877540588379,11.016216278076172,11.280916213989258,0.0019217979861423373,0.0001241542775030171,20.0,0.3484655172413793
femnist,randk,179,0.35,141477,404222,0.48780120217008516,81.00961538461539,0.5768015201275165,0.3689759410937302,0.5317249935063211,0.9397188564986607,0.5317249935063211,power,9.628620147705078,11.39080810546875,11.793201446533203,0.0019649015739560127,0.00014071392200881776,20.0,0.3484655172413793
femnist,randk,180,0.35,141477,404222,0.31360713927773765,81.25,0.5683213013869065,0.36077344299386666,0.5317249935063211,0.9397188564986607,0.5317249935063211,power,9.498498916625977,11.063639640808105,11.292854309082031,0.0019033250864595175,0.00011402724078522246,20.0,0.3484655172413793
femnist,randk,181,0.35,141477,404222,0.31114845724077905,81.00961538461539,0.5666834024282602,0.3441540242511628,0.5317249935063211,0.9397188564986607,0.5317249935063211,power,9.609317779541016,11.133557319641113,11.192276000976562,0.0019716748502105474,0.00013744607968013984,20.0,0.3484655172413793
femnist,randk,182,0.35,141477,404222,0.3813201830675826,81.25,0.5625287936283991,0.3378200308485985,0.5317249935063211,0.9397188564986607,0.5317249935063211,power,9.613683700561523,11.490262031555176,11.846065521240234,0.0019482758361846209,0.0001319861875276196,20.0,0.3484655172413793
femnist,randk,183,0.35,141477,404222,0.34060269387671727,81.97115384615384,0.5599572108342097,0.3544716528051514,0.5317249935063211,0.9397188564986607,0.5317249935063211,power,9.542110443115234,11.048968315124512,11.348434448242188,0.0018947044154629111,0.00011693795294053197,20.0,0.3484655172413793
femnist,randk,184,0.35,141477,404222,0.33386996351531706,82.21153846153847,0.5630630346444937,0.35310884522999675,0.5317249935063211,0.9397188564986607,0.5317249935063211,power,9.64958381652832,11.111265182495117,11.893607139587402,0.001990147866308689,0.00013683518367735398,20.0,0.3484655172413793
femnist,randk,185,0.35,141477,404222,0.3241167514864355,82.21153846153847,0.5661226786099948,0.342803189130953,0.5317249935063211,0.9397188564986607,0.5317249935063211,power,9.575380325317383,11.0817232131958,11.25290298461914,0.0018682265654206276,0.00011991959053457542,20.0,0.3484655172413793
femnist,randk,186,0.35,141477,404222,0.3516225082892924,82.9326923076923,0.5725883337167593,0.35724564067169334,0.5317249935063211,0.9397188564986607,0.5317249935063211,power,9.568784713745117,11.15983772277832,11.75311279296875,0.001937192166224122,0.0001266809418348561,20.0,0.3484655172413793
femnist,randk,187,0.35,141477,404222,0.3343662173033227,82.21153846153847,0.579498291015625,0.3509763080404359,0.5317249935063211,0.9397188564986607,0.5317249935063211,power,9.605210304260254,10.967333793640137,11.651674270629883,0.0019137931521981955,0.00012924631547898055,20.0,0.3484655172413793
femnist,randk,188,0.35,141477,404222,0.36721426939708174,81.49038461538461,0.5761693807748648,0.34391966643009014,0.5317249935063211,0.9397188564986607,0.5317249935063211,power,9.571791648864746,11.053214073181152,11.167404174804688,0.0018836207455024123,0.00011966896218401243,20.0,0.3484655172413793
femnist,randk,189,0.35,141477,404222,0.38824477962451054,81.49038461538461,0.5787183321439303,0.3434433215655108,0.5317249935063211,0.9397188564986607,0.5317249935063211,power,9.572851181030273,11.195452690124512,11.518267631530762,0.0018860837444663048,0.00012555188803600726,20.0,0.3484655172413793
femnist,randk,190,0.35,141477,404222,0.38230657716281713,81.25,0.576876713679387,0.3577253632818032,0.5317249935063211,0.9397188564986607,0.5317249935063211,power,9.596162796020508,11.097785949707031,11.268072128295898,0.0019642857369035482,0.00012487237261130083,20.0,0.3484655172413793
femnist,randk,191,0.35,141477,404222,0.3506498907553032,81.00961538461539,0.5859182064349835,0.3392897310452903,0.5317249935063211,0.9397188564986607,0.5317249935063211,power,9.544391632080078,11.302750587463379,11.499963760375977,0.001849137945100665,0.00012075161328057476,20.0,0.3484655172413793
femnist,randk,192,0.35,141477,404222,0.31686381344217807,81.00961538461539,0.5801259554349459,0.36229796040323586,0.5317249935063211,0.9397188564986607,0.5317249935063211,power,9.653035163879395,11.45899486541748,12.12466812133789,0.0019088670378550887,0.0001390022297467859,20.0,0.3484655172413793
femnist,randk,193,0.35,141477,404222,0.36119737175642513,81.00961538461539,0.5840076666611892,0.340542500761818,0.5317249935063211,0.9397188564986607,0.5317249935063211,power,9.572221755981445,11.181394577026367,11.486562728881836,0.0019187192665413022,0.00013170978981932163,20.0,0.3484655172413793
femnist,randk,194,0.35,141477,404222,0.33613823346793653,80.28846153846153,0.5828240834749662,0.348555302169335,0.5317249935063211,0.9397188564986607,0.5317249935063211,power,9.509857177734375,11.107268333435059,11.66170883178711,0.001876847236417234,0.00011514066575725424,20.0,0.3484655172413793
femnist,randk,195,0.35,141477,404222,0.32072529845405373,81.97115384615384,0.573395142188439,0.36419117192804906,0.5317249935063211,0.9397188564986607,0.5317249935063211,power,9.580866813659668,11.003541946411133,11.495683670043945,0.001878078794106841,0.00011990488146907634,20.0,0.3484655172413793
femnist,randk,196,0.35,141477,404222,0.32422322265338155,81.97115384615384,0.5629732792194073,0.3545383758693673,0.5317249935063211,0.9397188564986607,0.5317249935063211,power,9.526849746704102,10.887106895446777,11.269298553466797,0.0018836207455024123,0.00011293736839952568,20.0,0.3484655172413793
femnist,randk,197,0.35,141477,404222,0.3202989670075477,81.49038461538461,0.5666586435758151,0.38025806101429505,0.5317249935063211,0.9397188564986607,0.5317249935063211,power,9.567171096801758,11.517382621765137,12.521024703979492,0.001917487708851695,0.00012430999394760146,20.0,0.3484655172413793
femnist,randk,198,0.35,141477,404222,0.2953268332080916,81.49038461538461,0.5666800278883714,0.34096745193132383,0.5317249935063211,0.9397188564986607,0.5317249935063211,power,9.674633026123047,11.052010536193848,11.622045516967773,0.001946428557857871,0.0001332536505147441,20.0,0.3484655172413793
femnist,randk,199,0.35,141477,404222,0.29731117988005284,81.97115384615384,0.5557176883404071,0.34502014106133466,0.5317249935063211,0.9397188564986607,0.5317249935063211,power,9.59460163116455,11.23676872253418,11.496917724609375,0.001984605798497796,0.00012823986074428112,20.0,0.3484655172413793
femnist,randk,200,0.35,141477,404222,0.31242203060537577,81.49038461538461,0.5503079341008112,0.3486050716366639,0.5317249935063211,0.9397188564986607,0.5317249935063211,power,9.633567810058594,11.089095115661621,11.353700637817383,0.0019544335082173347,0.0001344274954737848,20.0,0.3484655172413793
femnist,full,1,1.0,404222,404222,3.8671947312355046,5.288461538461538,3.83273432804988,1.0,0.3145719702064071,0.5559437975250668,0.3145719702064071,power,9.5391845703125,11.100008010864258,11.304335594177246,0.001958743901923299,0.00012566121706854752,20.0,0.9956206896551724
femnist,full,2,1.0,404222,404222,3.6890009474754337,13.701923076923077,3.779699472280649,1.0,0.3145719702064071,0.5559437975250668,0.3145719702064071,power,9.61765193939209,11.293099403381348,11.716176986694336,0.0019396551651880145,0.00013343545814946292,20.0,0.9956206896551724
femnist,full,3,1.0,404222,404222,3.6614628648757934,11.778846153846153,3.6810003427358775,1.0,0.3145719702064071,0.5559437975250668,0.3145719702064071,power,9.59667682647705,11.127357482910156,11.360851287841797,0.0019445812795311213,0.00012483170583909436,20.0,0.9956206896551724
femnist,full,4,1.0,404222,404222,3.5831018364429474,17.307692307692307,3.6720170241135817,1.0,0.3145719702064071,0.5559437975250668,0.3145719702064071,power,9.546734809875488,11.054384231567383,11.532975196838379,0.0018854680238291621,0.00012171144303696446,20.0,0.9956206896551724
femnist,full,5,1.0,404222,404222,3.5560037243366245,20.91346153846154,3.581273005558894,1.0,0.3145719702064071,0.5559437975250668,0.3145719702064071,power,9.495562553405762,11.204249382019043,11.376238822937012,0.0018774630734696984,0.00011315916747384755,20.0,0.9956206896551724
femnist,full,6,1.0,404222,404222,3.5136082148551937,22.83653846153846,3.5035218458909254,1.0,0.3145719702064071,0.5559437975250668,0.3145719702064071,power,9.53561782836914,11.194308280944824,11.301846504211426,0.0018916255794465542,0.00011772734919223365,20.0,0.9956206896551724
femnist,full,7,1.0,404222,404222,3.388783760070801,22.596153846153847,3.4877066979041467,1.0,0.3145719702064071,0.5559437975250668,0.3145719702064071,power,9.564568519592285,11.39030933380127,11.47101879119873,0.0018534482223913074,0.00012533989865683208,20.0,0.9956206896551724
femnist,full,8,1.0,404222,404222,3.3535307943820953,24.51923076923077,3.353094247671274,1.0,0.3145719702064071,0.5559437975250668,0.3145719702064071,power,9.547505378723145,11.102885246276855,11.414107322692871,0.0018916255794465542,0.00011562687169849261,20.0,0.9956206896551724
femnist,full,9,1.0,404222,404222,3.2817444622516625,32.21153846153846,3.2400407057542067,1.0,0.3145719702064071,0.5559437975250668,0.3145719702064071,power,9.60395622253418,11.261033058166504,11.511283874511719,0.0019168718717992306,0.00013271231974633176,20.0,0.9956206896551724
femnist,full,10,1.0,404222,404222,3.2384706258773805,33.17307692307692,3.190837566669171,1.0,0.3145719702064071,0.5559437975250668,0.3145719702064071,power,9.591361999511719,11.234529495239258,11.451501846313477,0.0018300492083653808,0.0001278175827051749,20.0,0.9956206896551724
femnist,full,11,1.0,404222,404222,3.1824051070213315,29.807692307692307,3.1371964674729567,1.0,0.3145719702064071,0.5559437975250668,0.3145719702064071,power,9.508573532104492,11.323822021484375,11.475753784179688,0.0019187192665413022,0.00011670381445403419,20.0,0.9956206896551724
femnist,full,12,1.0,404222,404222,3.0495038473606106,31.009615384615383,2.9810145451472354,1.0,0.3145719702064071,0.5559437975250668,0.3145719702064071,power,9.615537643432617,11.596031188964844,12.693639755249023,0.0018860837444663048,0.0001326933411871841,20.0,0.9956206896551724
femnist,full,13,1.0,404222,404222,3.052160701751709,32.69230769230769,2.953231224646935,1.0,0.3145719702064071,0.5559437975250668,0.3145719702064071,power,9.64736270904541,11.114100456237793,11.275054931640625,0.001934113330207765,0.00013544507256794467,20.0,0.9956206896551724
femnist,full,14,1.0,404222,404222,2.9130421018600456,37.01923076923077,2.840184138371394,1.0,0.3145719702064071,0.5559437975250668,0.3145719702064071,power,9.53054428100586,10.999310493469238,11.864380836486816,0.0018608374521136284,0.00012135545274591153,20.0,0.9956206896551724
femnist,full,15,1.0,404222,404222,2.967729935646057,42.06730769230769,2.827784611628606,1.0,0.3145719702064071,0.5559437975250668,0.3145719702064071,power,9.60254192352295,10.926518440246582,11.35863208770752,0.001897783251479268,0.00013006098295265198,20.0,0.9956206896551724
femnist,full,16,1.0,404222,404222,2.8187378537654877,36.77884615384615,2.7092390794020433,1.0,0.3145719702064071,0.5559437975250668,0.3145719702064071,power,9.622383117675781,11.132604598999023,12.177239418029785,0.0019883005879819393,0.000134256079955358,20.0,0.9956206896551724
femnist,full,17,1.0,404222,404222,2.8105973517894745,40.625,2.6355030353252706,1.0,0.3145719702064071,0.5559437975250668,0.3145719702064071,power,9.506556510925293,11.017828941345215,12.527704238891602,0.0018534482223913074,0.00011606058781747728,20.0,0.9956206896551724
femnist,full,18,1.0,404222,404222,2.6857343250513077,39.66346153846154,2.5601422236515927,1.0,0.3145719702064071,0.5559437975250668,0.3145719702064071,power,9.577902793884277,11.50660514831543,12.007155418395996,0.0019033250864595175,0.00012729059255931068,20.0,0.9956206896551724
femnist,full,19,1.0,404222,404222,2.690319290161133,40.14423076923077,2.52481930072491,1.0,0.3145719702064071,0.5559437975250668,0.3145719702064071,power,9.531872749328613,11.071149826049805,11.275407791137695,0.0019137931521981955,0.00011455766506757033,20.0,0.9956206896551724
femnist,full,20,1.0,404222,404222,2.7073262453079225,40.38461538461539,2.4409939692570615,1.0,0.3145719702064071,0.5559437975250668,0.3145719702064071,power,9.58996295928955,10.96490478515625,11.252331733703613,0.0019285713788121939,0.00012354860677868125,20.0,0.9956206896551724
femnist,full,21,1.0,404222,404222,2.6901826620101934,44.71153846153846,2.3821141169621396,1.0,0.3145719702064071,0.5559437975250668,0.3145719702064071,power,9.626524925231934,11.525280952453613,11.696553230285645,0.001971059013158083,0.00013749777819749133,20.0,0.9956206896551724
femnist,full,22,1.0,404222,404222,2.536394054889679,41.34615384615385,2.3626797015850363,1.0,0.3145719702064071,0.5559437975250668,0.3145719702064071,power,9.548338890075684,11.453333854675293,11.737574577331543,0.001945197000168264,0.00011770870681524662,20.0,0.9956206896551724
femnist,full,23,1.0,404222,404222,2.420053390860557,43.50961538461539,2.2903436514047475,1.0,0.3145719702064071,0.5559437975250668,0.3145719702064071,power,9.51552677154541,11.110657691955566,11.567554473876953,0.0018922414164990187,0.00011404453175762228,20.0,0.9956206896551724
femnist,full,24,1.0,404222,404222,2.4430217450857166,51.68269230769231,2.174647404597356,1.0,0.3145719702064071,0.5559437975250668,0.3145719702064071,power,9.611885070800781,11.680737495422363,12.104350090026855,0.0019365763291716576,0.00013273700758693912,20.0,0.9956206896551724
femnist,full,25,1.0,404222,404222,2.4110975593328474,51.20192307692308,2.1922903794508715,1.0,0.3145719702064071,0.5559437975250668,0.3145719702064071,power,9.5642728805542,10.79411506652832,11.365659713745117,0.0019261083798483014,0.00012454535124373258,20.0,0.9956206896551724
femnist,full,26,1.0,404222,404222,2.2701783114671703,50.24038461538461,2.086738733144907,1.0,0.3145719702064071,0.5559437975250668,0.3145719702064071,power,9.523056983947754,10.953079223632812,11.441619873046875,0.0019082512008026242,0.00011684516382923499,20.0,0.9956206896551724
femnist,full,27,1.0,404222,404222,2.243303829133511,50.24038461538461,2.0461839529184194,1.0,0.3145719702064071,0.5559437975250668,0.3145719702064071,power,9.616369247436523,11.136190414428711,11.944502830505371,0.0019248768221586943,0.00013546901304964506,20.0,0.9956206896551724
femnist,full,28,1.0,404222,404222,2.1143185353279117,52.64423076923077,1.9851505572979267,1.0,0.3145719702064071,0.5559437975250668,0.3145719702064071,power,9.577030181884766,10.788446426391602,11.571859359741211,0.0019156404305249453,0.00012649031607732923,20.0,0.9956206896551724
femnist,full,29,1.0,404222,404222,2.1837819969654086,53.60576923076923,2.024717624370868,1.0,0.3145719702064071,0.5559437975250668,0.3145719702064071,power,9.660247802734375,11.53270149230957,11.816033363342285,0.0019501231145113707,0.00013588669613056922,20.0,0.9956206896551724
femnist,full,30,1.0,404222,404222,2.0868623012304304,56.25,1.9257642305814302,1.0,0.3145719702064071,0.5559437975250668,0.3145719702064071,power,9.574761390686035,11.092425346374512,11.150975227355957,0.0018546797800809145,0.0001184701168752516,20.0,0.9956206896551724
femnist,full,31,1.0,404222,404222,1.975763590633869,58.65384615384615,1.8391543168288012,1.0,0.3145719702064071,0.5559437975250668,0.3145719702064071,power,9.639704704284668,11.127656936645508,11.304749488830566,0.0019137931521981955,0.00012730194184068253,20.0,0.9956206896551724
femnist,full,32,1.0,404222,404222,1.9511629804968833,57.93269230769231,1.8124413123497596,1.0,0.3145719702064071,0.5559437975250668,0.3145719702064071,power,9.503899574279785,10.92527961730957,11.184959411621094,0.0019322660518810153,0.00011430699585319869,20.0,0.9956206896551724
femnist,full,33,1.0,404222,404222,1.8664919383823868,59.85576923076923,1.7071688725398138,1.0,0.3145719702064071,0.5559437975250668,0.3145719702064071,power,9.554667472839355,11.187725067138672,11.511066436767578,0.0018651477294042706,0.00011839488375399172,20.0,0.9956206896551724
femnist,full,34,1.0,404222,404222,1.845370538979769,58.89423076923077,1.7069261991060698,1.0,0.3145719702064071,0.5559437975250668,0.3145719702064071,power,9.576859474182129,11.408933639526367,12.002616882324219,0.0019636698998510838,0.00013288437601725704,20.0,0.9956206896551724
femnist,full,35,1.0,404222,404222,1.8163219206035137,60.81730769230769,1.6725321549635668,1.0,0.3145719702064071,0.5559437975250668,0.3145719702064071,power,9.596457481384277,11.52129077911377,12.216178894042969,0.0019199507078155875,0.00013166221382388197,20.0,0.9956206896551724
femnist,full,36,1.0,404222,404222,1.7854992344230414,61.53846153846154,1.6732013408954327,1.0,0.3145719702064071,0.5559437975250668,0.3145719702064071,power,9.644563674926758,11.392436027526855,12.059964179992676,0.0019211822655051947,0.00013514818173164712,20.0,0.9956206896551724
femnist,full,37,1.0,404222,404222,1.6214288643002512,62.98076923076923,1.5814575782189002,1.0,0.3145719702064071,0.5559437975250668,0.3145719702064071,power,9.612043380737305,11.029641151428223,11.774703979492188,0.0019285713788121939,0.000131142127469618,20.0,0.9956206896551724
femnist,full,38,1.0,404222,404222,1.721087977141142,59.13461538461539,1.605195558988131,1.0,0.3145719702064071,0.5559437975250668,0.3145719702064071,power,9.589424133300781,11.028488159179688,11.479049682617188,0.001867610844783485,0.00012369373278247088,20.0,0.9956206896551724
femnist,full,39,1.0,404222,404222,1.715452733132988,62.25961538461539,1.5969138512244592,1.0,0.3145719702064071,0.5559437975250668,0.3145719702064071,power,9.557333946228027,11.414929389953613,11.460697174072266,0.001926724100485444,0.00012241881337825354,20.0,0.9956206896551724
femnist,full,40,1.0,404222,404222,1.6076556465215979,62.25961538461539,1.5545079157902644,1.0,0.3145719702064071,0.5559437975250668,0.3145719702064071,power,9.585991859436035,11.309521675109863,12.041091918945312,0.0018497536657378078,0.00012172002246394571,20.0,0.9956206896551724
femnist,full,41,1.0,404222,404222,1.667845313390717,62.74038461538461,1.541834464439979,1.0,0.3145719702064071,0.5559437975250668,0.3145719702064071,power,9.559805870056152,10.962810516357422,11.94969654083252,0.0018706896807998419,0.0001219401909192883,20.0,0.9956206896551724
femnist,full,42,1.0,404222,404222,1.4837008682452142,63.94230769230769,1.49983156644381,1.0,0.3145719702064071,0.5559437975250668,0.3145719702064071,power,9.553987503051758,11.200695991516113,11.528646469116211,0.0019137931521981955,0.00012479758536286832,20.0,0.9956206896551724
femnist,full,43,1.0,404222,404222,1.4714323597401382,63.94230769230769,1.4002709021935096,1.0,0.3145719702064071,0.5559437975250668,0.3145719702064071,power,9.565752983093262,11.4805908203125,11.709403991699219,0.0018737685168161988,0.0001238505153830083,20.0,0.9956206896551724
femnist,full,44,1.0,404222,404222,1.6579249428305776,62.25961538461539,1.468888943011944,1.0,0.3145719702064071,0.5559437975250668,0.3145719702064071,power,9.611010551452637,11.46292495727539,12.579387664794922,0.0019181034294888377,0.00013165712312375493,20.0,0.9956206896551724
femnist,full,45,1.0,404222,404222,1.5771979933977125,64.42307692307692,1.451245821439303,1.0,0.3145719702064071,0.5559437975250668,0.3145719702064071,power,9.55799388885498,11.083746910095215,11.493359565734863,0.0019107143161818385,0.0001250214955032891,20.0,0.9956206896551724
femnist,full,46,1.0,404222,404222,1.4636305859684944,65.86538461538461,1.407113295335036,1.0,0.3145719702064071,0.5559437975250668,0.3145719702064071,power,9.585972785949707,11.067268371582031,11.318538665771484,0.0019476601155474782,0.00012648083372504478,20.0,0.9956206896551724
femnist,full,47,1.0,404222,404222,1.4336373594775795,64.66346153846153,1.3939189910888672,1.0,0.3145719702064071,0.5559437975250668,0.3145719702064071,power,9.585749626159668,11.235944747924805,11.523213386535645,0.0019168718717992306,0.00012596288614485712,20.0,0.9956206896551724
femnist,full,48,1.0,404222,404222,1.4118324780464173,65.14423076923077,1.3252220153808594,1.0,0.3145719702064071,0.5559437975250668,0.3145719702064071,power,9.593684196472168,10.986811637878418,11.379293441772461,0.0019439655588939786,0.00012617682803118163,20.0,0.9956206896551724
femnist,full,49,1.0,404222,404222,1.4314167845621708,65.625,1.338231893686148,1.0,0.3145719702064071,0.5559437975250668,0.3145719702064071,power,9.680658340454102,11.43090534210205,11.611038208007812,0.001977216685190797,0.00013710571331882688,20.0,0.9956206896551724
femnist,full,50,1.0,404222,404222,1.403090008031577,66.82692307692308,1.2780576852651744,1.0,0.3145719702064071,0.5559437975250668,0.3145719702064071,power,9.625906944274902,11.637127876281738,12.208752632141113,0.0019304187735542655,0.00012967286368944337,20.0,0.9956206896551724
femnist,full,51,1.0,404222,404222,1.3991684690874535,68.50961538461539,1.2981693561260517,1.0,0.3145719702064071,0.5559437975250668,0.3145719702064071,power,9.572647094726562,11.18326187133789,11.344133377075195,0.0019045566441491246,0.00012932000325151967,20.0,0.9956206896551724
femnist,full,52,1.0,404222,404222,1.3760571800777686,68.26923076923077,1.262473619901217,1.0,0.3145719702064071,0.5559437975250668,0.3145719702064071,power,9.506145477294922,11.203957557678223,12.09316635131836,0.0018497536657378078,0.00011827995409020767,20.0,0.9956206896551724
femnist,full,53,1.0,404222,404222,1.2530883343424646,66.82692307692308,1.2383645864633412,1.0,0.3145719702064071,0.5559437975250668,0.3145719702064071,power,9.635464668273926,11.146842956542969,11.64019775390625,0.0019802956376224756,0.00013534625260213368,20.0,0.9956206896551724
femnist,full,54,1.0,404222,404222,1.2442420745268463,68.75,1.213318604689378,1.0,0.3145719702064071,0.5559437975250668,0.3145719702064071,power,9.519815444946289,11.124357223510742,11.35395622253418,0.0018589901737868786,0.00011291115883685897,20.0,0.9956206896551724
femnist,full,55,1.0,404222,404222,1.2298550024582073,68.26923076923077,1.209852438706618,1.0,0.3145719702064071,0.5559437975250668,0.3145719702064071,power,9.563383102416992,10.908709526062012,11.856736183166504,0.001896551693789661,0.00011808580034283891,20.0,0.9956206896551724
femnist,full,56,1.0,404222,404222,1.3708596602082253,68.99038461538461,1.2029361724853516,1.0,0.3145719702064071,0.5559437975250668,0.3145719702064071,power,9.56126880645752,10.839863777160645,11.284784317016602,0.0018749999580904841,0.00012060122447075431,20.0,0.9956206896551724
femnist,full,57,1.0,404222,404222,1.336659190240316,68.26923076923077,1.1920104393592248,1.0,0.3145719702064071,0.5559437975250668,0.3145719702064071,power,9.575479507446289,11.178047180175781,11.826447486877441,0.0019439655588939786,0.00012402258338606954,20.0,0.9956206896551724
femnist,full,58,1.0,404222,404222,1.2065669655799867,68.75,1.1596766251784105,1.0,0.3145719702064071,0.5559437975250668,0.3145719702064071,power,9.533713340759277,10.962824821472168,11.096118927001953,0.0019082512008026242,0.00012059623574489573,20.0,0.9956206896551724
femnist,full,59,1.0,404222,404222,1.2331395655812227,68.75,1.1645991985614483,1.0,0.3145719702064071,0.5559437975250668,0.3145719702064071,power,9.567524909973145,11.082085609436035,11.97558879852295,0.0018903941381722689,0.0001263112651265714,20.0,0.9956206896551724
femnist,full,60,1.0,404222,404222,1.1898406791500746,70.4326923076923,1.1484012603759766,1.0,0.3145719702064071,0.5559437975250668,0.3145719702064071,power,9.56458568572998,11.112013816833496,11.648733139038086,0.001884236466139555,0.0001226153955422833,20.0,0.9956206896551724
femnist,full,61,1.0,404222,404222,1.1627918006852274,69.95192307692308,1.1464449075552134,1.0,0.3145719702064071,0.5559437975250668,0.3145719702064071,power,9.584202766418457,11.191926002502441,11.642988204956055,0.0019291872158646584,0.00012877069952412835,20.0,0.9956206896551724
femnist,full,62,1.0,404222,404222,1.2692297427868469,70.67307692307692,1.1536630483774037,1.0,0.3145719702064071,0.5559437975250668,0.3145719702064071,power,9.606812477111816,11.525900840759277,12.085515975952148,0.0019581280648708344,0.00013747917983453103,20.0,0.9956206896551724
femnist,full,63,1.0,404222,404222,1.1424299899488686,70.4326923076923,1.1337422590989332,1.0,0.3145719702064071,0.5559437975250668,0.3145719702064071,power,9.569475173950195,11.291240692138672,11.782618522644043,0.0019279556581750512,0.0001264478159168766,20.0,0.9956206896551724
femnist,full,64,1.0,404222,404222,1.1121101522212848,70.4326923076923,1.1119929827176607,1.0,0.3145719702064071,0.5559437975250668,0.3145719702064071,power,9.53400707244873,11.145254135131836,11.795501708984375,0.0019113300368189812,0.0001236630110951769,20.0,0.9956206896551724
femnist,full,65,1.0,404222,404222,1.1747559934156016,71.15384615384616,1.101279772244967,1.0,0.3145719702064071,0.5559437975250668,0.3145719702064071,power,9.586530685424805,11.06201457977295,11.618704795837402,0.0018830049084499478,0.00013020156333822173,20.0,0.9956206896551724
femnist,full,66,1.0,404222,404222,1.0975581717677414,72.11538461538461,1.1099101580106294,1.0,0.3145719702064071,0.5559437975250668,0.3145719702064071,power,9.571166038513184,11.357000350952148,12.260711669921875,0.0019045566441491246,0.0001306052908630115,20.0,0.9956206896551724
femnist,full,67,1.0,404222,404222,1.0908057989552618,69.23076923076923,1.0724743329561675,1.0,0.3145719702064071,0.5559437975250668,0.3145719702064071,power,9.606287002563477,11.052713394165039,12.432770729064941,0.0019002462504431605,0.00013230669951136046,20.0,0.9956206896551724
femnist,full,68,1.0,404222,404222,1.1941275251749903,71.39423076923077,1.0618162888746996,1.0,0.3145719702064071,0.5559437975250668,0.3145719702064071,power,9.5961332321167,10.987344741821289,11.89730453491211,0.001946428557857871,0.00012921440500153147,20.0,0.9956206896551724
femnist,full,69,1.0,404222,404222,1.082928754724562,72.35576923076923,1.0326100129347582,1.0,0.3145719702064071,0.5559437975250668,0.3145719702064071,power,9.525552749633789,11.328200340270996,11.647314071655273,0.0019248768221586943,0.00011911705198152976,20.0,0.9956206896551724
femnist,full,70,1.0,404222,404222,1.103748982315883,72.83653846153847,1.0637156413151667,1.0,0.3145719702064071,0.5559437975250668,0.3145719702064071,power,9.521322250366211,10.745235443115234,11.27098560333252,0.0019501231145113707,0.00011591401695497974,20.0,0.9956206896551724
femnist,full,71,1.0,404222,404222,1.0924941029027107,71.39423076923077,1.0518955817589393,1.0,0.3145719702064071,0.5559437975250668,0.3145719702064071,power,9.564621925354004,11.090604782104492,11.663285255432129,0.0018577586160972714,0.00011905081652191382,20.0,0.9956206896551724
femnist,full,72,1.0,404222,404222,1.078932210993953,72.35576923076923,1.044443130493164,1.0,0.3145719702064071,0.5559437975250668,0.3145719702064071,power,9.665451049804688,11.380449295043945,12.095457077026367,0.0019279556581750512,0.00013905893754060324,20.0,0.9956206896551724
femnist,full,73,1.0,404222,404222,1.024411684209481,72.83653846153847,1.026934110201322,1.0,0.3145719702064071,0.5559437975250668,0.3145719702064071,power,9.60814380645752,11.151616096496582,11.62732982635498,0.0018805419094860554,0.00012617848299999507,20.0,0.9956206896551724
femnist,full,74,1.0,404222,404222,1.053093678476289,70.91346153846153,1.0337838392991285,1.0,0.3145719702064071,0.5559437975250668,0.3145719702064071,power,9.632140159606934,11.402985572814941,11.54274845123291,0.00195566494949162,0.0001386225450660503,20.0,0.9956206896551724
femnist,full,75,1.0,404222,404222,1.05919669712428,72.35576923076923,0.9901431157038763,1.0,0.3145719702064071,0.5559437975250668,0.3145719702064071,power,9.568280220031738,11.337953567504883,11.760722160339355,0.0019199507078155875,0.00012590629334226764,20.0,0.9956206896551724
femnist,full,76,1.0,404222,404222,0.9610299281869086,71.63461538461539,0.9908329890324519,1.0,0.3145719702064071,0.5559437975250668,0.3145719702064071,power,9.514801979064941,11.050827980041504,11.578878402709961,0.0019107143161818385,0.00012152128377417273,20.0,0.9956206896551724
femnist,full,77,1.0,404222,404222,1.0316943317465488,73.3173076923077,1.0004148483276367,1.0,0.3145719702064071,0.5559437975250668,0.3145719702064071,power,9.652907371520996,11.318016052246094,11.839725494384766,0.002030172385275364,0.00014386550385181766,20.0,0.9956206896551724
femnist,full,78,1.0,404222,404222,1.0024828672222792,72.11538461538461,0.993187244121845,1.0,0.3145719702064071,0.5559437975250668,0.3145719702064071,power,9.624438285827637,11.263223648071289,12.257491111755371,0.0018897783011198044,0.0001277611028727203,20.0,0.9956206896551724
femnist,full,79,1.0,404222,404222,0.9643822409212588,74.27884615384616,0.9661786006047175,1.0,0.3145719702064071,0.5559437975250668,0.3145719702064071,power,9.58252239227295,10.92458438873291,12.00024127960205,0.001935960608534515,0.00012788953636928182,20.0,0.9956206896551724
femnist,full,80,1.0,404222,404222,1.1111029386520386,70.91346153846153,1.0000482705923228,1.0,0.3145719702064071,0.5559437975250668,0.3145719702064071,power,9.50839614868164,11.020715713500977,11.452279090881348,0.0018540640594437718,0.0001145433057307582,20.0,0.9956206896551724
femnist,full,81,1.0,404222,404222,0.9367890975205228,72.59615384615384,0.9832405677208533,1.0,0.3145719702064071,0.5559437975250668,0.3145719702064071,power,9.543828964233398,11.07905387878418,11.566862106323242,0.001887315302155912,0.00011808246426169387,20.0,0.9956206896551724
femnist,full,82,1.0,404222,404222,0.9724626716040075,72.83653846153847,0.9918851118821365,1.0,0.3145719702064071,0.5559437975250668,0.3145719702064071,power,9.648831367492676,11.33283519744873,11.389628410339355,0.0019821429159492254,0.00013275386526712596,20.0,0.9956206896551724
femnist,full,83,1.0,404222,404222,1.0422432952746747,71.63461538461539,1.0241245123056264,1.0,0.3145719702064071,0.5559437975250668,0.3145719702064071,power,9.563192367553711,11.037959098815918,11.223273277282715,0.0019415024435147643,0.00012650854170011448,20.0,0.9956206896551724
femnist,full,84,1.0,404222,404222,0.9675778899528087,72.83653846153847,0.9660057654747596,1.0,0.3145719702064071,0.5559437975250668,0.3145719702064071,power,9.634718894958496,11.118005752563477,11.649499893188477,0.001956896623596549,0.00013485196830110207,20.0,0.9956206896551724
femnist,full,85,1.0,404222,404222,0.8988504860177636,71.39423076923077,0.9577623514028696,1.0,0.3145719702064071,0.5559437975250668,0.3145719702064071,power,9.636455535888672,10.857162475585938,11.046198844909668,0.0019593595061451197,0.00013525507667605852,20.0,0.9956206896551724
femnist,full,86,1.0,404222,404222,0.9394891168992036,73.3173076923077,0.9581345778245193,1.0,0.3145719702064071,0.5559437975250668,0.3145719702064071,power,9.701967239379883,11.510293006896973,12.010042190551758,0.0019470442784950137,0.00014590229468274186,20.0,0.9956206896551724
femnist,full,87,1.0,404222,404222,1.0431628758646547,71.63461538461539,0.987429325397198,1.0,0.3145719702064071,0.5559437975250668,0.3145719702064071,power,9.55918025970459,11.001965522766113,11.17718505859375,0.0018959359731525183,0.00011855229475026997,20.0,0.9956206896551724
femnist,full,88,1.0,404222,404222,0.9551264407485723,72.59615384615384,0.9434141745934119,1.0,0.3145719702064071,0.5559437975250668,0.3145719702064071,power,9.61594295501709,10.834091186523438,10.92286491394043,0.0019427340012043715,0.00012566531549007537,20.0,0.9956206896551724
femnist,full,89,1.0,404222,404222,0.943920127772726,70.67307692307692,0.9558457594651443,1.0,0.3145719702064071,0.5559437975250668,0.3145719702064071,power,9.502881050109863,10.737832069396973,10.941402435302734,0.0019513546722009778,0.00011159552740258647,20.0,0.9956206896551724
femnist,full,90,1.0,404222,404222,0.9057949952408672,72.35576923076923,0.9364346724290115,1.0,0.3145719702064071,0.5559437975250668,0.3145719702064071,power,9.560163497924805,10.907984733581543,11.129058837890625,0.0018663792870938778,0.0001233677643855176,20.0,0.9956206896551724
femnist,full,91,1.0,404222,404222,0.8865249989787118,72.83653846153847,0.9287420419546274,1.0,0.3145719702064071,0.5559437975250668,0.3145719702064071,power,9.504047393798828,11.098339080810547,11.766592025756836,0.001847906387411058,0.00011675176913566028,20.0,0.9956206896551724
femnist,full,92,1.0,404222,404222,0.9269870804529635,72.59615384615384,0.9440097075242263,1.0,0.3145719702064071,0.5559437975250668,0.3145719702064071,power,9.52527904510498,11.149666786193848,11.441670417785645,0.0019581280648708344,0.0001227169871847719,20.0,0.9956206896551724
femnist,full,93,1.0,404222,404222,0.9355691474396736,72.35576923076923,0.9372322375957782,1.0,0.3145719702064071,0.5559437975250668,0.3145719702064071,power,9.606681823730469,11.321840286254883,11.720527648925781,0.001985837472602725,0.00012747054896115008,20.0,0.9956206896551724
femnist,full,94,1.0,404222,404222,0.9091231235209853,72.35576923076923,0.9398745023287259,1.0,0.3145719702064071,0.5559437975250668,0.3145719702064071,power,9.596722602844238,10.972299575805664,11.543450355529785,0.0018879310227930546,0.00011835719283445353,20.0,0.9956206896551724
femnist,full,95,1.0,404222,404222,0.9133240815997123,72.83653846153847,0.9081874260535607,1.0,0.3145719702064071,0.5559437975250668,0.3145719702064071,power,9.652667045593262,11.711637496948242,11.830540657043457,0.0018805419094860554,0.0001368688549056527,20.0,0.9956206896551724
femnist,full,96,1.0,404222,404222,0.912635600636713,74.03846153846153,0.9299433781550481,1.0,0.3145719702064071,0.5559437975250668,0.3145719702064071,power,9.585865020751953,10.989872932434082,11.38691520690918,0.0019347290508449078,0.0001282018762293857,20.0,0.9956206896551724
femnist,full,97,1.0,404222,404222,0.8392539786081761,73.5576923076923,0.907296400803786,1.0,0.3145719702064071,0.5559437975250668,0.3145719702064071,power,9.589635848999023,11.303131103515625,11.610738754272461,0.0019119457574561238,0.000128652912850318,20.0,0.9956206896551724
femnist,full,98,1.0,404222,404222,0.929368561115116,72.83653846153847,0.9007264650785006,1.0,0.3145719702064071,0.5559437975250668,0.3145719702064071,power,9.628148078918457,10.988527297973633,11.925631523132324,0.001970443408936262,0.00013821640096394088,20.0,0.9956206896551724
femnist,full,99,1.0,404222,404222,0.9272443475294858,71.63461538461539,0.8942435337946966,1.0,0.3145719702064071,0.5559437975250668,0.3145719702064071,power,9.544865608215332,10.887136459350586,10.977436065673828,0.001887315302155912,0.00011936381779619195,20.0,0.9956206896551724
femnist,full,100,1.0,404222,404222,0.8294079699087888,73.5576923076923,0.8987759810227615,1.0,0.3145719702064071,0.5559437975250668,0.3145719702064071,power,9.583917617797852,11.553653717041016,11.954681396484375,0.0019285713788121939,0.00013476851980690553,20.0,0.9956206896551724
femnist,full,101,1.0,404222,404222,0.8930446328781546,73.5576923076923,0.9012795961820163,1.0,0.3145719702064071,0.5559437975250668,0.3145719702064071,power,9.624234199523926,11.509231567382812,11.9859037399292,0.0020024629775434732,0.00013410474516764478,20.0,0.9956206896551724
femnist,full,102,1.0,404222,404222,0.8473452443815768,73.5576923076923,0.8993156139667218,1.0,0.3145719702064071,0.5559437975250668,0.3145719702064071,power,9.637605667114258,11.180432319641113,11.405034065246582,0.0019033250864595175,0.00013298537479815235,20.0,0.9956206896551724
femnist,full,103,1.0,404222,404222,0.8253222780302167,72.35576923076923,0.8727787457979642,1.0,0.3145719702064071,0.5559437975250668,0.3145719702064071,power,9.574054718017578,10.859111785888672,12.119893074035645,0.001881157630123198,0.00011997265196820734,20.0,0.9956206896551724
femnist,full,104,1.0,404222,404222,0.8861075256904586,72.83653846153847,0.8890308233407828,1.0,0.3145719702064071,0.5559437975250668,0.3145719702064071,power,9.535335540771484,11.029290199279785,11.866111755371094,0.0018866994651034474,0.00012014889541698961,20.0,0.9956206896551724
femnist,full,105,1.0,404222,404222,0.8895985891669989,73.3173076923077,0.8580397825974685,1.0,0.3145719702064071,0.5559437975250668,0.3145719702064071,power,9.641597747802734,11.147619247436523,11.27387809753418,0.002006157534196973,0.00013813132458691133,20.0,0.9956206896551724
femnist,full,106,1.0,404222,404222,0.81008986372035,73.5576923076923,0.8782301682692307,1.0,0.3145719702064071,0.5559437975250668,0.3145719702064071,power,9.57705020904541,11.515142440795898,11.56090259552002,0.0019427340012043715,0.00012904924760761383,20.0,0.9956206896551724
femnist,full,107,1.0,404222,404222,0.8688498904695734,73.3173076923077,0.8741915776179388,1.0,0.3145719702064071,0.5559437975250668,0.3145719702064071,power,9.620552062988281,11.149005889892578,11.24788761138916,0.0019476601155474782,0.00013588785844660336,20.0,0.9956206896551724
femnist,full,108,1.0,404222,404222,0.7991932545742021,74.51923076923077,0.8578376770019531,1.0,0.3145719702064071,0.5559437975250668,0.3145719702064071,power,9.534868240356445,10.994071960449219,11.598161697387695,0.0019014778081327677,0.00011866289983672939,20.0,0.9956206896551724
femnist,full,109,1.0,404222,404222,0.7602660133969038,75.72115384615384,0.83965697655311,1.0,0.3145719702064071,0.5559437975250668,0.3145719702064071,power,9.604621887207031,10.949470520019531,11.285284042358398,0.0018940886948257685,0.00012492541953915736,20.0,0.9956206896551724
femnist,full,110,1.0,404222,404222,0.7857568812556563,74.51923076923077,0.8661102881798377,1.0,0.3145719702064071,0.5559437975250668,0.3145719702064071,power,9.544513702392578,11.21611213684082,11.536745071411133,0.0018885467434301972,0.00012182459700383606,20.0,0.9956206896551724
femnist,full,111,1.0,404222,404222,0.8485136989527382,75.48076923076923,0.8557668832632211,1.0,0.3145719702064071,0.5559437975250668,0.3145719702064071,power,9.541058540344238,11.111451148986816,11.825018882751465,0.0018996305298060179,0.00012074029512126147,20.0,0.9956206896551724
femnist,full,112,1.0,404222,404222,0.774121828339994,75.24038461538461,0.8467914874737079,1.0,0.3145719702064071,0.5559437975250668,0.3145719702064071,power,9.598429679870605,10.928718566894531,11.144622802734375,0.002001231536269188,0.0001271924422425724,20.0,0.9956206896551724
femnist,full,113,1.0,404222,404222,0.8266715795919298,76.92307692307692,0.8458930529080905,1.0,0.3145719702064071,0.5559437975250668,0.3145719702064071,power,9.615654945373535,11.229434967041016,11.28626823425293,0.0019033250864595175,0.000129387945452205,20.0,0.9956206896551724
femnist,full,114,1.0,404222,404222,0.8547740350011734,75.72115384615384,0.848940922663762,1.0,0.3145719702064071,0.5559437975250668,0.3145719702064071,power,9.59534740447998,10.901951789855957,11.244112014770508,0.0019938424229621887,0.00013066885883578124,20.0,0.9956206896551724
femnist,full,115,1.0,404222,404222,0.7631426679342985,76.92307692307692,0.829468507033128,1.0,0.3145719702064071,0.5559437975250668,0.3145719702064071,power,9.569660186767578,11.11097240447998,12.177167892456055,0.0019488916732370853,0.00012804003682794266,20.0,0.9956206896551724
femnist,full,116,1.0,404222,404222,0.834878371283412,76.20192307692308,0.8250479331383338,1.0,0.3145719702064071,0.5559437975250668,0.3145719702064071,power,9.64216423034668,11.389768600463867,11.783858299255371,0.0019304187735542655,0.00013539773412247295,20.0,0.9956206896551724
femnist,full,117,1.0,404222,404222,0.8114116689329967,75.24038461538461,0.8160919042734,1.0,0.3145719702064071,0.5559437975250668,0.3145719702064071,power,9.644903182983398,11.097434997558594,11.385208129882812,0.001935960608534515,0.0001347431953175894,20.0,0.9956206896551724
femnist,full,118,1.0,404222,404222,0.8408366774220484,76.6826923076923,0.8280818645770733,1.0,0.3145719702064071,0.5559437975250668,0.3145719702064071,power,9.554730415344238,11.11739730834961,11.819347381591797,0.0018916255794465542,0.00012447024176971404,20.0,0.9956206896551724
femnist,full,119,1.0,404222,404222,0.8407338141370566,76.4423076923077,0.8145993306086614,1.0,0.3145719702064071,0.5559437975250668,0.3145719702064071,power,9.636770248413086,11.086670875549316,11.464909553527832,0.0019821429159492254,0.00013597201294063724,20.0,0.9956206896551724
femnist,full,120,1.0,404222,404222,0.7652959864609874,76.4423076923077,0.8102876223050631,1.0,0.3145719702064071,0.5559437975250668,0.3145719702064071,power,9.613531112670898,11.357259750366211,11.69517707824707,0.00198891619220376,0.0001340878187202758,20.0,0.9956206896551724
femnist,full,121,1.0,404222,404222,0.7745610242220573,76.92307692307692,0.7977149669940655,1.0,0.3145719702064071,0.5559437975250668,0.3145719702064071,power,9.59330940246582,11.174659729003906,11.83385944366455,0.0019987684208899736,0.00013236215599775688,20.0,0.9956206896551724
femnist,full,122,1.0,404222,404222,0.7944292101293103,76.6826923076923,0.7950749030480018,1.0,0.3145719702064071,0.5559437975250668,0.3145719702064071,power,9.598807334899902,10.90269947052002,11.015625953674316,0.0020000000949949026,0.0001249460947843783,20.0,0.9956206896551724
femnist,full,123,1.0,404222,404222,0.8234361339360475,77.16346153846153,0.8096981048583984,1.0,0.3145719702064071,0.5559437975250668,0.3145719702064071,power,9.519681930541992,10.946613311767578,11.91634750366211,0.001910098479129374,0.0001117905535691305,20.0,0.9956206896551724
femnist,full,124,1.0,404222,404222,0.7792099980777129,77.16346153846153,0.7944142268254206,1.0,0.3145719702064071,0.5559437975250668,0.3145719702064071,power,9.567390441894531,10.948894500732422,11.17282485961914,0.0018910098588094115,0.00012015513192820187,20.0,0.9956206896551724
femnist,full,125,1.0,404222,404222,0.7964562641689554,78.125,0.7873362761277419,1.0,0.3145719702064071,0.5559437975250668,0.3145719702064071,power,9.57235336303711,10.648868560791016,11.266613960266113,0.0019802956376224756,0.00012208883380171882,20.0,0.9956206896551724
femnist,full,126,1.0,404222,404222,0.7247805289900862,76.92307692307692,0.8000294612004206,1.0,0.3145719702064071,0.5559437975250668,0.3145719702064071,power,9.507526397705078,11.231078147888184,12.012948989868164,0.0019544335082173347,0.00011704548676526356,20.0,0.9956206896551724
femnist,full,127,1.0,404222,404222,0.7087701369961724,76.92307692307692,0.7767850435697116,1.0,0.3145719702064071,0.5559437975250668,0.3145719702064071,power,9.510847091674805,11.233628273010254,11.754035949707031,0.0019107143161818385,0.00011479933064551945,20.0,0.9956206896551724
femnist,full,128,1.0,404222,404222,0.7017506346106529,76.6826923076923,0.7831227229191706,1.0,0.3145719702064071,0.5559437975250668,0.3145719702064071,power,9.558688163757324,11.027483940124512,11.419656753540039,0.0018411329947412014,0.00011966257049638229,20.0,0.9956206896551724
femnist,full,129,1.0,404222,404222,0.8021838202339131,76.4423076923077,0.7933349609375,1.0,0.3145719702064071,0.5559437975250668,0.3145719702064071,power,9.578596115112305,10.920061111450195,11.142166137695312,0.0019261083798483014,0.00012339837106621724,20.0,0.9956206896551724
femnist,full,130,1.0,404222,404222,0.7923174376040698,76.6826923076923,0.7724992311917819,1.0,0.3145719702064071,0.5559437975250668,0.3145719702064071,power,9.619831085205078,11.05733585357666,11.426152229309082,0.0019285713788121939,0.00013226747996003185,20.0,0.9956206896551724
femnist,full,131,1.0,404222,404222,0.777945438331226,77.16346153846153,0.7884728358342097,1.0,0.3145719702064071,0.5559437975250668,0.3145719702064071,power,9.554615020751953,10.901910781860352,11.038636207580566,0.0019513546722009778,0.00012477677304176472,20.0,0.9956206896551724
femnist,full,132,1.0,404222,404222,0.83347438164521,76.6826923076923,0.7894694988544171,1.0,0.3145719702064071,0.5559437975250668,0.3145719702064071,power,9.526658058166504,11.056589126586914,11.524101257324219,0.001838669995777309,0.00011489891756467932,20.0,0.9956206896551724
femnist,full,133,1.0,404222,404222,0.6704566096607596,77.16346153846153,0.7808913450974685,1.0,0.3145719702064071,0.5559437975250668,0.3145719702064071,power,9.606322288513184,11.088353157043457,11.356220245361328,0.0019273399375379086,0.00012384374650284473,20.0,0.9956206896551724
femnist,full,134,1.0,404222,404222,0.7884101986326277,76.4423076923077,0.7928606180044321,1.0,0.3145719702064071,0.5559437975250668,0.3145719702064071,power,9.621758460998535,11.230374336242676,12.259077072143555,0.0019193349871784449,0.00012891940043702495,20.0,0.9956206896551724
femnist,full,135,1.0,404222,404222,0.7074127153307199,76.4423076923077,0.7896184187669021,1.0,0.3145719702064071,0.5559437975250668,0.3145719702064071,power,9.611898422241211,11.07707691192627,11.451370239257812,0.001896551693789661,0.0001233968869333696,20.0,0.9956206896551724
femnist,full,136,1.0,404222,404222,0.7190118508064188,77.88461538461539,0.8104848861694336,1.0,0.3145719702064071,0.5559437975250668,0.3145719702064071,power,9.538315773010254,11.134244918823242,11.63398265838623,0.0019593595061451197,0.00012219810900800332,20.0,0.9956206896551724
femnist,full,137,1.0,404222,404222,0.7686625000648201,77.16346153846153,0.8052196502685547,1.0,0.3145719702064071,0.5559437975250668,0.3145719702064071,power,9.563338279724121,11.089009284973145,11.650617599487305,0.0019636698998510838,0.0001221771470043173,20.0,0.9956206896551724
femnist,full,138,1.0,404222,404222,0.7997410994861275,75.24038461538461,0.8006125230055589,1.0,0.3145719702064071,0.5559437975250668,0.3145719702064071,power,9.522453308105469,11.155571937561035,11.88907527923584,0.0018374384380877018,0.00011978167294746006,20.0,0.9956206896551724
femnist,full,139,1.0,404222,404222,0.7756043153256178,75.96153846153847,0.8126322672917292,1.0,0.3145719702064071,0.5559437975250668,0.3145719702064071,power,9.575495719909668,11.035284042358398,11.391864776611328,0.0019926107488572598,0.00012931705393390196,20.0,0.9956206896551724
femnist,full,140,1.0,404222,404222,0.7180120570980943,75.96153846153847,0.8007429563082181,1.0,0.3145719702064071,0.5559437975250668,0.3145719702064071,power,9.58850383758545,11.308980941772461,11.790313720703125,0.0019698275718837976,0.00012610800039100216,20.0,0.9956206896551724
femnist,full,141,1.0,404222,404222,0.7140636050282047,76.4423076923077,0.7763181833120493,1.0,0.3145719702064071,0.5559437975250668,0.3145719702064071,power,9.571921348571777,11.38677978515625,12.29356575012207,0.0019439655588939786,0.00012637419361497635,20.0,0.9956206896551724
femnist,full,142,1.0,404222,404222,0.7423592260619627,74.75961538461539,0.7985741541935847,1.0,0.3145719702064071,0.5559437975250668,0.3145719702064071,power,9.563494682312012,11.249314308166504,12.431822776794434,0.0018891625804826617,0.0001280905695629289,20.0,0.9956206896551724
femnist,full,143,1.0,404222,404222,0.7264740820601582,75.72115384615384,0.797423216012808,1.0,0.3145719702064071,0.5559437975250668,0.3145719702064071,power,9.56773853302002,10.92651081085205,11.24720573425293,0.0019033250864595175,0.00012419842849736406,20.0,0.9956206896551724
femnist,full,144,1.0,404222,404222,0.694746188838035,76.20192307692308,0.79004089648907,1.0,0.3145719702064071,0.5559437975250668,0.3145719702064071,power,9.567298889160156,11.035733222961426,11.61409854888916,0.0018885467434301972,0.00011935750582471652,20.0,0.9956206896551724
femnist,full,145,1.0,404222,404222,0.681062484779395,78.125,0.7672480069673978,1.0,0.3145719702064071,0.5559437975250668,0.3145719702064071,power,9.623160362243652,11.393892288208008,11.885677337646484,0.0019304187735542655,0.00012580000178364888,20.0,0.9956206896551724
femnist,full,146,1.0,404222,404222,0.8196643314510584,77.64423076923077,0.7694543691781851,1.0,0.3145719702064071,0.5559437975250668,0.3145719702064071,power,9.550135612487793,10.871975898742676,10.923721313476562,0.0019150245934724808,0.0001209192141342907,20.0,0.9956206896551724
femnist,full,147,1.0,404222,404222,0.7416446517920121,76.6826923076923,0.7675198775071365,1.0,0.3145719702064071,0.5559437975250668,0.3145719702064071,power,9.607185363769531,11.301774024963379,11.637066841125488,0.001932881772518158,0.00012781097268719068,20.0,0.9956206896551724
femnist,full,148,1.0,404222,404222,0.735024205375812,75.96153846153847,0.7768562757051908,1.0,0.3145719702064071,0.5559437975250668,0.3145719702064071,power,9.575967788696289,11.231992721557617,11.689156532287598,0.001832512323744595,0.00012232389928406337,20.0,0.9956206896551724
femnist,full,149,1.0,404222,404222,0.6977023428061512,77.16346153846153,0.795696918780987,1.0,0.3145719702064071,0.5559437975250668,0.3145719702064071,power,9.584259986877441,11.292291641235352,12.850523948669434,0.0019408867228776217,0.0001329877332021919,20.0,0.9956206896551724
femnist,full,150,1.0,404222,404222,0.6803118371218443,75.72115384615384,0.7942807124211237,1.0,0.3145719702064071,0.5559437975250668,0.3145719702064071,power,9.632375717163086,11.15832233428955,11.419210433959961,0.0018694581231102347,0.00013362121890979106,20.0,0.9956206896551724
femnist,full,151,1.0,404222,404222,0.6480266048316845,77.64423076923077,0.758391600388747,1.0,0.3145719702064071,0.5559437975250668,0.3145719702064071,power,9.59900951385498,11.027311325073242,11.309370994567871,0.0018885467434301972,0.00012441767316372757,20.0,0.9956206896551724
femnist,full,152,1.0,404222,404222,0.8064237355894874,76.20192307692308,0.7856578826904297,1.0,0.3145719702064071,0.5559437975250668,0.3145719702064071,power,9.600428581237793,11.435364723205566,12.246221542358398,0.0019458128372207284,0.00013391800718081778,20.0,0.9956206896551724
femnist,full,153,1.0,404222,404222,0.6804059881344438,75.96153846153847,0.7450809478759766,1.0,0.3145719702064071,0.5559437975250668,0.3145719702064071,power,9.590130805969238,11.249563217163086,11.543903350830078,0.0019082512008026242,0.00012967819242608962,20.0,0.9956206896551724
femnist,full,154,1.0,404222,404222,0.6442361899372189,78.36538461538461,0.7694579637967623,1.0,0.3145719702064071,0.5559437975250668,0.3145719702064071,power,9.598906517028809,11.156807899475098,11.2882661819458,0.0019033250864595175,0.00012505163592639918,20.0,0.9956206896551724
femnist,full,155,1.0,404222,404222,0.7016794805694371,78.84615384615384,0.7601721836970403,1.0,0.3145719702064071,0.5559437975250668,0.3145719702064071,power,9.567618370056152,10.916651725769043,11.106672286987305,0.0018897783011198044,0.00012165761811169836,20.0,0.9956206896551724
femnist,full,156,1.0,404222,404222,0.6306082622380927,78.36538461538461,0.7450077350323017,1.0,0.3145719702064071,0.5559437975250668,0.3145719702064071,power,9.570427894592285,11.268011093139648,11.316389083862305,0.0018891625804826617,0.00012638742469699333,20.0,0.9956206896551724
femnist,full,157,1.0,404222,404222,0.6703089604154229,78.125,0.7257344172551081,1.0,0.3145719702064071,0.5559437975250668,0.3145719702064071,power,9.61340618133545,11.196560859680176,11.682839393615723,0.001934113330207765,0.00012448053793923965,20.0,0.9956206896551724
femnist,full,158,1.0,404222,404222,0.7135163485165685,77.16346153846153,0.7603687139657828,1.0,0.3145719702064071,0.5559437975250668,0.3145719702064071,power,9.648805618286133,11.0887451171875,11.846153259277344,0.0019304187735542655,0.00013860084113065138,20.0,0.9956206896551724
femnist,full,159,1.0,404222,404222,0.7676467817649245,79.08653846153847,0.7593517303466797,1.0,0.3145719702064071,0.5559437975250668,0.3145719702064071,power,9.559301376342773,11.223518371582031,11.546737670898438,0.001850985223427415,0.00012280373581825127,20.0,0.9956206896551724
femnist,full,160,1.0,404222,404222,0.6933357478817925,77.40384615384616,0.7857187711275541,1.0,0.3145719702064071,0.5559437975250668,0.3145719702064071,power,9.643208503723145,11.204344749450684,11.552831649780273,0.0019390394445508718,0.0001345943707826607,20.0,0.9956206896551724
femnist,full,161,1.0,404222,404222,0.7439554380998015,78.36538461538461,0.7589583030113807,1.0,0.3145719702064071,0.5559437975250668,0.3145719702064071,power,9.51093864440918,10.822728157043457,11.406343460083008,0.001917487708851695,0.00011603979799862854,20.0,0.9956206896551724
femnist,full,162,1.0,404222,404222,0.6359503277577458,77.40384615384616,0.7601952185997596,1.0,0.3145719702064071,0.5559437975250668,0.3145719702064071,power,9.53332805633545,11.191340446472168,11.419849395751953,0.001828201930038631,0.00011858918117126073,20.0,0.9956206896551724
femnist,full,163,1.0,404222,404222,0.6203551640757359,78.60576923076923,0.7384627415583684,1.0,0.3145719702064071,0.5559437975250668,0.3145719702064071,power,9.568682670593262,11.202580451965332,11.56894588470459,0.0019254926592111588,0.00012285360841184258,20.0,0.9956206896551724
femnist,full,164,1.0,404222,404222,0.7056403390713968,77.88461538461539,0.7873392838698167,1.0,0.3145719702064071,0.5559437975250668,0.3145719702064071,power,9.554439544677734,10.931719779968262,11.236124992370605,0.001970443408936262,0.00012022181383200377,20.0,0.9956206896551724
femnist,full,165,1.0,404222,404222,0.655424287247006,79.08653846153847,0.7625333345853366,1.0,0.3145719702064071,0.5559437975250668,0.3145719702064071,power,9.624675750732422,11.713081359863281,12.42457389831543,0.0019408867228776217,0.0001306292284845213,20.0,0.9956206896551724
femnist,full,166,1.0,404222,404222,0.7037648520176298,79.08653846153847,0.74505798633282,1.0,0.3145719702064071,0.5559437975250668,0.3145719702064071,power,9.563313484191895,11.089555740356445,11.140501022338867,0.001977216685190797,0.00012550369485074496,20.0,0.9956206896551724
femnist,full,167,1.0,404222,404222,0.6936392616480588,78.84615384615384,0.7296469761775091,1.0,0.3145719702064071,0.5559437975250668,0.3145719702064071,power,9.547260284423828,11.462224960327148,11.668562889099121,0.001945197000168264,0.00012453211138430887,20.0,0.9956206896551724
femnist,full,168,1.0,404222,404222,0.5999579397961498,78.84615384615384,0.7248921761145959,1.0,0.3145719702064071,0.5559437975250668,0.3145719702064071,power,9.622566223144531,11.084684371948242,11.33966064453125,0.0019519703928381205,0.0001267714127254562,20.0,0.9956206896551724
femnist,full,169,1.0,404222,404222,0.6241468759998678,78.84615384615384,0.7522058486938477,1.0,0.3145719702064071,0.5559437975250668,0.3145719702064071,power,9.622679710388184,11.391719818115234,11.577823638916016,0.0019137931521981955,0.0001336727727737354,20.0,0.9956206896551724
femnist,full,170,1.0,404222,404222,0.6956824592221529,79.08653846153847,0.7520900139441857,1.0,0.3145719702064071,0.5559437975250668,0.3145719702064071,power,9.578356742858887,11.087141036987305,11.538982391357422,0.0019014778081327677,0.00012420456051960934,20.0,0.9956206896551724
femnist,full,171,1.0,404222,404222,0.6378406951390206,76.92307692307692,0.7317231985238882,1.0,0.3145719702064071,0.5559437975250668,0.3145719702064071,power,9.54069995880127,11.033303260803223,11.447660446166992,0.0019649015739560127,0.00012887295750427436,20.0,0.9956206896551724
femnist,full,172,1.0,404222,404222,0.5998993492824957,79.8076923076923,0.6972230764535757,1.0,0.3145719702064071,0.5559437975250668,0.3145719702064071,power,9.537858963012695,11.044853210449219,11.279899597167969,0.0019094827584922314,0.00011735620736614505,20.0,0.9956206896551724
femnist,full,173,1.0,404222,404222,0.7573077577864751,78.36538461538461,0.7416579906757061,1.0,0.3145719702064071,0.5559437975250668,0.3145719702064071,power,9.590391159057617,11.080636024475098,11.745922088623047,0.0019236452644690871,0.0001275313497051335,20.0,0.9956206896551724
femnist,full,174,1.0,404222,404222,0.578385493668611,77.40384615384616,0.7246985802283654,1.0,0.3145719702064071,0.5559437975250668,0.3145719702064071,power,9.603485107421875,11.403532981872559,11.524755477905273,0.0019156404305249453,0.00013004885173152706,20.0,0.9956206896551724
femnist,full,175,1.0,404222,404222,0.6043117367662488,77.88461538461539,0.7242691333477314,1.0,0.3145719702064071,0.5559437975250668,0.3145719702064071,power,9.648602485656738,11.181023597717285,11.466867446899414,0.0019020936451852322,0.0001316245779948544,20.0,0.9956206896551724
femnist,full,176,1.0,404222,404222,0.6652781176660209,76.92307692307692,0.746090815617488,1.0,0.3145719702064071,0.5559437975250668,0.3145719702064071,power,9.590100288391113,11.4715576171875,11.820976257324219,0.0019347290508449078,0.00013074944662757788,20.0,0.9956206896551724
femnist,full,177,1.0,404222,404222,0.639437906886451,77.40384615384616,0.7250442504882812,1.0,0.3145719702064071,0.5559437975250668,0.3145719702064071,power,9.572285652160645,10.88410758972168,11.07797622680664,0.001963054295629263,0.00012664889974086323,20.0,0.9956206896551724
femnist,full,178,1.0,404222,404222,0.6750655527599155,76.20192307692308,0.7739299627450796,1.0,0.3145719702064071,0.5559437975250668,0.3145719702064071,power,9.561631202697754,10.940073013305664,11.182863235473633,0.0019445812795311213,0.00012298813814748142,20.0,0.9956206896551724
femnist,full,179,1.0,404222,404222,0.7973388872412033,77.88461538461539,0.7498629643366888,1.0,0.3145719702064071,0.5559437975250668,0.3145719702064071,power,9.622076034545898,11.408024787902832,11.7915620803833,0.001976601080968976,0.00014073544368442713,20.0,0.9956206896551724
femnist,full,180,1.0,404222,404222,0.5990306899230927,78.125,0.7426145993746244,1.0,0.3145719702064071,0.5559437975250668,0.3145719702064071,power,9.50943660736084,11.070354461669922,11.41910457611084,0.0018891625804826617,0.0001149388262008797,20.0,0.9956206896551724
femnist,full,181,1.0,404222,404222,0.5751003533008043,78.125,0.7556381225585938,1.0,0.3145719702064071,0.5559437975250668,0.3145719702064071,power,9.609188079833984,11.189519882202148,11.274663925170898,0.0019605911802500486,0.00013812685124848294,20.0,0.9956206896551724
femnist,full,182,1.0,404222,404222,0.646478660167195,78.36538461538461,0.7492931806124173,1.0,0.3145719702064071,0.5559437975250668,0.3145719702064071,power,9.603240013122559,11.464080810546875,11.849160194396973,0.0019642857369035482,0.00013158023472908468,20.0,0.9956206896551724
femnist,full,183,1.0,404222,404222,0.5880910528058302,78.36538461538461,0.7351204065176157,1.0,0.3145719702064071,0.5559437975250668,0.3145719702064071,power,9.545802116394043,11.069621086120605,11.355925559997559,0.001903940923511982,0.00011826214440505016,20.0,0.9956206896551724
femnist,full,184,1.0,404222,404222,0.6399934123642742,78.125,0.7218188505906326,1.0,0.3145719702064071,0.5559437975250668,0.3145719702064071,power,9.645899772644043,11.11447525024414,11.718057632446289,0.001985837472602725,0.00013660419546157615,20.0,0.9956206896551724
femnist,full,185,1.0,404222,404222,0.6152110739855561,76.6826923076923,0.7332911124596229,1.0,0.3145719702064071,0.5559437975250668,0.3145719702064071,power,9.56972599029541,11.166873931884766,11.330999374389648,0.001878078794106841,0.00011952142529828456,20.0,0.9956206896551724
femnist,full,186,1.0,404222,404222,0.6320393379172311,77.64423076923077,0.7280368804931641,1.0,0.3145719702064071,0.5559437975250668,0.3145719702064071,power,9.568010330200195,11.19017219543457,11.708929061889648,0.0019402708858251572,0.0001265473437503558,20.0,0.9956206896551724
femnist,full,187,1.0,404222,404222,0.5835478707775474,77.40384615384616,0.7395497102003831,1.0,0.3145719702064071,0.5559437975250668,0.3145719702064071,power,9.611199378967285,11.113362312316895,11.65532112121582,0.0019285713788121939,0.00012902822842798413,20.0,0.9956206896551724
femnist,full,188,1.0,404222,404222,0.7092569494154304,76.92307692307692,0.7441974786611704,1.0,0.3145719702064071,0.5559437975250668,0.3145719702064071,power,9.578646659851074,11.058287620544434,11.264324188232422,0.0018866994651034474,0.00012091451883511298,20.0,0.9956206896551724
femnist,full,189,1.0,404222,404222,0.6202643632027319,77.16346153846153,0.7438319279597356,1.0,0.3145719702064071,0.5559437975250668,0.3145719702064071,power,9.569497108459473,11.275863647460938,11.48425006866455,0.0018860837444663048,0.00012466265807455282,20.0,0.9956206896551724
femnist,full,190,1.0,404222,404222,0.6037093118799385,77.16346153846153,0.7280741471510667,1.0,0.3145719702064071,0.5559437975250668,0.3145719702064071,power,9.604473114013672,11.109393119812012,11.214261054992676,0.0019421182805672288,0.0001259378446762686,20.0,0.9956206896551724
femnist,full,191,1.0,404222,404222,0.6623754973732867,77.64423076923077,0.7619828444260818,1.0,0.3145719702064071,0.5559437975250668,0.3145719702064071,power,9.547569274902344,11.189481735229492,11.519509315490723,0.0018663792870938778,0.00012084726554376446,20.0,0.9956206896551724
femnist,full,192,1.0,404222,404222,0.6352444702410139,77.88461538461539,0.7355904212364783,1.0,0.3145719702064071,0.5559437975250668,0.3145719702064071,power,9.647054672241211,11.340339660644531,12.03028678894043,0.0019150245934724808,0.00013882967917943785,20.0,0.9956206896551724
femnist,full,193,1.0,404222,404222,0.6456571325473487,77.40384615384616,0.7617357694185697,1.0,0.3145719702064071,0.5559437975250668,0.3145719702064071,power,9.57886791229248,11.214614868164062,11.567527770996094,0.0019082512008026242,0.00013252463980860176,20.0,0.9956206896551724
femnist,full,194,1.0,404222,404222,0.7101188135135454,80.52884615384616,0.7120645963228666,1.0,0.3145719702064071,0.5559437975250668,0.3145719702064071,power,9.515161514282227,11.145030975341797,11.740097045898438,0.0018577586160972714,0.00011701612805174993,20.0,0.9956206896551724
femnist,full,195,1.0,404222,404222,0.6086330865509808,78.60576923076923,0.7192620497483474,1.0,0.3145719702064071,0.5559437975250668,0.3145719702064071,power,9.572868347167969,11.01362133026123,11.496771812438965,0.001867610844783485,0.00011962103980976986,20.0,0.9956206896551724
femnist,full,196,1.0,404222,404222,0.5800476416898891,77.88461538461539,0.737453974210299,1.0,0.3145719702064071,0.5559437975250668,0.3145719702064071,power,9.538175582885742,10.944050788879395,11.199417114257812,0.0019064039224758744,0.00011436722218562824,20.0,0.9956206896551724
femnist,full,197,1.0,404222,404222,0.6654629639536143,78.36538461538461,0.7333580897404597,1.0,0.3145719702064071,0.5559437975250668,0.3145719702064071,power,9.55300521850586,11.498790740966797,12.411566734313965,0.0019334974931553006,0.0001223138658545448,20.0,0.9956206896551724
femnist,full,198,1.0,404222,404222,0.5933248527534307,77.64423076923077,0.7570279928354117,1.0,0.3145719702064071,0.5559437975250668,0.3145719702064071,power,9.665014266967773,11.101147651672363,11.499872207641602,0.0019248768221586943,0.00013162378052086984,20.0,0.9956206896551724
femnist,full,199,1.0,404222,404222,0.563075625146739,77.16346153846153,0.7467913994422326,1.0,0.3145719702064071,0.5559437975250668,0.3145719702064071,power,9.602191925048828,11.280726432800293,11.596822738647461,0.0019802956376224756,0.00012848058872544837,20.0,0.9956206896551724
femnist,full,200,1.0,404222,404222,0.6132126455754042,77.88461538461539,0.7363580557016226,1.0,0.3145719702064071,0.5559437975250668,0.3145719702064071,power,9.634944915771484,11.157063484191895,11.433124542236328,0.0019470442784950137,0.00013391304154202304,20.0,0.9956206896551724
