dataset,method,round,ratio,k,d,train_loss,test_accuracy,test_loss,retained_energy,b_power,b_privacy,b_star,regime,papr_mean_db,papr_p99_db,papr_max_db,clip_sample_ratio,normalized_clip_energy,u_active_mean,active_resource_ratio
femnist,topk,1,0.2,80844,404222,3.904452199935913,11.27450980392157,3.8170584884344363,0.9318054587373036,0.7034060493475798,1.2431311983067246,0.7034060493475798,power,9.611406326293945,11.10444164276123,11.618374824523926,0.0018990148091688752,0.0001280632911739793,6.865469932556152,0.5800714285714286
femnist,topk,2,0.2,80844,404222,3.8592052865028377,12.009803921568627,3.7834580365349266,0.9101402150870932,0.7034060493475798,1.2431311983067246,0.7034060493475798,power,9.525164604187012,11.011919021606445,11.210283279418945,0.00195566494949162,0.00011873488752768555,6.279511451721191,0.6341995073891625
femnist,topk,3,0.2,80844,404222,3.7028762674331674,14.705882352941176,3.65673828125,0.8980517735007852,0.7034060493475798,1.2431311983067246,0.7034060493475798,power,9.613569259643555,11.126180648803711,11.200925827026367,0.0019347290508449078,0.00013136851654056974,5.942773342132568,0.6701354679802956
femnist,topk,4,0.2,80844,404222,3.6198871564865107,22.30392156862745,3.591810338637408,0.8844791432057463,0.7034060493475798,1.2431311983067246,0.7034060493475798,power,9.591337203979492,11.04289722442627,11.229153633117676,0.0020080048125237226,0.00013116513187946585,5.932807922363281,0.6712610837438424
femnist,topk,5,0.2,80844,404222,3.5771207058429724,23.529411764705884,3.5205646589690565,0.8731356795248114,0.7034060493475798,1.2431311983067246,0.7034060493475798,power,9.536691665649414,10.988353729248047,11.210058212280273,0.001876847236417234,0.00011766726914834098,5.802027225494385,0.6863916256157635
femnist,topk,6,0.2,80844,404222,3.515705842971802,25.980392156862745,3.452172971239277,0.8693904100602394,0.7034060493475798,1.2431311983067246,0.7034060493475798,power,9.529118537902832,11.22284984588623,11.596868515014648,0.0019051723647862673,0.00011617120940979789,5.7999043464660645,0.6866428571428571
femnist,topk,7,0.2,80844,404222,3.4255914664268494,26.715686274509803,3.3819221047794117,0.8576345667525009,0.7034060493475798,1.2431311983067246,0.7034060493475798,power,9.602497100830078,11.284008979797363,11.701578140258789,0.0019513546722009778,0.00013469280392965072,5.7530999183654785,0.6922290640394089
femnist,topk,8,0.2,80844,404222,3.3965338265895846,32.59803921568628,3.303085027956495,0.8534523492768565,0.7034060493475798,1.2431311983067246,0.7034060493475798,power,9.638744354248047,11.270289421081543,11.792680740356445,0.0019347290508449078,0.00013281397130257991,5.669841289520264,0.7023940886699508
femnist,topk,9,0.2,80844,404222,3.377885837554931,34.55882352941177,3.2450304218367036,0.8490235027312704,0.7034060493475798,1.2431311983067246,0.7034060493475798,power,9.614620208740234,11.470227241516113,11.82158374786377,0.0019181034294888377,0.0001280381297039641,5.594353199005127,0.711871921182266
femnist,topk,10,0.2,80844,404222,3.1932505595684058,38.72549019607843,3.0951780431410847,0.8365006366992894,0.7034060493475798,1.2431311983067246,0.7034060493475798,power,9.545212745666504,11.383131980895996,11.789532661437988,0.0018503695027902722,0.0001228640334198547,5.498843669891357,0.7242364532019705
femnist,topk,11,0.2,80844,404222,3.2543970012664802,39.950980392156865,3.0718009799134496,0.8419396227029049,0.7034060493475798,1.2431311983067246,0.7034060493475798,power,9.637815475463867,11.29535961151123,12.285335540771484,0.0019956897012889385,0.00013535705968640205,5.460089683532715,0.7293768472906403
femnist,topk,12,0.2,80844,404222,3.13496842622757,38.23529411764706,2.997180415134804,0.8376607505666869,0.7034060493475798,1.2431311983067246,0.7034060493475798,power,9.638818740844727,11.234198570251465,11.741280555725098,0.001932881772518158,0.0001353516657525964,5.395174980163574,0.7381527093596059
femnist,topk,13,0.2,80844,404222,3.017004773616791,42.8921568627451,2.8450580671721815,0.8215699574395684,0.7034060493475798,1.2431311983067246,0.7034060493475798,power,9.50094985961914,10.883345603942871,10.933064460754395,0.001844827551394701,0.00011912080465145583,5.290820598602295,0.7527118226600985
femnist,topk,14,0.2,80844,404222,2.966974040269852,43.38235294117647,2.7470529593673407,0.8243910076489549,0.7034060493475798,1.2431311983067246,0.7034060493475798,power,9.61129379272461,10.98897647857666,11.37525749206543,0.0018916255794465542,0.0001287144433877346,5.236281871795654,0.760551724137931
femnist,topk,15,0.2,80844,404222,2.8084289664030075,41.911764705882355,2.6803594851026347,0.8182274084676718,0.7034060493475798,1.2431311983067246,0.7034060493475798,power,9.511792182922363,11.281767845153809,11.522197723388672,0.0019057882018387318,0.0001185136847032837,5.204141616821289,0.7652487684729063
femnist,topk,16,0.2,80844,404222,2.7377032077312466,40.44117647058823,2.6338303509880516,0.8121482616215563,0.7034060493475798,1.2431311983067246,0.7034060493475798,power,9.620800971984863,11.330265998840332,11.573749542236328,0.0019605911802500486,0.0001351044538973291,5.195446014404297,0.7665295566502464
femnist,topk,17,0.2,80844,404222,2.789196972250938,46.568627450980394,2.5843858905867036,0.8217166937150205,0.7034060493475798,1.2431311983067246,0.7034060493475798,power,9.557295799255371,10.950868606567383,11.047030448913574,0.001900862087495625,0.00012212950363423892,5.1796183586120605,0.768871921182266
femnist,topk,18,0.2,80844,404222,2.6643414717912672,47.05882352941177,2.4942694271312043,0.8139781627216081,0.7034060493475798,1.2431311983067246,0.7034060493475798,power,9.645486831665039,11.39732551574707,11.59292984008789,0.0019193349871784449,0.00013670875469657615,5.1168060302734375,0.7783103448275862
femnist,topk,19,0.2,80844,404222,2.3808119446039195,47.05882352941177,2.2865352256625306,0.7930569898572004,0.7034060493475798,1.2431311983067246,0.7034060493475798,power,9.507829666137695,11.086641311645508,11.305337905883789,0.0019334974931553006,0.00011444196623074183,4.964963436126709,0.8021133004926109
femnist,topk,20,0.2,80844,404222,2.519080076217651,48.529411764705884,2.2680427700865504,0.8063179397331979,0.7034060493475798,1.2431311983067246,0.7034060493475798,power,9.519397735595703,11.55373764038086,11.778026580810547,0.0019273399375379086,0.00012027116296463425,5.032478332519531,0.7913522167487684
femnist,topk,21,0.2,80844,404222,2.254945462048054,50.245098039215684,2.148427626665901,0.8000994222045585,0.7034060493475798,1.2431311983067246,0.7034060493475798,power,9.615318298339844,11.034921646118164,11.150554656982422,0.0019926107488572598,0.00013288114933482644,5.014358997344971,0.7942118226600985
femnist,topk,22,0.2,80844,404222,2.153665964007377,50.245098039215684,2.0725085688572302,0.7856067151485278,0.7034060493475798,1.2431311983067246,0.7034060493475798,power,9.531522750854492,10.75260066986084,10.975156784057617,0.0018571428954601288,0.00010894990410952683,4.877804279327393,0.8164458128078818
femnist,topk,23,0.2,80844,404222,2.233107834905386,52.94117647058823,2.0654516781077668,0.8011060453481301,0.7034060493475798,1.2431311983067246,0.7034060493475798,power,9.521270751953125,10.960490226745605,11.027223587036133,0.0018651477294042706,0.0001143363611505504,5.03967809677124,0.7902216748768472
femnist,topk,24,0.2,80844,404222,2.181802238598466,52.205882352941174,1.9886136522480087,0.7992116441634145,0.7034060493475798,1.2431311983067246,0.7034060493475798,power,9.599934577941895,10.94803524017334,11.323942184448242,0.0019076354801654816,0.00012372864366314804,5.001051425933838,0.7963251231527093
femnist,topk,25,0.2,80844,404222,1.9952851864695549,53.431372549019606,1.8996938069661458,0.7853838845627698,0.7034060493475798,1.2431311983067246,0.7034060493475798,power,9.572915077209473,11.012970924377441,12.863722801208496,0.0019193349871784449,0.00012649368961143687,4.884213924407959,0.8153743842364533
femnist,topk,26,0.2,80844,404222,2.098342666551471,53.92156862745098,1.862493776807598,0.7946423591577136,0.7034060493475798,1.2431311983067246,0.7034060493475798,power,9.591944694519043,11.355661392211914,11.694025039672852,0.0019402708858251572,0.00013304626029958305,4.965390205383301,0.8020443349753694
femnist,topk,27,0.2,80844,404222,1.9825583945214749,54.411764705882355,1.8217263315238206,0.7969162680713245,0.7034060493475798,1.2431311983067246,0.7034060493475798,power,9.592947006225586,11.139936447143555,11.802228927612305,0.0018953202525153756,0.00012570925932958818,4.94442081451416,0.8054458128078817
femnist,topk,28,0.2,80844,404222,1.8434505026042458,55.88235294117647,1.7523606244255514,0.7834821394534879,0.7034060493475798,1.2431311983067246,0.7034060493475798,power,9.569244384765625,10.939105987548828,11.391348838806152,0.001881157630123198,0.00012361859824483302,4.8164143562316895,0.8268522167487685
femnist,topk,29,0.2,80844,404222,1.8605235400795936,57.35294117647059,1.697769613826976,0.7887298487360469,0.7034060493475798,1.2431311983067246,0.7034060493475798,power,9.578146934509277,10.873093605041504,11.074800491333008,0.0019673644565045834,0.00012145142064096734,4.884671688079834,0.8152980295566502
femnist,topk,30,0.2,80844,404222,1.7348895527422432,57.35294117647059,1.6408685422411151,0.789230404660085,0.7034060493475798,1.2431311983067246,0.7034060493475798,power,9.655604362487793,11.50474739074707,11.661056518554688,0.0019125615945085883,0.00013986583512841863,4.8860297203063965,0.8150714285714286
femnist,topk,31,0.2,80844,404222,1.8052888768538833,58.088235294117645,1.6442102170458026,0.787990456065151,0.7034060493475798,1.2431311983067246,0.7034060493475798,power,9.579339027404785,11.245627403259277,11.456880569458008,0.001975369406864047,0.00012584636740640626,4.859347820281982,0.8195467980295567
femnist,topk,32,0.2,80844,404222,1.733552006520331,58.333333333333336,1.6246231677485448,0.7917263232496252,0.7034060493475798,1.2431311983067246,0.7034060493475798,power,9.552297592163086,11.034361839294434,11.849855422973633,0.0018953202525153756,0.00012179453534555413,4.857275009155273,0.8198965517241379
femnist,topk,33,0.2,80844,404222,1.710132383722812,56.86274509803921,1.5841505761240042,0.7915178503290019,0.7034060493475798,1.2431311983067246,0.7034060493475798,power,9.580559730529785,10.89424991607666,11.137517929077148,0.0018928571371361613,0.00012187888121387408,4.895097255706787,0.8135615763546798
femnist,topk,34,0.2,80844,404222,1.587514642700553,60.294117647058826,1.5147040872012867,0.7796747261865106,0.7034060493475798,1.2431311983067246,0.7034060493475798,power,9.549250602722168,11.443083763122559,11.963590621948242,0.001970443408936262,0.00012783626671757802,4.8132171630859375,0.8274014778325123
femnist,topk,35,0.2,80844,404222,1.845739781334996,61.029411764705884,1.5054252474915748,0.7907441451164037,0.7034060493475798,1.2431311983067246,0.7034060493475798,power,9.618683815002441,11.078369140625,11.366947174072266,0.0018860837444663048,0.00012487949838612967,4.858384132385254,0.8197093596059113
femnist,topk,36,0.2,80844,404222,1.5691963988170028,62.990196078431374,1.4495263193167893,0.7859195622241447,0.7034060493475798,1.2431311983067246,0.7034060493475798,power,9.589797019958496,10.752758026123047,11.704301834106445,0.002009852323681116,0.0001297255783440143,4.857625484466553,0.8198374384236453
femnist,topk,37,0.2,80844,404222,1.4516402079351247,61.27450980392157,1.4096183028875613,0.772069708215475,0.7034060493475798,1.2431311983067246,0.7034060493475798,power,9.664612770080566,11.143415451049805,12.073403358459473,0.0019421182805672288,0.00013378646262804077,4.70763635635376,0.8459581280788178
femnist,topk,38,0.2,80844,404222,1.5115216252207755,61.27450980392157,1.3813835592830883,0.7879749761297901,0.7034060493475798,1.2431311983067246,0.7034060493475798,power,9.609338760375977,11.305782318115234,11.321072578430176,0.0018700738437473774,0.00012376019783361252,4.844468116760254,0.822064039408867
femnist,topk,39,0.2,80844,404222,1.337023414000869,61.76470588235294,1.3484308579388786,0.7813183551638625,0.7034060493475798,1.2431311983067246,0.7034060493475798,power,9.568507194519043,10.868103981018066,10.882198333740234,0.0018940886948257685,0.0001263185509546804,4.766604900360107,0.8354926108374384
femnist,topk,40,0.2,80844,404222,1.4727207063324748,62.5,1.3258803124521292,0.7840753604037418,0.7034060493475798,1.2431311983067246,0.7034060493475798,power,9.5729398727417,11.248955726623535,11.89393424987793,0.0018983989721164107,0.00012281587435539543,4.82722806930542,0.825
femnist,topk,41,0.2,80844,404222,1.4137573231011629,62.254901960784316,1.2993211933210784,0.7819416451322135,0.7034060493475798,1.2431311983067246,0.7034060493475798,power,9.577024459838867,10.994917869567871,11.94633960723877,0.001999384257942438,0.0001325764331872971,4.783456325531006,0.8325492610837438
femnist,topk,42,0.2,80844,404222,1.335590167213231,62.745098039215684,1.286006403904335,0.784295061124918,0.7034060493475798,1.2431311983067246,0.7034060493475798,power,9.563786506652832,11.220746040344238,11.835026741027832,0.0019248768221586943,0.0001237170843447647,4.792843341827393,0.8309187192118227
femnist,topk,43,0.2,80844,404222,1.2997469804249704,65.44117647058823,1.2613773719937194,0.7757677311677865,0.7034060493475798,1.2431311983067246,0.7034060493475798,power,9.533950805664062,11.22962474822998,11.463289260864258,0.0018953202525153756,0.00011490661033944398,4.720541954040527,0.8436453201970443
femnist,topk,44,0.2,80844,404222,1.4594436175748704,63.23529411764706,1.2519289652506511,0.788967754271764,0.7034060493475798,1.2431311983067246,0.7034060493475798,power,9.584360122680664,11.046381950378418,11.349645614624023,0.0019421182805672288,0.00012723903120013738,4.834936141967773,0.8236847290640394
femnist,topk,45,0.2,80844,404222,1.190194750316441,65.68627450980392,1.2174797806085325,0.7821283220274611,0.7034060493475798,1.2431311983067246,0.7034060493475798,power,9.5758638381958,11.183769226074219,11.580678939819336,0.0019088670378550887,0.0001194117477677021,4.775685787200928,0.8339039408866995
femnist,topk,46,0.2,80844,404222,1.2794343002140522,65.68627450980392,1.232595256730622,0.7821291050942417,0.7034060493475798,1.2431311983067246,0.7034060493475798,power,9.58520221710205,11.207014083862305,11.597898483276367,0.0019125615945085883,0.00012913627586231055,4.777929306030273,0.8335123152709359
femnist,topk,47,0.2,80844,404222,1.4135868004336953,66.66666666666667,1.2143722982967602,0.7954725826438299,0.7034060493475798,1.2431311983067246,0.7034060493475798,power,9.627738952636719,11.362505912780762,11.656342506408691,0.0018848521867766976,0.00013316404255028926,4.872923851013184,0.8172635467980296
femnist,topk,48,0.2,80844,404222,1.1481037949398158,68.62745098039215,1.148072037042356,0.7836697339241288,0.7034060493475798,1.2431311983067246,0.7034060493475798,power,9.629110336303711,11.105904579162598,11.932988166809082,0.0019415024435147643,0.0001336438635978701,4.730250358581543,0.8419137931034483
femnist,topk,49,0.2,80844,404222,1.0475242206454276,67.8921568627451,1.1254320331648284,0.7667198984175845,0.7034060493475798,1.2431311983067246,0.7034060493475798,power,9.559967041015625,10.89403247833252,12.142271995544434,0.0018830049084499478,0.00012504992852094095,4.601553440093994,0.8654605911330049
femnist,topk,50,0.2,80844,404222,1.429117319919169,66.66666666666667,1.191700954063266,0.7934558225606227,0.7034060493475798,1.2431311983067246,0.7034060493475798,power,9.62440013885498,11.313532829284668,11.75680923461914,0.0019156404305249453,0.00013288647318418135,4.793155670166016,0.8308645320197044
femnist,topk,51,0.2,80844,404222,1.0535732544213532,65.44117647058823,1.1379475313074447,0.7813807251321562,0.7034060493475798,1.2431311983067246,0.7034060493475798,power,9.573050498962402,11.073603630065918,11.494771003723145,0.0019833743572235107,0.00012903714887924352,4.705211162567139,0.8463940886699507
femnist,topk,52,0.2,80844,404222,1.0447815210092812,69.8529411764706,1.0831720688763786,0.7725951434448314,0.7034060493475798,1.2431311983067246,0.7034060493475798,power,9.578155517578125,11.035658836364746,11.533548355102539,0.0019002462504431605,0.00012472025481898076,4.656617164611816,0.8552266009852216
femnist,topk,53,0.2,80844,404222,1.2004419992305337,70.09803921568627,1.0873923208199294,0.7929634663023835,0.7034060493475798,1.2431311983067246,0.7034060493475798,power,9.563363075256348,11.035229682922363,11.23625373840332,0.0019716748502105474,0.00012379992193500654,4.804307460784912,0.8289359605911331
femnist,topk,54,0.2,80844,404222,1.1435495269298555,69.8529411764706,1.0871334449917662,0.7917483074345694,0.7034060493475798,1.2431311983067246,0.7034060493475798,power,9.588526725769043,11.19437313079834,12.169480323791504,0.001878078794106841,0.0001237470147144588,4.777336597442627,0.833615763546798
femnist,topk,55,0.2,80844,404222,1.0955501908995213,70.83333333333333,1.060618381874234,0.7740382324555706,0.7034060493475798,1.2431311983067246,0.7034060493475798,power,9.549997329711914,11.103572845458984,11.548664093017578,0.001835591159760952,0.00012366861745532508,4.696041584014893,0.8480467980295566
femnist,topk,56,0.2,80844,404222,1.1124097852036356,70.09803921568627,1.0560165854061352,0.7814536506058899,0.7034060493475798,1.2431311983067246,0.7034060493475798,power,9.592857360839844,10.943460464477539,11.12948989868164,0.0019396551651880145,0.00012519646490564114,4.7106122970581055,0.8454236453201971
femnist,topk,57,0.2,80844,404222,1.0759966116119175,70.34313725490196,1.0590393963982077,0.7874662746258135,0.7034060493475798,1.2431311983067246,0.7034060493475798,power,9.529192924499512,11.606989860534668,12.028816223144531,0.001926724100485444,0.00012050000128216711,4.741124629974365,0.8399827586206896
femnist,topk,58,0.2,80844,404222,1.0105677999835463,68.87254901960785,1.0286865234375,0.7676731519704445,0.7034060493475798,1.2431311983067246,0.7034060493475798,power,9.598489761352539,11.47064208984375,12.044862747192383,0.0019094827584922314,0.00012816737275841053,4.602181911468506,0.8653423645320197
femnist,topk,59,0.2,80844,404222,1.0936769820377232,73.03921568627452,1.027337541767195,0.7859698909073026,0.7034060493475798,1.2431311983067246,0.7034060493475798,power,9.617535591125488,11.215377807617188,12.005578994750977,0.0019248768221586943,0.00013157147835236567,4.730042934417725,0.8419507389162562
femnist,topk,60,0.2,80844,404222,1.0220152883417903,71.81372549019608,1.0100247252221202,0.7852677425887147,0.7034060493475798,1.2431311983067246,0.7034060493475798,power,9.631723403930664,11.117290496826172,11.434316635131836,0.0019581280648708344,0.0001321916647962084,4.716465950012207,0.8443743842364532
femnist,topk,61,0.2,80844,404222,0.9193815670907497,71.32352941176471,0.9969842948165595,0.7673172011833441,0.7034060493475798,1.2431311983067246,0.7034060493475798,power,9.553642272949219,11.157158851623535,12.052267074584961,0.0019581280648708344,0.00012606444660331822,4.599275588989258,0.8658891625615763
femnist,topk,62,0.2,80844,404222,1.003175846869126,72.30392156862744,0.9788107778511795,0.7899438254543896,0.7034060493475798,1.2431311983067246,0.7034060493475798,power,9.57185173034668,10.894552230834961,10.99649429321289,0.0019150245934724808,0.00011976345027612379,4.778607368469238,0.8333940886699508
femnist,topk,63,0.2,80844,404222,1.0270379972737282,71.07843137254902,0.980529037176394,0.7923720047716134,0.7034060493475798,1.2431311983067246,0.7034060493475798,power,9.575210571289062,10.861230850219727,11.475639343261719,0.0019513546722009778,0.00012534262890527272,4.770303249359131,0.8348448275862069
femnist,topk,64,0.2,80844,404222,0.898720304891467,70.34313725490196,0.9555086622051164,0.772258863392752,0.7034060493475798,1.2431311983067246,0.7034060493475798,power,9.612950325012207,10.984214782714844,11.157508850097656,0.0019427340012043715,0.00012914205495605325,4.667263031005859,0.8532758620689656
femnist,topk,65,0.2,80844,404222,0.99730197859928,71.81372549019608,0.9573926738664216,0.7846642067320557,0.7034060493475798,1.2431311983067246,0.7034060493475798,power,9.583571434020996,11.019241333007812,11.241413116455078,0.0019334974931553006,0.00012588046677329884,4.724832057952881,0.8428793103448275
femnist,topk,66,0.2,80844,404222,0.8564127435069532,72.30392156862744,0.9503351847330729,0.7865733128407879,0.7034060493475798,1.2431311983067246,0.7034060493475798,power,9.543144226074219,11.10405158996582,11.280508995056152,0.0018528325017541647,0.00012311224793647675,4.710845470428467,0.8453817733990148
femnist,topk,67,0.2,80844,404222,0.9720902415737509,71.32352941176471,0.953705955954159,0.7744939229728426,0.7034060493475798,1.2431311983067246,0.7034060493475798,power,9.521615028381348,10.929073333740234,12.306983947753906,0.0018183497013524175,0.00011312169913697408,4.649881362915039,0.8564655172413793
femnist,topk,68,0.2,80844,404222,1.0391203791275618,71.56862745098039,0.969938689587163,0.791351140605601,0.7034060493475798,1.2431311983067246,0.7034060493475798,power,9.562294960021973,11.12523365020752,11.489653587341309,0.0019181034294888377,0.00011758088468500175,4.764834880828857,0.8358029556650246
femnist,topk,69,0.2,80844,404222,0.8830202608741822,74.01960784313725,0.926879508822572,0.7844557426025139,0.7034060493475798,1.2431311983067246,0.7034060493475798,power,9.500988960266113,11.109642028808594,11.521320343017578,0.001929802936501801,0.00011409778561443073,4.691735744476318,0.8488251231527093
femnist,topk,70,0.2,80844,404222,0.7951908363495022,72.30392156862744,0.9218833773743873,0.7665935002865356,0.7034060493475798,1.2431311983067246,0.7034060493475798,power,9.592461585998535,11.22715950012207,11.491437911987305,0.0019532020669430494,0.000128183553223664,4.589237213134766,0.8677832512315271
femnist,topk,71,0.2,80844,404222,0.8960892743431031,72.30392156862744,0.9146863151999081,0.7903391257215537,0.7034060493475798,1.2431311983067246,0.7034060493475798,power,9.567224502563477,11.7372465133667,12.291279792785645,0.0019236452644690871,0.0001303356943641291,4.770950794219971,0.8347315270935961
femnist,topk,72,0.2,80844,404222,0.8528155178949237,73.03921568627452,0.9044036865234375,0.784842234856049,0.7034060493475798,1.2431311983067246,0.7034060493475798,power,9.600004196166992,11.304011344909668,11.463661193847656,0.0018879310227930546,0.00012724804659224636,4.742432117462158,0.8397512315270936
femnist,topk,73,0.2,80844,404222,0.9273885016888379,72.30392156862744,0.9053566876579734,0.7755298980107911,0.7034060493475798,1.2431311983067246,0.7034060493475798,power,9.5523042678833,11.132464408874512,11.202829360961914,0.0019673644565045834,0.0001254148096802241,4.661463737487793,0.8543374384236453
femnist,topk,74,0.2,80844,404222,0.8798612499982118,72.05882352941177,0.9099159988702512,0.7838459156669473,0.7034060493475798,1.2431311983067246,0.7034060493475798,power,9.616983413696289,11.099119186401367,11.44539737701416,0.001981527078896761,0.00012990023698259217,4.719921588897705,0.843756157635468
femnist,topk,75,0.2,80844,404222,0.8681111285462976,75.0,0.8815783332375919,0.7795904732225294,0.7034060493475798,1.2431311983067246,0.7034060493475798,power,9.599761962890625,11.383960723876953,11.494227409362793,0.0018928571371361613,0.00012645879543840964,4.637890815734863,0.858679802955665
femnist,topk,76,0.2,80844,404222,0.8202505529671906,74.26470588235294,0.8700441846660539,0.7716649298898401,0.7034060493475798,1.2431311983067246,0.7034060493475798,power,9.565977096557617,11.154183387756348,11.800666809082031,0.0019076354801654816,0.00012125063559107232,4.6018805503845215,0.8653990147783251
femnist,topk,77,0.2,80844,404222,0.7896364250965416,74.01960784313725,0.853231243058747,0.784365165618345,0.7034060493475798,1.2431311983067246,0.7034060493475798,power,9.5985107421875,11.003220558166504,11.090617179870605,0.0019094827584922314,0.0001200472246153568,4.694732666015625,0.8482832512315271
femnist,topk,78,0.2,80844,404222,0.7545387776801363,74.75490196078431,0.8399553485945159,0.7754405158520047,0.7034060493475798,1.2431311983067246,0.7034060493475798,power,9.622147560119629,11.344611167907715,12.23951244354248,0.0018848521867766976,0.00013908469446290205,4.587661266326904,0.8680812807881774
femnist,topk,79,0.2,80844,404222,0.8160172654688358,74.01960784313725,0.8462127984738818,0.7729919711702656,0.7034060493475798,1.2431311983067246,0.7034060493475798,power,9.58527946472168,11.05928897857666,11.773139953613281,0.0019482758361846209,0.00012824930807399731,4.620079517364502,0.8619901477832512
femnist,topk,80,0.2,80844,404222,1.0370173309370876,75.73529411764706,0.8846671160529641,0.7916202526413567,0.7034060493475798,1.2431311983067246,0.7034060493475798,power,9.550540924072266,10.866721153259277,11.041399002075195,0.0018903941381722689,0.00012034193196204166,4.718324184417725,0.8440418719211823
femnist,topk,81,0.2,80844,404222,0.7404187967069447,74.01960784313725,0.848571029363894,0.7809216668835831,0.7034060493475798,1.2431311983067246,0.7034060493475798,power,9.555706977844238,11.076632499694824,12.070569038391113,0.0019365763291716576,0.0001255546518948487,4.641711711883545,0.8579729064039409
femnist,topk,82,0.2,80844,404222,0.7847123284824192,73.2843137254902,0.8616512522977942,0.7707860828758022,0.7034060493475798,1.2431311983067246,0.7034060493475798,power,9.637219429016113,11.10305118560791,11.506879806518555,0.0019790639635175467,0.00013470129836150744,4.558688163757324,0.8735985221674877
femnist,topk,83,0.2,80844,404222,0.7812794664222749,74.26470588235294,0.8410215190812653,0.7821040016153596,0.7034060493475798,1.2431311983067246,0.7034060493475798,power,9.58388900756836,11.494710922241211,11.709796905517578,0.0019310344941914082,0.00012600868227750892,4.704869270324707,0.8464556650246305
femnist,topk,84,0.2,80844,404222,0.750191109534353,74.50980392156863,0.8357228297813266,0.7882222403438786,0.7034060493475798,1.2431311983067246,0.7034060493475798,power,9.588854789733887,11.14753532409668,12.81785774230957,0.0019002462504431605,0.00012655985965964817,4.694869041442871,0.8482586206896552
femnist,topk,85,0.2,80844,404222,0.7071363058686256,75.49019607843137,0.8204496047076058,0.7723950767961562,0.7034060493475798,1.2431311983067246,0.7034060493475798,power,9.607738494873047,11.13424301147461,12.11457347869873,0.001999384257942438,0.00013218041795831664,4.604383945465088,0.8649285714285714
femnist,topk,86,0.2,80844,404222,0.7658220334490761,73.77450980392157,0.8359485701018688,0.7821282450679341,0.7034060493475798,1.2431311983067246,0.7034060493475798,power,9.533409118652344,10.868724822998047,11.123069763183594,0.0018183497013524175,0.00011282216850003177,4.673576831817627,0.8521231527093596
femnist,topk,87,0.2,80844,404222,0.8220921461284162,74.50980392156863,0.8265081667432598,0.7846307549232019,0.7034060493475798,1.2431311983067246,0.7034060493475798,power,9.529987335205078,11.082976341247559,11.75168514251709,0.0019125615945085883,0.00011661399765866293,4.6878180503845215,0.8495344827586206
femnist,topk,88,0.2,80844,404222,0.6581072607543319,74.26470588235294,0.8270251704197303,0.7614274061686048,0.7034060493475798,1.2431311983067246,0.7034060493475798,power,9.543476104736328,11.383172035217285,11.881387710571289,0.001917487708851695,0.0001188579487621819,4.57832145690918,0.8698522167487684
femnist,topk,89,0.2,80844,404222,1.0003409696090966,75.0,0.8372744391946232,0.7914012367401944,0.7034060493475798,1.2431311983067246,0.7034060493475798,power,9.592451095581055,11.143319129943848,11.73685073852539,0.0019248768221586943,0.00013216464790214027,4.722237586975098,0.8433423645320197
femnist,topk,90,0.2,80844,404222,0.6445690699713305,74.75490196078431,0.8112751081878063,0.7778076698329424,0.7034060493475798,1.2431311983067246,0.7034060493475798,power,9.484576225280762,10.904778480529785,11.132448196411133,0.0017887931317090988,0.00010650910031736672,4.623884677886963,0.8612807881773399
femnist,topk,91,0.2,80844,404222,0.6467533883824945,75.73529411764706,0.8189074946384803,0.7717322694223815,0.7034060493475798,1.2431311983067246,0.7034060493475798,power,9.590620994567871,11.06030559539795,11.686386108398438,0.001900862087495625,0.00012593166081998925,4.599406719207764,0.8658645320197045
femnist,topk,92,0.2,80844,404222,0.722283939057961,75.49019607843137,0.8517384248621324,0.7877952630302077,0.7034060493475798,1.2431311983067246,0.7034060493475798,power,9.5765962600708,10.964229583740234,11.746614456176758,0.0018392857164144516,0.00012105997524946903,4.698880195617676,0.8475344827586206
femnist,topk,93,0.2,80844,404222,0.8200210786797106,75.0,0.8536725511737898,0.7926294989830983,0.7034060493475798,1.2431311983067246,0.7034060493475798,power,9.514437675476074,10.767013549804688,11.546257972717285,0.001910098479129374,0.00011629719158090067,4.709322452545166,0.8456551724137931
femnist,topk,94,0.2,80844,404222,0.681573829241097,74.75490196078431,0.8122154684627757,0.7718132374676712,0.7034060493475798,1.2431311983067246,0.7034060493475798,power,9.544692039489746,10.881381034851074,11.122922897338867,0.0019550493452697992,0.00011875904166098436,4.582915306091309,0.8689802955665025
femnist,topk,95,0.2,80844,404222,0.673484288258478,74.50980392156863,0.8003465241076899,0.7866225969162619,0.7034060493475798,1.2431311983067246,0.7034060493475798,power,9.512837409973145,11.031316757202148,11.422836303710938,0.0018657635664567351,0.00011590424830709864,4.665539264678955,0.8535911330049261
femnist,topk,96,0.2,80844,404222,0.6624115678854288,75.73529411764706,0.8004941005332797,0.786483437575483,0.7034060493475798,1.2431311983067246,0.7034060493475798,power,9.607178688049316,10.999589920043945,11.030440330505371,0.0020123152062296867,0.00013305908920523474,4.684368133544922,0.8501600985221675
femnist,topk,97,0.2,80844,404222,0.630025391029194,75.24509803921569,0.7942415125229779,0.7710929945213759,0.7034060493475798,1.2431311983067246,0.7034060493475798,power,9.58495044708252,11.293381690979004,11.708456039428711,0.0019624384585767984,0.00012955476072649117,4.576092720031738,0.8702758620689656
femnist,topk,98,0.2,80844,404222,0.8506601118668915,74.75490196078431,0.8074397666781556,0.7985932501589151,0.7034060493475798,1.2431311983067246,0.7034060493475798,power,9.55416488647461,11.327991485595703,11.644750595092773,0.0019088670378550887,0.00012879330252877795,4.740165710449219,0.840152709359606
femnist,topk,99,0.2,80844,404222,0.7974094102298841,74.75490196078431,0.8008919510186887,0.7862308841196988,0.7034060493475798,1.2431311983067246,0.7034060493475798,power,9.567975997924805,10.92540168762207,11.884207725524902,0.0019199507078155875,0.00012231926701091725,4.646286964416504,0.857128078817734
femnist,topk,100,0.2,80844,404222,0.624594410173595,75.49019607843137,0.7784236833160999,0.764497400287022,0.7034060493475798,1.2431311983067246,0.7034060493475798,power,9.573352813720703,11.288445472717285,11.552406311035156,0.001967980293557048,0.00012386258858452422,4.542065620422363,0.876795566502463
femnist,topk,101,0.2,80844,404222,0.6234930762648582,74.26470588235294,0.7783097659840303,0.7857355286534508,0.7034060493475798,1.2431311983067246,0.7034060493475798,power,9.615425109863281,11.135212898254395,12.158814430236816,0.001916256151162088,0.0001306879353580167,4.646273612976074,0.8571305418719212
femnist,topk,102,0.2,80844,404222,0.584752292893827,75.24509803921569,0.7779907525754443,0.775334691041434,0.7034060493475798,1.2431311983067246,0.7034060493475798,power,9.567988395690918,11.185809135437012,11.404906272888184,0.0018860837444663048,0.00012105283300121193,4.590618133544922,0.8675221674876847
femnist,topk,103,0.2,80844,404222,0.6453434362076222,75.24509803921569,0.7693185245289522,0.7742424154294654,0.7034060493475798,1.2431311983067246,0.7034060493475798,power,9.577679634094238,10.933900833129883,11.102123260498047,0.002019088715314865,0.00012672805061008087,4.61945915222168,0.8621059113300492
femnist,topk,104,0.2,80844,404222,0.6435303962510079,74.75490196078431,0.7755921307732078,0.7830785462425408,0.7034060493475798,1.2431311983067246,0.7034060493475798,power,9.607685089111328,11.252811431884766,11.634370803833008,0.001959975343197584,0.00013227173204854718,4.6649065017700195,0.8537068965517242
femnist,topk,105,0.2,80844,404222,0.725942069850862,75.24509803921569,0.7931085474350873,0.7882168800319116,0.7034060493475798,1.2431311983067246,0.7034060493475798,power,9.56085205078125,11.309600830078125,11.619845390319824,0.001910098479129374,0.00012623715552271256,4.653293609619141,0.8558374384236453
femnist,topk,106,0.2,80844,404222,0.6086626157537103,75.49019607843137,0.7787342445523131,0.77251988073394,0.7034060493475798,1.2431311983067246,0.7034060493475798,power,9.542253494262695,11.047818183898926,11.462035179138184,0.0019667488522827625,0.00012913482826048061,4.5670061111450195,0.8720073891625616
femnist,topk,107,0.2,80844,404222,0.5823633560840972,75.98039215686275,0.7664841296626073,0.7778827873665537,0.7034060493475798,1.2431311983067246,0.7034060493475798,power,9.589842796325684,11.197091102600098,12.038579940795898,0.002006157534196973,0.00012992534417734526,4.589523792266846,0.8677290640394089
femnist,topk,108,0.2,80844,404222,0.6175167652685195,75.0,0.7704794640634575,0.7822991369589228,0.7034060493475798,1.2431311983067246,0.7034060493475798,power,9.565980911254883,11.396408081054688,12.160511016845703,0.0019513546722009778,0.00012517432543992474,4.628795623779297,0.8603669950738916
femnist,topk,109,0.2,80844,404222,0.569176702266559,75.49019607843137,0.7662604836856618,0.7637786996041439,0.7034060493475798,1.2431311983067246,0.7034060493475798,power,9.551668167114258,11.152241706848145,11.23417854309082,0.0018682265654206276,0.00011595772496173859,4.5523858070373535,0.874807881773399
femnist,topk,110,0.2,80844,404222,0.6842273178696632,75.24509803921569,0.7533413756127451,0.7821378961967187,0.7034060493475798,1.2431311983067246,0.7034060493475798,power,9.573694229125977,11.283669471740723,11.388091087341309,0.0019033250864595175,0.00012708387517034844,4.60578727722168,0.8646650246305418
femnist,topk,111,0.2,80844,404222,0.5758043028973042,75.24509803921569,0.7595068987678079,0.7880281145787172,0.7034060493475798,1.2431311983067246,0.7034060493475798,power,9.512272834777832,10.867240905761719,11.619729042053223,0.0019045566441491246,0.00011158743361278735,4.635802745819092,0.8590665024630542
femnist,topk,112,0.2,80844,404222,0.5883276076056063,75.73529411764706,0.756564271216299,0.7754101971664494,0.7034060493475798,1.2431311983067246,0.7034060493475798,power,9.581758499145508,11.355122566223145,11.596134185791016,0.0019852216355502605,0.0001305023869374741,4.600990295410156,0.8655665024630542
femnist,topk,113,0.2,80844,404222,0.6393343571200967,75.98039215686275,0.7772020078172871,0.7896600904814737,0.7034060493475798,1.2431311983067246,0.7034060493475798,power,9.538066864013672,11.084044456481934,11.35256576538086,0.0019230295438319445,0.0001225305096285482,4.683255672454834,0.8503620689655172
femnist,topk,114,0.2,80844,404222,0.5767808918096126,76.7156862745098,0.7559555652094823,0.7831714974035551,0.7034060493475798,1.2431311983067246,0.7034060493475798,power,9.61890697479248,11.420063972473145,11.667749404907227,0.0019119457574561238,0.00012958905516741057,4.628451347351074,0.8604310344827586
femnist,topk,115,0.2,80844,404222,0.5503685263730587,75.0,0.7512243682262945,0.7687009778753104,0.7034060493475798,1.2431311983067246,0.7034060493475798,power,9.531144142150879,10.839046478271484,11.032267570495605,0.0018836207455024123,0.00011415487888295128,4.546088218688965,0.8760197044334975
femnist,topk,116,0.2,80844,404222,0.6108087348565459,75.73529411764706,0.74664119645661,0.7847767417518273,0.7034060493475798,1.2431311983067246,0.7034060493475798,power,9.611512184143066,11.05782413482666,12.02669906616211,0.001910098479129374,0.0001316678641091511,4.6446452140808105,0.8574310344827586
femnist,topk,117,0.2,80844,404222,0.5757513057487086,75.0,0.7637981339996937,0.7831924684516449,0.7034060493475798,1.2431311983067246,0.7034060493475798,power,9.54906177520752,11.312094688415527,11.517663955688477,0.0019027093658223748,0.00012562618906467564,4.628292083740234,0.8604605911330049
femnist,topk,118,0.2,80844,404222,0.6027515445277094,75.49019607843137,0.7465983372108609,0.7668104323622313,0.7034060493475798,1.2431311983067246,0.7034060493475798,power,9.584197044372559,11.027892112731934,11.352975845336914,0.001926724100485444,0.00013159020286017964,4.519997596740723,0.8810763546798029
femnist,topk,119,0.2,80844,404222,0.5774062362685799,76.22549019607843,0.742920669854856,0.7864821267846787,0.7034060493475798,1.2431311983067246,0.7034060493475798,power,9.60966682434082,11.630915641784668,12.577957153320312,0.0019224138231948018,0.00013249788702263476,4.637012958526611,0.8588423645320197
femnist,topk,120,0.2,80844,404222,0.6146386222727596,76.7156862745098,0.7304747338388481,0.7961833467895045,0.7034060493475798,1.2431311983067246,0.7034060493475798,power,9.574769973754883,11.382420539855957,11.723417282104492,0.0019353447714820504,0.00012510439308906183,4.713234901428223,0.8449532019704433
femnist,topk,121,0.2,80844,404222,0.5547096057422458,76.47058823529412,0.7257440604415595,0.76835974097126,0.7034060493475798,1.2431311983067246,0.7034060493475798,power,9.577393531799316,11.025208473205566,11.389189720153809,0.0019273399375379086,0.0001284646977254254,4.566812515258789,0.8720443349753695
femnist,topk,122,0.2,80844,404222,0.6743408655654639,75.73529411764706,0.7335462383195466,0.787511506792019,0.7034060493475798,1.2431311983067246,0.7034060493475798,power,9.526792526245117,10.8438138961792,10.932319641113281,0.0019181034294888377,0.00011717343844398264,4.644898891448975,0.8573842364532019
femnist,topk,123,0.2,80844,404222,0.491749107739888,77.69607843137256,0.7177582535089231,0.7821378577707542,0.7034060493475798,1.2431311983067246,0.7034060493475798,power,9.608236312866211,11.58945369720459,11.87814712524414,0.0019427340012043715,0.00012924420474521236,4.598543167114258,0.8660270935960591
femnist,topk,124,0.2,80844,404222,0.555096679367125,76.7156862745098,0.716614517511106,0.7803587639552071,0.7034060493475798,1.2431311983067246,0.7034060493475798,power,9.56423282623291,10.863444328308105,11.236353874206543,0.0018639162881299853,0.00011673932410596649,4.575134754180908,0.8704581280788177
femnist,topk,125,0.2,80844,404222,0.5211783787002788,77.20588235294117,0.7184665156345741,0.7830493610058931,0.7034060493475798,1.2431311983067246,0.7034060493475798,power,9.563581466674805,11.242403984069824,11.540821075439453,0.0019476601155474782,0.00012491310372478323,4.599118709564209,0.8659187192118226
femnist,topk,126,0.2,80844,404222,0.5057683747122065,77.45098039215686,0.7423957375919118,0.7800651955273399,0.7034060493475798,1.2431311983067246,0.7034060493475798,power,9.550914764404297,10.78558349609375,11.63247299194336,0.0019261083798483014,0.00011691655128938754,4.606259346008301,0.864576354679803
femnist,topk,127,0.2,80844,404222,0.5084666649438441,77.45098039215686,0.7131227979473039,0.7740550994983216,0.7034060493475798,1.2431311983067246,0.7034060493475798,power,9.576817512512207,10.698485374450684,12.261844635009766,0.0018559113377705216,0.00012466135385072062,4.55251407623291,0.8747832512315271
femnist,topk,128,0.2,80844,404222,0.8285730745317414,76.96078431372548,0.7346858604281556,0.803354676314988,0.7034060493475798,1.2431311983067246,0.7034060493475798,power,9.561833381652832,11.118849754333496,11.821615219116211,0.001966133015230298,0.00012627839983166836,4.749662399291992,0.8384729064039409
femnist,topk,129,0.2,80844,404222,0.5258047843072564,77.20588235294117,0.7155240376790365,0.7811377469852,0.7034060493475798,1.2431311983067246,0.7034060493475798,power,9.597744941711426,11.013514518737793,11.400299072265625,0.0020486454013735056,0.00013088960730456235,4.61043643951416,0.8637931034482759
femnist,topk,130,0.2,80844,404222,0.5139298790320754,76.7156862745098,0.7188589058670343,0.7700620825824185,0.7034060493475798,1.2431311983067246,0.7034060493475798,power,9.555943489074707,10.989372253417969,11.207561492919922,0.0019833743572235107,0.00013405041422091238,4.521286964416504,0.8808251231527093
femnist,topk,131,0.2,80844,404222,0.5063108249381185,75.98039215686275,0.7187029520670573,0.7767632556984596,0.7034060493475798,1.2431311983067246,0.7034060493475798,power,9.609582901000977,11.202183723449707,11.984368324279785,0.0019667488522827625,0.00013243900642826592,4.567702770233154,0.8718743842364532
femnist,topk,132,0.2,80844,404222,0.49764238937757915,75.73529411764706,0.7231870165058211,0.7906809883232242,0.7034060493475798,1.2431311983067246,0.7034060493475798,power,9.564764976501465,10.792963981628418,11.358179092407227,0.0018756157951429486,0.0001172104483186532,4.650938034057617,0.8562709359605911
femnist,topk,133,0.2,80844,404222,0.620144708957523,77.45098039215686,0.7179239310470282,0.7759746198244418,0.7034060493475798,1.2431311983067246,0.7034060493475798,power,9.530900955200195,11.115285873413086,12.961490631103516,0.0019113300368189812,0.00012297884167504868,4.562984943389893,0.8727758620689655
femnist,topk,134,0.2,80844,404222,0.5297514225309714,77.69607843137256,0.7097571129892387,0.783453882991773,0.7034060493475798,1.2431311983067246,0.7034060493475798,power,9.601341247558594,11.01244831085205,11.350427627563477,0.0018823891878128052,0.00012778444218600445,4.625935077667236,0.8608990147783251
femnist,topk,135,0.2,80844,404222,0.47364839514717455,77.45098039215686,0.7110132703594133,0.776988419483992,0.7034060493475798,1.2431311983067246,0.7034060493475798,power,9.671830177307129,11.765329360961914,12.765273094177246,0.0020203201565891504,0.0001513311237616087,4.582408905029297,0.8690763546798029
femnist,topk,136,0.2,80844,404222,0.5771034209989011,76.7156862745098,0.7188939113242954,0.7751270111245512,0.7034060493475798,1.2431311983067246,0.7034060493475798,power,9.594188690185547,11.330364227294922,12.850690841674805,0.0018651477294042706,0.00013100132084192245,4.564144134521484,0.8725541871921182
femnist,topk,137,0.2,80844,404222,0.5613493331894279,76.7156862745098,0.7454823512657016,0.789055833997822,0.7034060493475798,1.2431311983067246,0.7034060493475798,power,9.541815757751465,11.09607219696045,11.584626197814941,0.001900862087495625,0.00012031800204925701,4.658267498016357,0.854923645320197
femnist,topk,138,0.2,80844,404222,0.6873831151099875,75.98039215686275,0.7328029707366345,0.7880942357853091,0.7034060493475798,1.2431311983067246,0.7034060493475798,power,9.639321327209473,11.159031867980957,11.308893203735352,0.0019384236074984074,0.0001308819362358376,4.618218898773193,0.8623374384236453
femnist,topk,139,0.2,80844,404222,0.5304125329107046,76.7156862745098,0.7275522269454657,0.7739849897282094,0.7034060493475798,1.2431311983067246,0.7034060493475798,power,9.501558303833008,11.353548049926758,11.661267280578613,0.0018423645524308085,0.00011647001800383733,4.528948783874512,0.8793349753694581
femnist,topk,140,0.2,80844,404222,0.7116801853990182,77.69607843137256,0.7250408097809437,0.7964181410564181,0.7034060493475798,1.2431311983067246,0.7034060493475798,power,9.534517288208008,10.921957969665527,11.351211547851562,0.0019347290508449078,0.0001234070298424561,4.698688983917236,0.8475689655172414
femnist,topk,141,0.2,80844,404222,0.5078172883018851,76.22549019607843,0.7116428450042126,0.7790828275843753,0.7034060493475798,1.2431311983067246,0.7034060493475798,power,9.63449764251709,11.113635063171387,11.508867263793945,0.00195751222781837,0.0001390212034223089,4.5920000076293945,0.8672610837438424
femnist,topk,142,0.2,80844,404222,0.5300379314366728,76.96078431372548,0.7095683976715687,0.7647873556630579,0.7034060493475798,1.2431311983067246,0.7034060493475798,power,9.627071380615234,11.12415599822998,11.554763793945312,0.0019014778081327677,0.0001357435095052603,4.507887363433838,0.8834433497536945
femnist,topk,143,0.2,80844,404222,0.7318048170860857,77.45098039215686,0.7111991433536305,0.7941233791571288,0.7034060493475798,1.2431311983067246,0.7034060493475798,power,9.518228530883789,10.898828506469727,11.707193374633789,0.0019144088728353381,0.00011454757980094781,4.631832122802734,0.8598029556650246
femnist,topk,144,0.2,80844,404222,0.43914336856454617,76.7156862745098,0.6987104228898591,0.7841976405696844,0.7034060493475798,1.2431311983067246,0.7034060493475798,power,9.578682899475098,11.002573013305664,11.345136642456055,0.0019310344941914082,0.00012772192821445568,4.564582347869873,0.8724704433497537
femnist,topk,145,0.2,80844,404222,0.4422168164653703,76.7156862745098,0.7074345607383579,0.7734422906756969,0.7034060493475798,1.2431311983067246,0.7034060493475798,power,9.64375114440918,11.276658058166504,13.258491516113281,0.0019488916732370853,0.00013839589074258807,4.469729423522949,0.8909852216748768
femnist,topk,146,0.2,80844,404222,0.6041330501716585,75.98039215686275,0.7212035235236672,0.7945220480657187,0.7034060493475798,1.2431311983067246,0.7034060493475798,power,9.580599784851074,11.511828422546387,12.268291473388672,0.0019316502148285508,0.0001252219400314784,4.670620441436768,0.8526625615763547
femnist,topk,147,0.2,80844,404222,0.4040441528521478,78.18627450980392,0.7185990576650582,0.7795812804376988,0.7034060493475798,1.2431311983067246,0.7034060493475798,power,9.470806121826172,10.928056716918945,11.77042007446289,0.001876847236417234,0.00010195821932643847,4.518658638000488,0.8813374384236453
femnist,topk,148,0.2,80844,404222,0.5874322747625411,77.69607843137256,0.711783764409084,0.7810138783612999,0.7034060493475798,1.2431311983067246,0.7034060493475798,power,9.568244934082031,11.408522605895996,11.811664581298828,0.0018854680238291621,0.00013193323904951395,4.61451530456543,0.8630295566502463
femnist,topk,149,0.2,80844,404222,0.6188333113864063,76.96078431372548,0.6964368633195466,0.7836917524777225,0.7034060493475798,1.2431311983067246,0.7034060493475798,power,9.553752899169922,11.7205228805542,12.112475395202637,0.0019778325222432613,0.00012795275426835662,4.602902412414551,0.8652068965517241
femnist,topk,150,0.2,80844,404222,0.49151302646379913,77.69607843137256,0.69885627896178,0.7875003922962965,0.7034060493475798,1.2431311983067246,0.7034060493475798,power,9.57781982421875,10.958306312561035,11.522985458374023,0.001981527078896761,0.00012581455486636363,4.612422466278076,0.8634211822660098
femnist,topk,151,0.2,80844,404222,0.45484673601575193,77.45098039215686,0.6965321559532016,0.7689129355142418,0.7034060493475798,1.2431311983067246,0.7034060493475798,power,9.617648124694824,11.307613372802734,12.204856872558594,0.0019987684208899736,0.00013516837369140266,4.522437572479248,0.8806009852216748
femnist,topk,152,0.2,80844,404222,0.7072239754535257,75.73529411764706,0.7203215056774663,0.7887517475759154,0.7034060493475798,1.2431311983067246,0.7034060493475798,power,9.553827285766602,11.371755599975586,11.710043907165527,0.0019119457574561238,0.00012516973450594444,4.651714324951172,0.856128078817734
femnist,topk,153,0.2,80844,404222,0.48497303976677353,76.7156862745098,0.7031556671740962,0.7787748055865572,0.7034060493475798,1.2431311983067246,0.7034060493475798,power,9.57986068725586,11.227375984191895,11.37612533569336,0.0019501231145113707,0.00013172457099850111,4.5954718589782715,0.8666059113300493
femnist,topk,154,0.2,80844,404222,0.43093574408208957,77.45098039215686,0.6930413339652267,0.7737964250517331,0.7034060493475798,1.2431311983067246,0.7034060493475798,power,9.617140769958496,11.403209686279297,11.760379791259766,0.0019476601155474782,0.00013265122388881245,4.538572311401367,0.8774704433497537
femnist,topk,155,0.2,80844,404222,0.49108036741614336,76.96078431372548,0.7007559982000613,0.78747364140463,0.7034060493475798,1.2431311983067246,0.7034060493475798,power,9.635320663452148,11.268603324890137,11.843883514404297,0.0018577586160972714,0.0001285902629121512,4.606325149536133,0.864564039408867
femnist,topk,156,0.2,80844,404222,0.5175192731060088,76.7156862745098,0.7051303339939491,0.7852389633468608,0.7034060493475798,1.2431311983067246,0.7034060493475798,power,9.56863784790039,10.993295669555664,12.382073402404785,0.001952586229890585,0.00012945664949290598,4.61600399017334,0.8627512315270935
femnist,topk,157,0.2,80844,404222,0.4511296919174493,76.7156862745098,0.6920287188361672,0.7776901543695031,0.7034060493475798,1.2431311983067246,0.7034060493475798,power,9.51660442352295,10.948472023010254,11.243593215942383,0.0019415024435147643,0.0001174278055545455,4.59594202041626,0.8665172413793103
femnist,topk,158,0.2,80844,404222,0.7245653578639031,77.20588235294117,0.7103199678308824,0.7943958652148139,0.7034060493475798,1.2431311983067246,0.7034060493475798,power,9.577286720275879,11.19003677368164,11.295766830444336,0.0018700738437473774,0.00012187141957769657,4.631407737731934,0.8598817733990147
femnist,topk,159,0.2,80844,404222,0.4579628951661288,76.47058823529412,0.7001697315889246,0.7863523556117822,0.7034060493475798,1.2431311983067246,0.7034060493475798,power,9.618459701538086,11.191843032836914,11.933732986450195,0.001897783251479268,0.00012576146438649725,4.595876693725586,0.8665295566502463
femnist,topk,160,0.2,80844,404222,0.4212078468501567,76.7156862745098,0.7033152860753676,0.7783762242347495,0.7034060493475798,1.2431311983067246,0.7034060493475798,power,9.59483814239502,11.21436882019043,11.390375137329102,0.001917487708851695,0.00013204599663525586,4.512592792510986,0.8825221674876847
femnist,topk,161,0.2,80844,404222,0.46127178648486733,76.7156862745098,0.7143515792547488,0.7866208565297022,0.7034060493475798,1.2431311983067246,0.7034060493475798,power,9.629412651062012,10.845407485961914,11.745133399963379,0.0018953202525153756,0.00012949159395522303,4.596098899841309,0.866487684729064
femnist,topk,162,0.2,80844,404222,0.4349670682288706,77.94117647058823,0.6864042095109528,0.7867953400151244,0.7034060493475798,1.2431311983067246,0.7034060493475798,power,9.632558822631836,11.080843925476074,11.785441398620605,0.0019094827584922314,0.00013785159746263056,4.6440582275390625,0.8575394088669951
femnist,topk,163,0.2,80844,404222,0.46551245599519453,76.7156862745098,0.6871198018391927,0.7771839411801659,0.7034060493475798,1.2431311983067246,0.7034060493475798,power,9.514653205871582,10.981657028198242,11.132637023925781,0.0018288177670910954,0.00010956911870087802,4.571564197540283,0.8711379310344828
femnist,topk,164,0.2,80844,404222,0.5209377270843834,77.94117647058823,0.6898640651328891,0.7934134497240924,0.7034060493475798,1.2431311983067246,0.7034060493475798,power,9.589898109436035,10.956707954406738,11.341628074645996,0.0019211822655051947,0.00012472758009284313,4.649894714355469,0.8564630541871922
femnist,topk,165,0.2,80844,404222,0.40896244139410554,77.94117647058823,0.686912312227137,0.7772917776524397,0.7034060493475798,1.2431311983067246,0.7034060493475798,power,9.560914993286133,11.051040649414062,11.379551887512207,0.002020935993641615,0.00012627227376611015,4.553142070770264,0.8746625615763547
femnist,topk,166,0.2,80844,404222,0.4094370891526341,78.18627450980392,0.6760463340609681,0.7761462369925979,0.7034060493475798,1.2431311983067246,0.7034060493475798,power,9.574706077575684,11.094887733459473,11.439924240112305,0.001934113330207765,0.00012535247243946446,4.525602340698242,0.8799852216748768
femnist,topk,167,0.2,80844,404222,0.5586108705913648,77.94117647058823,0.6792929406259575,0.7898865750903014,0.7034060493475798,1.2431311983067246,0.7034060493475798,power,9.549367904663086,10.98419189453125,12.848621368408203,0.001864532008767128,0.00012093253425136273,4.645966529846191,0.8571871921182266
femnist,topk,168,0.2,80844,404222,0.49385988512076445,77.69607843137256,0.6782538470099954,0.7879946130814555,0.7034060493475798,1.2431311983067246,0.7034060493475798,power,9.62713623046875,11.385814666748047,12.315558433532715,0.001861453172750771,0.00013412859093289432,4.596843719482422,0.8663472906403941
femnist,topk,169,0.2,80844,404222,0.4030562374275178,76.47058823529412,0.6850950951669731,0.7732740816474645,0.7034060493475798,1.2431311983067246,0.7034060493475798,power,9.553702354431152,11.22976303100586,11.689359664916992,0.0019033250864595175,0.00012607922103894122,4.549132823944092,0.8754334975369458
femnist,topk,170,0.2,80844,404222,0.4827876673731953,77.94117647058823,0.6825672972436044,0.7920914557944044,0.7034060493475798,1.2431311983067246,0.7034060493475798,power,9.570657730102539,11.491316795349121,11.770973205566406,0.0019020936451852322,0.00012625161985998037,4.6336774826049805,0.8594605911330049
femnist,topk,171,0.2,80844,404222,0.3820783110242337,77.69607843137256,0.6834764667585784,0.7795099054520405,0.7034060493475798,1.2431311983067246,0.7034060493475798,power,9.606756210327148,11.328060150146484,11.551803588867188,0.0019507389515638351,0.00013625987323008016,4.551578521728516,0.8749630541871921
femnist,topk,172,0.2,80844,404222,0.39181153757497666,77.45098039215686,0.6829102460075828,0.7741264861164131,0.7034060493475798,1.2431311983067246,0.7034060493475798,power,9.58547592163086,11.081205368041992,11.232447624206543,0.001934113330207765,0.0001285186251408285,4.58652925491333,0.8682955665024631
femnist,topk,173,0.2,80844,404222,0.7304183837631717,76.22549019607843,0.6901273540422028,0.7998845953947988,0.7034060493475798,1.2431311983067246,0.7034060493475798,power,9.59133243560791,11.242384910583496,11.496274948120117,0.0019193349871784449,0.0001299350037999533,4.674090385437012,0.8520295566502463
femnist,topk,174,0.2,80844,404222,0.4067966861277818,76.47058823529412,0.6762961593328738,0.7802485078788967,0.7034060493475798,1.2431311983067246,0.7034060493475798,power,9.586983680725098,11.258057594299316,11.407051086425781,0.0019378078868612647,0.00013259639406521835,4.569703578948975,0.8714926108374385
femnist,topk,175,0.2,80844,404222,0.37325270799919963,76.47058823529412,0.6710779526654411,0.7645517990128525,0.7034060493475798,1.2431311983067246,0.7034060493475798,power,9.593435287475586,11.11355972290039,11.773385047912598,0.001884236466139555,0.00012911745660407596,4.476771354675293,0.8895837438423645
femnist,topk,176,0.2,80844,404222,0.39019701594021167,77.45098039215686,0.6804633795046339,0.7844970102280014,0.7034060493475798,1.2431311983067246,0.7034060493475798,power,9.507502555847168,10.869431495666504,10.995179176330566,0.0018947044154629111,0.00011261018922495967,4.5564656257629395,0.874024630541872
femnist,topk,177,0.2,80844,404222,0.36611851335503165,77.20588235294117,0.6907010545917586,0.7838083819438342,0.7034060493475798,1.2431311983067246,0.7034060493475798,power,9.527688026428223,11.001168251037598,11.290351867675781,0.0019236452644690871,0.00011516451622103647,4.552552700042725,0.8747758620689655
femnist,topk,178,0.2,80844,404222,0.45082859626971195,78.18627450980392,0.6941731770833334,0.7788029339487493,0.7034060493475798,1.2431311983067246,0.7034060493475798,power,9.545059204101562,11.3261079788208,12.025409698486328,0.0019519703928381205,0.00012480622592548978,4.517408847808838,0.8815812807881773
femnist,topk,179,0.2,80844,404222,0.4135050728498027,76.96078431372548,0.6917993134143305,0.7903048383369043,0.7034060493475798,1.2431311983067246,0.7034060493475798,power,9.54909610748291,11.589887619018555,12.106184005737305,0.0018528325017541647,0.0001243118170063065,4.6144232749938965,0.8630467980295566
femnist,topk,180,0.2,80844,404222,0.45980791196227067,77.69607843137256,0.6859347773533241,0.7910649240914258,0.7034060493475798,1.2431311983067246,0.7034060493475798,power,9.526288032531738,11.286552429199219,11.392105102539062,0.0018374384380877018,0.00011682722372996503,4.639660835266113,0.8583522167487685
femnist,topk,181,0.2,80844,404222,0.4300469440221787,76.47058823529412,0.6902621400122549,0.7779739384045066,0.7034060493475798,1.2431311983067246,0.7034060493475798,power,9.615290641784668,11.400494575500488,12.009746551513672,0.001961822621524334,0.00013594337304477402,4.582629680633545,0.8690344827586207
femnist,topk,182,0.2,80844,404222,0.39604378398449624,77.45098039215686,0.6814521340762868,0.7888072371851839,0.7034060493475798,1.2431311983067246,0.7034060493475798,power,9.557486534118652,11.143049240112305,11.479801177978516,0.0019273399375379086,0.00012410291892792864,4.6090826988220215,0.8640467980295566
femnist,topk,183,0.2,80844,404222,0.38965855685994033,77.20588235294117,0.6835078819125306,0.7892578893183763,0.7034060493475798,1.2431311983067246,0.7034060493475798,power,9.561970710754395,10.895169258117676,11.576004028320312,0.001972290687263012,0.00012571080280612606,4.643564701080322,0.8576305418719212
femnist,topk,184,0.2,80844,404222,0.40308387508150184,76.96078431372548,0.6832332985073912,0.7760910275692076,0.7034060493475798,1.2431311983067246,0.7034060493475798,power,9.481040954589844,11.025343894958496,11.651030540466309,0.0018503695027902722,0.00011167433869772181,4.58720588684082,0.8681674876847291
femnist,topk,185,0.2,80844,404222,0.5384745550167283,76.7156862745098,0.7073237101236979,0.7901466121679913,0.7034060493475798,1.2431311983067246,0.7034060493475798,power,9.53082275390625,11.146370887756348,11.196638107299805,0.001929802936501801,0.00011894443862590287,4.656778335571289,0.8551970443349753
femnist,topk,186,0.2,80844,404222,0.3919875782728195,76.47058823529412,0.6781949809953278,0.7855318019072259,0.7034060493475798,1.2431311983067246,0.7034060493475798,power,9.679509162902832,11.303163528442383,11.591239929199219,0.0019729062914848328,0.0001422027621107778,4.619828701019287,0.8620369458128079
femnist,topk,187,0.2,80844,404222,0.3528467793390155,76.96078431372548,0.6803658429314109,0.755763151559986,0.7034060493475798,1.2431311983067246,0.7034060493475798,power,9.53065013885498,11.029226303100586,12.092494010925293,0.0018602217314764857,0.00011430517459917232,4.462401866912842,0.892448275862069
femnist,topk,188,0.2,80844,404222,0.7177234495105222,77.20588235294117,0.6986588870777803,0.8004015978995712,0.7034060493475798,1.2431311983067246,0.7034060493475798,power,9.467514038085938,11.202201843261719,11.834946632385254,0.0018331280443817377,0.00011133712671456348,4.730001449584961,0.8419581280788178
femnist,topk,189,0.2,80844,404222,0.4098255562409759,77.45098039215686,0.6823378918217677,0.780705026005471,0.7034060493475798,1.2431311983067246,0.7034060493475798,power,9.576484680175781,11.027277946472168,11.502202987670898,0.001897783251479268,0.0001186028321187983,4.576559066772461,0.8701871921182266
femnist,topk,190,0.2,80844,404222,0.3910660791024566,77.45098039215686,0.6676270728017769,0.7710058690828913,0.7034060493475798,1.2431311983067246,0.7034060493475798,power,9.526412963867188,11.041964530944824,11.525552749633789,0.0018731526797637343,0.00011519330842212346,4.478097915649414,0.889320197044335
femnist,topk,191,0.2,80844,404222,0.3742528865369968,77.69607843137256,0.6731929405062806,0.7911233484359685,0.7034060493475798,1.2431311983067246,0.7034060493475798,power,9.543045997619629,11.090675354003906,11.283321380615234,0.001958743901923299,0.00012434238107487204,4.571383476257324,0.8711724137931034
femnist,topk,192,0.2,80844,404222,0.35123235987499357,76.96078431372548,0.6714556824927237,0.7802077568662666,0.7034060493475798,1.2431311983067246,0.7034060493475798,power,9.57445240020752,11.024598121643066,12.028685569763184,0.0019236452644690871,0.00012264638210150974,4.5394134521484375,0.877307881773399
femnist,topk,193,0.2,80844,404222,0.36242986555676904,77.94117647058823,0.6809537550982308,0.7766511750677156,0.7034060493475798,1.2431311983067246,0.7034060493475798,power,9.586370468139648,11.411519050598145,11.887662887573242,0.0019193349871784449,0.0001216005436067816,4.541172504425049,0.8769679802955666
femnist,topk,194,0.2,80844,404222,0.4353968435153365,77.20588235294117,0.6739018758138021,0.798100769126809,0.7034060493475798,1.2431311983067246,0.7034060493475798,power,9.556323051452637,11.173468589782715,12.060379028320312,0.0019347290508449078,0.00012190536027001371,4.648370742797852,0.856743842364532
femnist,topk,195,0.2,80844,404222,0.3466513187531382,76.7156862745098,0.6856762755150888,0.7903045011980739,0.7034060493475798,1.2431311983067246,0.7034060493475798,power,9.651188850402832,11.355091094970703,11.394346237182617,0.0019051723647862673,0.00013636361196603145,4.61853551864624,0.8622783251231527
femnist,topk,196,0.2,80844,404222,0.36278987831436094,77.94117647058823,0.6691819733264399,0.7771228482830714,0.7034060493475798,1.2431311983067246,0.7034060493475798,power,9.54180908203125,10.983941078186035,11.624813079833984,0.0019224138231948018,0.00012365456059590746,4.568309307098389,0.8717586206896552
femnist,topk,197,0.2,80844,404222,0.3557856367342174,78.67647058823529,0.6653614418179381,0.7839617588772796,0.7034060493475798,1.2431311983067246,0.7034060493475798,power,9.61769962310791,11.19740104675293,11.483346939086914,0.002039408776909113,0.00013576602687856665,4.6176252365112305,0.862448275862069
femnist,topk,198,0.2,80844,404222,0.3532428377121687,77.69607843137256,0.6781535429113051,0.7872377826969851,0.7034060493475798,1.2431311983067246,0.7034060493475798,power,9.592004776000977,11.125049591064453,12.64213752746582,0.001871921238489449,0.00012491283828875859,4.6074934005737305,0.8643448275862069
femnist,topk,199,0.2,80844,404222,0.3452666878886521,77.45098039215686,0.6859504101323146,0.7716168819783953,0.7034060493475798,1.2431311983067246,0.7034060493475798,power,9.61376953125,10.976493835449219,11.070602416992188,0.0020129310432821512,0.00013669471402502083,4.557531356811523,0.873820197044335
femnist,topk,200,0.2,80844,404222,0.36355535935610533,78.67647058823529,0.6710819917566636,0.7858009879465655,0.7034060493475798,1.2431311983067246,0.7034060493475798,power,9.54365062713623,11.241388320922852,11.508333206176758,0.0018860837444663048,0.00011727944230667845,4.612646102905273,0.8633793103448276
femnist,randk,1,0.35,141477,404222,3.904452199935913,6.617647058823529,3.993542241115196,0.34566391714127354,0.5317249935063211,0.9397188564986607,0.5317249935063211,power,9.611540794372559,11.259918212890625,11.820120811462402,0.0019285713788121939,0.00012940401599585927,20.0,0.3484655172413793
femnist,randk,2,0.35,141477,404222,3.94234399318695,12.745098039215685,3.8483147714652266,0.35516511904382664,0.5317249935063211,0.9397188564986607,0.5317249935063211,power,9.525548934936523,10.785825729370117,10.970870971679688,0.001956896623596549,0.00011746024604943094,20.0,0.3484655172413793
femnist,randk,3,0.35,141477,404222,3.8017084980010987,12.254901960784315,3.7745983647365198,0.35078957707701497,0.5317249935063211,0.9397188564986607,0.5317249935063211,power,9.590176582336426,11.082819938659668,11.19117546081543,0.0019230295438319445,0.00012801338913302724,20.0,0.3484655172413793
femnist,randk,4,0.35,141477,404222,3.6951277756690972,12.254901960784315,3.701113233379289,0.3522218028549159,0.5317249935063211,0.9397188564986607,0.5317249935063211,power,9.585965156555176,10.747504234313965,11.426815032958984,0.0020227832719683647,0.00012921541612109916,20.0,0.3484655172413793
femnist,randk,5,0.35,141477,404222,3.6465047454833988,16.176470588235293,3.6449118221507355,0.34408617132005476,0.5317249935063211,0.9397188564986607,0.5317249935063211,power,9.54494857788086,10.856115341186523,11.075780868530273,0.0018497536657378078,0.00011643595816277138,20.0,0.3484655172413793
femnist,randk,6,0.35,141477,404222,3.6172030735015865,20.833333333333332,3.58845490100337,0.34983851393560494,0.5317249935063211,0.9397188564986607,0.5317249935063211,power,9.555072784423828,11.208725929260254,11.731891632080078,0.0019199507078155875,0.00012017818109435779,20.0,0.3484655172413793
femnist,randk,7,0.35,141477,404222,3.5239924287796023,22.30392156862745,3.524877810010723,0.34327046726200117,0.5317249935063211,0.9397188564986607,0.5317249935063211,power,9.605326652526855,11.101683616638184,12.001713752746582,0.0019519703928381205,0.00013674769321877462,20.0,0.3484655172413793
femnist,randk,8,0.35,141477,404222,3.483925412893295,21.323529411764707,3.462636910232843,0.35738308912252725,0.5317249935063211,0.9397188564986607,0.5317249935063211,power,9.604083061218262,11.015271186828613,11.582962036132812,0.0019187192665413022,0.0001290979625105047,20.0,0.3484655172413793
femnist,randk,9,0.35,141477,404222,3.479866292476654,23.774509803921568,3.400339163985907,0.34710920182717453,0.5317249935063211,0.9397188564986607,0.5317249935063211,power,9.61164665222168,11.530533790588379,11.710859298706055,0.0019316502148285508,0.00012807263783579098,20.0,0.3484655172413793
femnist,randk,10,0.35,141477,404222,3.372858424186707,30.392156862745097,3.351973888920803,0.3544475498897727,0.5317249935063211,0.9397188564986607,0.5317249935063211,power,9.567493438720703,11.380663871765137,11.721677780151367,0.0018922414164990187,0.00012703463098163954,20.0,0.3484655172413793
femnist,randk,11,0.35,141477,404222,3.4166666710376736,31.372549019607842,3.299398384842218,0.3562530180250981,0.5317249935063211,0.9397188564986607,0.5317249935063211,power,9.643589973449707,11.500265121459961,12.400825500488281,0.00199076347053051,0.00013727969366691218,20.0,0.3484655172413793
femnist,randk,12,0.35,141477,404222,3.3662782454490667,33.088235294117645,3.271925084731158,0.35332135630537975,0.5317249935063211,0.9397188564986607,0.5317249935063211,power,9.618422508239746,11.48239803314209,11.595813751220703,0.00195751222781837,0.00013475128339741698,20.0,0.3484655172413793
femnist,randk,13,0.35,141477,404222,3.2288876223564147,37.5,3.2056633444393383,0.35507937358119246,0.5317249935063211,0.9397188564986607,0.5317249935063211,power,9.515155792236328,10.839614868164062,11.167864799499512,0.001864532008767128,0.00012025009923543374,20.0,0.3484655172413793
femnist,randk,14,0.35,141477,404222,3.1966971313953403,40.931372549019606,3.0990824979894303,0.35172788814966427,0.5317249935063211,0.9397188564986607,0.5317249935063211,power,9.614704132080078,10.893620491027832,11.303194999694824,0.001884236466139555,0.00012950800320445468,20.0,0.3484655172413793
femnist,randk,15,0.35,141477,404222,3.0812514066696166,39.950980392156865,2.975129071403952,0.3492220100976538,0.5317249935063211,0.9397188564986607,0.5317249935063211,power,9.530868530273438,11.153006553649902,11.733901977539062,0.0019181034294888377,0.00012153109818162318,20.0,0.3484655172413793
femnist,randk,16,0.35,141477,404222,3.0542905938625333,40.44117647058823,2.894094429764093,0.3551453046509356,0.5317249935063211,0.9397188564986607,0.5317249935063211,power,9.605937004089355,11.494696617126465,11.60566520690918,0.0019544335082173347,0.00013602904259505107,20.0,0.3484655172413793
femnist,randk,17,0.35,141477,404222,3.069107029438019,40.931372549019606,2.8517354329427085,0.3511035289375574,0.5317249935063211,0.9397188564986607,0.5317249935063211,power,9.584362030029297,10.883280754089355,11.024887084960938,0.0019261083798483014,0.00012303061709750056,20.0,0.3484655172413793
femnist,randk,18,0.35,141477,404222,2.9889487457275394,40.931372549019606,2.799810671338848,0.35664014554471735,0.5317249935063211,0.9397188564986607,0.5317249935063211,power,9.662525177001953,11.353273391723633,11.47143268585205,0.0019254926592111588,0.0001363002603172615,20.0,0.3484655172413793
femnist,randk,19,0.35,141477,404222,2.7341708683967587,41.911764705882355,2.7062629250919117,0.34766622228422933,0.5317249935063211,0.9397188564986607,0.5317249935063211,power,9.516153335571289,10.98227310180664,11.047822952270508,0.0019193349871784449,0.0001125957935327134,20.0,0.3484655172413793
femnist,randk,20,0.35,141477,404222,2.7944280028343202,43.13725490196079,2.6158830231311274,0.3616869942354797,0.5317249935063211,0.9397188564986607,0.5317249935063211,power,9.513798713684082,11.362858772277832,11.595120429992676,0.001926724100485444,0.00011695156086450031,20.0,0.3484655172413793
femnist,randk,21,0.35,141477,404222,2.5677508580684663,44.36274509803921,2.5110799752029718,0.34968942386669466,0.5317249935063211,0.9397188564986607,0.5317249935063211,power,9.597694396972656,11.100509643554688,11.341742515563965,0.0019729062914848328,0.00013181617063900627,20.0,0.3484655172413793
femnist,randk,22,0.35,141477,404222,2.4714440977573395,45.833333333333336,2.417326534495634,0.3475194331648035,0.5317249935063211,0.9397188564986607,0.5317249935063211,power,9.531906127929688,10.778514862060547,10.986079216003418,0.001838669995777309,0.00010885130754666972,20.0,0.3484655172413793
femnist,randk,23,0.35,141477,404222,2.537569552659989,46.568627450980394,2.352739371505438,0.35829642129061035,0.5317249935063211,0.9397188564986607,0.5317249935063211,power,9.55558967590332,11.115279197692871,11.200560569763184,0.001864532008767128,0.00011984384480457094,20.0,0.3484655172413793
femnist,randk,24,0.35,141477,404222,2.462292312681675,48.77450980392157,2.287738276462929,0.3460622549940554,0.5317249935063211,0.9397188564986607,0.5317249935063211,power,9.605570793151855,10.919116020202637,11.125551223754883,0.0019421182805672288,0.00012538915538169823,20.0,0.3484655172413793
femnist,randk,25,0.35,141477,404222,2.316862516701222,49.01960784313726,2.2252505433325673,0.3457590823394689,0.5317249935063211,0.9397188564986607,0.5317249935063211,power,9.566214561462402,11.202554702758789,12.631357192993164,0.0019082512008026242,0.00012415150269673626,20.0,0.3484655172413793
femnist,randk,26,0.35,141477,404222,2.356827108860016,49.26470588235294,2.1826617670994177,0.3384419671904681,0.5317249935063211,0.9397188564986607,0.5317249935063211,power,9.596543312072754,11.367222785949707,11.812681198120117,0.001963054295629263,0.00013374586858400236,20.0,0.3484655172413793
femnist,randk,27,0.35,141477,404222,2.244959498941898,50.73529411764706,2.119590160893459,0.34218592296040906,0.5317249935063211,0.9397188564986607,0.5317249935063211,power,9.592093467712402,11.21418571472168,11.688680648803711,0.0019248768221586943,0.00012575826458761507,20.0,0.3484655172413793
femnist,randk,28,0.35,141477,404222,2.138698172867298,49.754901960784316,2.061152589087393,0.3445324274114036,0.5317249935063211,0.9397188564986607,0.5317249935063211,power,9.589609146118164,11.148218154907227,11.376371383666992,0.0019273399375379086,0.000126122285861006,20.0,0.3484655172413793
femnist,randk,29,0.35,141477,404222,2.1570436277985574,52.450980392156865,1.9959303911994486,0.3487483921372555,0.5317249935063211,0.9397188564986607,0.5317249935063211,power,9.571382522583008,10.904860496520996,11.509077072143555,0.001945197000168264,0.00012012724688504895,20.0,0.3484655172413793
femnist,randk,30,0.35,141477,404222,1.996986640319228,52.69607843137255,1.9273226868872548,0.33935016290247433,0.5317249935063211,0.9397188564986607,0.5317249935063211,power,9.669118881225586,11.556132316589355,11.587624549865723,0.0018830049084499478,0.00014172071370638386,20.0,0.3484655172413793
femnist,randk,31,0.35,141477,404222,1.9956678533554075,53.431372549019606,1.8735303691789216,0.342783077739383,0.5317249935063211,0.9397188564986607,0.5317249935063211,power,9.601162910461426,11.275455474853516,11.44946575164795,0.001984605798497796,0.00012883237730444244,20.0,0.3484655172413793
femnist,randk,32,0.35,141477,404222,1.99755265802145,55.3921568627451,1.8430097991344976,0.36202114501843685,0.5317249935063211,0.9397188564986607,0.5317249935063211,power,9.526524543762207,11.067259788513184,11.893135070800781,0.001920566544868052,0.00012004142718047246,20.0,0.3484655172413793
femnist,randk,33,0.35,141477,404222,1.9819762405008081,55.88235294117647,1.8016846600700827,0.3474943923486937,0.5317249935063211,0.9397188564986607,0.5317249935063211,power,9.577448844909668,10.951931953430176,11.339927673339844,0.0019507389515638351,0.00012168169238048663,20.0,0.3484655172413793
femnist,randk,34,0.35,141477,404222,1.8353461153060195,56.86274509803921,1.7427912693397671,0.35909941181007615,0.5317249935063211,0.9397188564986607,0.5317249935063211,power,9.586790084838867,11.484745979309082,11.878886222839355,0.001972290687263012,0.00013249311530424778,20.0,0.3484655172413793
femnist,randk,35,0.35,141477,404222,2.014511187151075,57.1078431372549,1.7136757046568627,0.3513592462281282,0.5317249935063211,0.9397188564986607,0.5317249935063211,power,9.61572265625,11.215624809265137,11.333876609802246,0.0018620690098032355,0.0001234361267564546,20.0,0.3484655172413793
femnist,randk,36,0.35,141477,404222,1.7590068399906158,57.35294117647059,1.679319045122932,0.36236123792401326,0.5317249935063211,0.9397188564986607,0.5317249935063211,power,9.600607872009277,10.643434524536133,11.600557327270508,0.0020049260929226875,0.00012810656601296153,20.0,0.3484655172413793
femnist,randk,37,0.35,141477,404222,1.659793591238558,57.35294117647059,1.634640562768076,0.343419193571444,0.5317249935063211,0.9397188564986607,0.5317249935063211,power,9.666247367858887,11.073198318481445,12.021669387817383,0.0019316502148285508,0.00013321562359959238,20.0,0.3484655172413793
femnist,randk,38,0.35,141477,404222,1.7277729170024394,57.59803921568628,1.5851281857958026,0.34008429921634037,0.5317249935063211,0.9397188564986607,0.5317249935063211,power,9.594204902648926,11.195354461669922,11.311841011047363,0.0019094827584922314,0.00012075934665016783,20.0,0.3484655172413793
femnist,randk,39,0.35,141477,404222,1.5118973498791455,58.57843137254902,1.5399540919883579,0.34547005902491923,0.5317249935063211,0.9397188564986607,0.5317249935063211,power,9.574872970581055,10.840554237365723,10.937329292297363,0.0018713054014369845,0.00012593861122788577,20.0,0.3484655172413793
femnist,randk,40,0.35,141477,404222,1.603869166299701,58.8235294117647,1.5037102792777268,0.3512070366416463,0.5317249935063211,0.9397188564986607,0.5317249935063211,power,9.575421333312988,11.502035140991211,12.019765853881836,0.0018700738437473774,0.00012427352648941104,20.0,0.3484655172413793
femnist,randk,41,0.35,141477,404222,1.6365038123726845,59.80392156862745,1.476033229453891,0.36060493357509765,0.5317249935063211,0.9397188564986607,0.5317249935063211,power,9.585765838623047,10.929169654846191,12.054530143737793,0.0019605911802500486,0.00013211235435943458,20.0,0.3484655172413793
femnist,randk,42,0.35,141477,404222,1.5486732406914234,61.27450980392157,1.4491738712086397,0.3554774564229951,0.5317249935063211,0.9397188564986607,0.5317249935063211,power,9.567300796508789,11.102718353271484,11.91576099395752,0.001929802936501801,0.00012539940327826066,20.0,0.3484655172413793
femnist,randk,43,0.35,141477,404222,1.4762674382887782,61.27450980392157,1.421284694297641,0.3496228732063615,0.5317249935063211,0.9397188564986607,0.5317249935063211,power,9.522132873535156,11.410667419433594,11.48643970489502,0.0019014778081327677,0.00011449643370527461,20.0,0.3484655172413793
femnist,randk,44,0.35,141477,404222,1.5945898403972387,62.745098039215684,1.4005800134995405,0.3512575370864849,0.5317249935063211,0.9397188564986607,0.5317249935063211,power,9.570735931396484,11.151267051696777,11.303272247314453,0.0019254926592111588,0.00012440456247118982,20.0,0.3484655172413793
femnist,randk,45,0.35,141477,404222,1.3322955976240336,62.745098039215684,1.362093308392693,0.35465153681323647,0.5317249935063211,0.9397188564986607,0.5317249935063211,power,9.56154727935791,11.032666206359863,11.537010192871094,0.0019033250864595175,0.00011915795694524424,20.0,0.3484655172413793
femnist,randk,46,0.35,141477,404222,1.4139505624398592,62.990196078431374,1.3354893104702819,0.3605803192860343,0.5317249935063211,0.9397188564986607,0.5317249935063211,power,9.586671829223633,11.267300605773926,11.625815391540527,0.0019082512008026242,0.00012808207328045263,20.0,0.3484655172413793
femnist,randk,47,0.35,141477,404222,1.5179232507944107,64.2156862745098,1.3162400488759958,0.3425763308586036,0.5317249935063211,0.9397188564986607,0.5317249935063211,power,9.6304931640625,11.251136779785156,11.728450775146484,0.0019082512008026242,0.00013294110744395234,20.0,0.3484655172413793
femnist,randk,48,0.35,141477,404222,1.2670394852012394,65.19607843137256,1.28614029229856,0.34270369575212145,0.5317249935063211,0.9397188564986607,0.5317249935063211,power,9.629867553710938,11.126988410949707,12.025751113891602,0.0019199507078155875,0.00013430912114903543,20.0,0.3484655172413793
femnist,randk,49,0.35,141477,404222,1.1689526101388037,65.19607843137256,1.2516940995758654,0.3581108379073237,0.5317249935063211,0.9397188564986607,0.5317249935063211,power,9.5631103515625,10.927884101867676,11.966744422912598,0.0019211822655051947,0.0001230816270078166,20.0,0.3484655172413793
femnist,randk,50,0.35,141477,404222,1.5339928082749246,65.93137254901961,1.2295298856847428,0.34829792630428136,0.5317249935063211,0.9397188564986607,0.5317249935063211,power,9.61102294921875,11.362809181213379,11.769281387329102,0.0019057882018387318,0.00013263809823359574,20.0,0.3484655172413793
femnist,randk,51,0.35,141477,404222,1.2521937168762087,64.95098039215686,1.2210531795726103,0.3540870435148937,0.5317249935063211,0.9397188564986607,0.5317249935063211,power,9.562829971313477,11.169905662536621,11.50551700592041,0.0019488916732370853,0.00012637711358399814,20.0,0.3484655172413793
femnist,randk,52,0.35,141477,404222,1.154445602009073,66.17647058823529,1.2011218351476334,0.35302169791055965,0.5317249935063211,0.9397188564986607,0.5317249935063211,power,9.563643455505371,11.032550811767578,11.406780242919922,0.0018854680238291621,0.0001247275993733817,20.0,0.3484655172413793
femnist,randk,53,0.35,141477,404222,1.2883614810928703,66.17647058823529,1.1864767635569853,0.35060446501053394,0.5317249935063211,0.9397188564986607,0.5317249935063211,power,9.588736534118652,10.964468955993652,11.07313346862793,0.0019833743572235107,0.00012635736117564732,20.0,0.3484655172413793
femnist,randk,54,0.35,141477,404222,1.1880429758690298,66.42156862745098,1.1608740114698224,0.35446234207940897,0.5317249935063211,0.9397188564986607,0.5317249935063211,power,9.573369979858398,11.415533065795898,12.0064115524292,0.0018466748297214508,0.0001230077007640203,20.0,0.3484655172413793
femnist,randk,55,0.35,141477,404222,1.191270720437169,66.91176470588235,1.1459326650582107,0.3455454153492109,0.5317249935063211,0.9397188564986607,0.5317249935063211,power,9.541513442993164,11.05261516571045,11.53999137878418,0.0018423645524308085,0.00012202837763586483,20.0,0.3484655172413793
femnist,randk,56,0.35,141477,404222,1.3161071282625199,69.6078431372549,1.1355629715265012,0.3476357037214236,0.5317249935063211,0.9397188564986607,0.5317249935063211,power,9.58078670501709,10.922828674316406,10.961423873901367,0.0019230295438319445,0.0001248083604585122,20.0,0.3484655172413793
femnist,randk,57,0.35,141477,404222,1.17656629210338,69.8529411764706,1.1354284847483915,0.3415802463552237,0.5317249935063211,0.9397188564986607,0.5317249935063211,power,9.534972190856934,11.362367630004883,11.967411041259766,0.0019020936451852322,0.00011869230625149428,20.0,0.3484655172413793
femnist,randk,58,0.35,141477,404222,1.1528250833600757,69.36274509803921,1.1193122863769531,0.3609905500442343,0.5317249935063211,0.9397188564986607,0.5317249935063211,power,9.589086532592773,11.347827911376953,12.147687911987305,0.001907019759528339,0.00012878550088323305,20.0,0.3484655172413793
femnist,randk,59,0.35,141477,404222,1.1486207342520358,69.8529411764706,1.107751584520527,0.3714386233517107,0.5317249935063211,0.9397188564986607,0.5317249935063211,power,9.624505996704102,11.442405700683594,11.829416275024414,0.0019199507078155875,0.00012893887137705077,20.0,0.3484655172413793
femnist,randk,60,0.35,141477,404222,1.0569270987063646,70.58823529411765,1.0829176061293657,0.34110229851962054,0.5317249935063211,0.9397188564986607,0.5317249935063211,power,9.619038581848145,11.122933387756348,11.416749954223633,0.001958743901923299,0.00013163932518507393,20.0,0.3484655172413793
femnist,randk,61,0.35,141477,404222,0.9944425469636917,70.58823529411765,1.0544942220052083,0.3509975809611238,0.5317249935063211,0.9397188564986607,0.5317249935063211,power,9.5563383102417,10.862150192260742,12.22920036315918,0.0019217979861423373,0.00012835438678126607,20.0,0.3484655172413793
femnist,randk,62,0.35,141477,404222,1.0770976261422038,71.56862745098039,1.0437240600585938,0.3448886583755085,0.5317249935063211,0.9397188564986607,0.5317249935063211,power,9.549712181091309,10.790672302246094,11.113893508911133,0.0019064039224758744,0.00011897182691171031,20.0,0.3484655172413793
femnist,randk,63,0.35,141477,404222,1.0883322409912943,71.32352941176471,1.0311499950932521,0.34333063038876555,0.5317249935063211,0.9397188564986607,0.5317249935063211,power,9.570436477661133,10.962221145629883,11.325273513793945,0.001969211734831333,0.00012567145472447465,20.0,0.3484655172413793
femnist,randk,64,0.35,141477,404222,0.9603325567953288,71.56862745098039,1.0071683397480087,0.3468184403050528,0.5317249935063211,0.9397188564986607,0.5317249935063211,power,9.622587203979492,10.99977970123291,11.283380508422852,0.0019384236074984074,0.0001297205460595685,20.0,0.3484655172413793
femnist,randk,65,0.35,141477,404222,1.0345870638638737,71.56862745098039,0.9985059102376302,0.3515927467262138,0.5317249935063211,0.9397188564986607,0.5317249935063211,power,9.591228485107422,11.143738746643066,11.262272834777832,0.0019353447714820504,0.00012641447619635837,20.0,0.3484655172413793
femnist,randk,66,0.35,141477,404222,0.9387273341882972,70.34313725490196,0.9951135971966911,0.33416051756255555,0.5317249935063211,0.9397188564986607,0.5317249935063211,power,9.555405616760254,11.098343849182129,11.26707649230957,0.0018503695027902722,0.00012356584919921376,20.0,0.3484655172413793
femnist,randk,67,0.35,141477,404222,0.9898804854229093,70.09803921568627,0.9952228770536535,0.348657561405684,0.5317249935063211,0.9397188564986607,0.5317249935063211,power,9.522849082946777,10.81161117553711,12.202489852905273,0.001847906387411058,0.00011134497122462068,20.0,0.3484655172413793
femnist,randk,68,0.35,141477,404222,1.0979118351079524,71.56862745098039,0.9919569726083793,0.3506128359877928,0.5317249935063211,0.9397188564986607,0.5317249935063211,power,9.578081130981445,11.108430862426758,11.329734802246094,0.0019150245934724808,0.00011867097793390867,20.0,0.3484655172413793
femnist,randk,69,0.35,141477,404222,0.9660731025598943,73.03921568627452,0.9765663894952512,0.3439067708301226,0.5317249935063211,0.9397188564986607,0.5317249935063211,power,9.480681419372559,11.068096160888672,11.575160026550293,0.0019045566441491246,0.00011178934459274848,20.0,0.3484655172413793
femnist,randk,70,0.35,141477,404222,0.8896318440511823,72.05882352941177,0.9686174579695159,0.35202952570123697,0.5317249935063211,0.9397188564986607,0.5317249935063211,power,9.599702835083008,11.260905265808105,11.447763442993164,0.001929802936501801,0.00012804710725447508,20.0,0.3484655172413793
femnist,randk,71,0.35,141477,404222,0.9227624610625208,71.56862745098039,0.9498920814663756,0.37417685542109363,0.5317249935063211,0.9397188564986607,0.5317249935063211,power,9.575539588928223,11.540511131286621,12.218969345092773,0.0019316502148285508,0.0001307445429522449,20.0,0.3484655172413793
femnist,randk,72,0.35,141477,404222,0.9511018367670477,70.83333333333333,0.9444636176614201,0.3469563954134628,0.5317249935063211,0.9397188564986607,0.5317249935063211,power,9.61655330657959,11.243009567260742,11.503337860107422,0.001900862087495625,0.0001292024449746789,20.0,0.3484655172413793
femnist,randk,73,0.35,141477,404222,0.9496462798863649,71.81372549019608,0.9449088900696998,0.3370343431977231,0.5317249935063211,0.9397188564986607,0.5317249935063211,power,9.562505722045898,11.091784477233887,11.353631019592285,0.001981527078896761,0.0001278036856727065,20.0,0.3484655172413793
femnist,randk,74,0.35,141477,404222,0.8846476219594479,73.2843137254902,0.9414480620739507,0.3550773920839273,0.5317249935063211,0.9397188564986607,0.5317249935063211,power,9.612773895263672,11.070812225341797,11.350400924682617,0.0019649015739560127,0.00012937955028500075,20.0,0.3484655172413793
femnist,randk,75,0.35,141477,404222,0.9287170192413032,72.54901960784314,0.9310379776300168,0.3504995345321105,0.5317249935063211,0.9397188564986607,0.5317249935063211,power,9.597655296325684,11.349946022033691,11.49755859375,0.0019137931521981955,0.00012784815966607237,20.0,0.3484655172413793
femnist,randk,76,0.35,141477,404222,0.883536214143969,73.52941176470588,0.9194003086464078,0.3357346047312351,0.5317249935063211,0.9397188564986607,0.5317249935063211,power,9.575474739074707,11.20280647277832,11.809000968933105,0.001887315302155912,0.00012218221940458164,20.0,0.3484655172413793
femnist,randk,77,0.35,141477,404222,0.8609457707963883,74.75490196078431,0.9014783373066023,0.3513645919406668,0.5317249935063211,0.9397188564986607,0.5317249935063211,power,9.590978622436523,10.990351676940918,11.027226448059082,0.0019193349871784449,0.00012095136105221975,20.0,0.3484655172413793
femnist,randk,78,0.35,141477,404222,0.7725373136089184,74.26470588235294,0.8863447600719976,0.33150907481364156,0.5317249935063211,0.9397188564986607,0.5317249935063211,power,9.63066577911377,11.331172943115234,12.233086585998535,0.001903940923511982,0.00013940106391023557,20.0,0.3484655172413793
femnist,randk,79,0.35,141477,404222,0.9082652447558941,73.77450980392157,0.8749878827263328,0.3708083960906734,0.5317249935063211,0.9397188564986607,0.5317249935063211,power,9.582741737365723,11.131755828857422,11.512960433959961,0.0019365763291716576,0.00012834220101017605,20.0,0.3484655172413793
femnist,randk,80,0.35,141477,404222,1.0076367166358977,75.0,0.8799363678576899,0.34120572444335845,0.5317249935063211,0.9397188564986607,0.5317249935063211,power,9.560684204101562,10.8495512008667,11.03851318359375,0.0018891625804826617,0.00012096057833681304,20.0,0.3484655172413793
femnist,randk,81,0.35,141477,404222,0.805705547723919,75.0,0.8803410997577742,0.32563339337417774,0.5317249935063211,0.9397188564986607,0.5317249935063211,power,9.546893119812012,11.082687377929688,12.079145431518555,0.0019187192665413022,0.0001263448861907082,20.0,0.3484655172413793
femnist,randk,82,0.35,141477,404222,0.8429241896048187,74.50980392156863,0.8843596215341606,0.34150176072233973,0.5317249935063211,0.9397188564986607,0.5317249935063211,power,9.632774353027344,11.180649757385254,11.637955665588379,0.001972290687263012,0.00013442738180379114,20.0,0.3484655172413793
femnist,randk,83,0.35,141477,404222,0.8212068868428469,74.01960784313725,0.874960880653531,0.3467286890817039,0.5317249935063211,0.9397188564986607,0.5317249935063211,power,9.578195571899414,11.510665893554688,11.797811508178711,0.001920566544868052,0.00012487045639303053,20.0,0.3484655172413793
femnist,randk,84,0.35,141477,404222,0.7868460321053863,74.50980392156863,0.8686745587517234,0.33138317856152055,0.5317249935063211,0.9397188564986607,0.5317249935063211,power,9.613629341125488,11.299430847167969,12.842697143554688,0.0019002462504431605,0.00012962224684668673,20.0,0.3484655172413793
femnist,randk,85,0.35,141477,404222,0.7425150215625762,74.01960784313725,0.8584337421492034,0.34589897371318795,0.5317249935063211,0.9397188564986607,0.5317249935063211,power,9.618484497070312,11.286839485168457,12.232012748718262,0.0019821429159492254,0.00013428212268125093,20.0,0.3484655172413793
femnist,randk,86,0.35,141477,404222,0.8008835727907717,75.24509803921569,0.8495800541896447,0.34054874989650424,0.5317249935063211,0.9397188564986607,0.5317249935063211,power,9.520395278930664,10.860810279846191,11.119956016540527,0.0018263546517118812,0.00011297139356076037,20.0,0.3484655172413793
femnist,randk,87,0.35,141477,404222,0.8931107967346905,74.26470588235294,0.8458697749119178,0.3460408427314119,0.5317249935063211,0.9397188564986607,0.5317249935063211,power,9.51840591430664,10.898622512817383,11.70261001586914,0.0019193349871784449,0.00011460372738976367,20.0,0.3484655172413793
femnist,randk,88,0.35,141477,404222,0.6810963950585573,74.26470588235294,0.8381515203737745,0.3716651366402609,0.5317249935063211,0.9397188564986607,0.5317249935063211,power,9.555656433105469,11.272418022155762,11.652313232421875,0.0019248768221586943,0.00012058764213090981,20.0,0.3484655172413793
femnist,randk,89,0.35,141477,404222,0.9183664654009043,75.49019607843137,0.8349640790153953,0.35103365466759207,0.5317249935063211,0.9397188564986607,0.5317249935063211,power,9.566815376281738,11.114954948425293,11.560981750488281,0.0019402708858251572,0.00012826717256956912,20.0,0.3484655172413793
femnist,randk,90,0.35,141477,404222,0.6677147829439491,75.98039215686275,0.8198082119810814,0.36539582083770866,0.5317249935063211,0.9397188564986607,0.5317249935063211,power,9.475152969360352,11.074528694152832,11.25362491607666,0.0017857142956927419,0.00010700101037075008,20.0,0.3484655172413793
femnist,randk,91,0.35,141477,404222,0.6897749975323678,76.47058823529412,0.8190841674804688,0.34376686552541996,0.5317249935063211,0.9397188564986607,0.5317249935063211,power,9.594993591308594,11.016500473022461,11.746519088745117,0.0018903941381722689,0.00012655973688073646,20.0,0.3484655172413793
femnist,randk,92,0.35,141477,404222,0.7493774317856878,74.75490196078431,0.8373728733436734,0.3460696012797216,0.5317249935063211,0.9397188564986607,0.5317249935063211,power,9.558067321777344,10.958654403686523,11.853193283081055,0.0018423645524308085,0.00011962152110867989,20.0,0.3484655172413793
femnist,randk,93,0.35,141477,404222,0.7459227068349719,74.26470588235294,0.8504349951650582,0.36724798007940623,0.5317249935063211,0.9397188564986607,0.5317249935063211,power,9.508951187133789,10.807506561279297,11.519556999206543,0.0018916255794465542,0.00011444873069865718,20.0,0.3484655172413793
femnist,randk,94,0.35,141477,404222,0.6849691133573652,74.50980392156863,0.843526279225069,0.3409464504819587,0.5317249935063211,0.9397188564986607,0.5317249935063211,power,9.54567813873291,11.017430305480957,11.188150405883789,0.0019353447714820504,0.00011848181625011227,20.0,0.3484655172413793
femnist,randk,95,0.35,141477,404222,0.7785193142853678,76.7156862745098,0.8318740246342677,0.34378158758147814,0.5317249935063211,0.9397188564986607,0.5317249935063211,power,9.499884605407715,10.868976593017578,11.357340812683105,0.0018497536657378078,0.00011289907368715935,20.0,0.3484655172413793
femnist,randk,96,0.35,141477,404222,0.7403682821989059,76.96078431372548,0.8180951885148591,0.318517087188675,0.5317249935063211,0.9397188564986607,0.5317249935063211,power,9.614486694335938,11.059812545776367,11.089005470275879,0.002036330057308078,0.00013416819145586697,20.0,0.3484655172413793
femnist,randk,97,0.35,141477,404222,0.6585804121010006,77.20588235294117,0.806892993403416,0.35700183247740114,0.5317249935063211,0.9397188564986607,0.5317249935063211,power,9.589550971984863,11.300349235534668,11.717597007751465,0.001967980293557048,0.0001307848182534086,20.0,0.3484655172413793
femnist,randk,98,0.35,141477,404222,0.929145379550755,75.98039215686275,0.805458293241613,0.3319107936773133,0.5317249935063211,0.9397188564986607,0.5317249935063211,power,9.566529273986816,11.22874641418457,11.89724349975586,0.0019291872158646584,0.0001306174097511304,20.0,0.3484655172413793
femnist,randk,99,0.35,141477,404222,0.7511484767403453,76.7156862745098,0.804750031115962,0.3103041257121723,0.5317249935063211,0.9397188564986607,0.5317249935063211,power,9.561908721923828,11.07486343383789,11.754409790039062,0.0019347290508449078,0.00012327780585825714,20.0,0.3484655172413793
femnist,randk,100,0.35,141477,404222,0.6413562550023199,76.22549019607843,0.7965189615885416,0.34857660804811796,0.5317249935063211,0.9397188564986607,0.5317249935063211,power,9.5844144821167,11.160707473754883,11.598801612854004,0.0019673644565045834,0.00012591088803576932,20.0,0.3484655172413793
femnist,randk,101,0.35,141477,404222,0.6394518404826522,75.98039215686275,0.7872011521283317,0.35916475256007535,0.5317249935063211,0.9397188564986607,0.5317249935063211,power,9.635213851928711,11.412914276123047,12.072715759277344,0.0019230295438319445,0.0001338265540139213,20.0,0.3484655172413793
femnist,randk,102,0.35,141477,404222,0.5734872709214687,76.7156862745098,0.7755174823835784,0.33662373103864274,0.5317249935063211,0.9397188564986607,0.5317249935063211,power,9.572856903076172,11.193192481994629,11.446541786193848,0.0019150245934724808,0.00012230845856682593,20.0,0.3484655172413793
femnist,randk,103,0.35,141477,404222,0.6183254849910736,75.98039215686275,0.7709411172305837,0.34221235483935036,0.5317249935063211,0.9397188564986607,0.5317249935063211,power,9.569696426391602,10.877432823181152,11.15871524810791,0.0020160097628831863,0.000126515835195526,20.0,0.3484655172413793
femnist,randk,104,0.35,141477,404222,0.6919071811065078,76.96078431372548,0.7729324640012255,0.363064357700267,0.5317249935063211,0.9397188564986607,0.5317249935063211,power,9.617215156555176,11.367074012756348,11.57346248626709,0.0019439655588939786,0.00013266701891127407,20.0,0.3484655172413793
femnist,randk,105,0.35,141477,404222,0.7085162002034486,77.45098039215686,0.7820802576401654,0.34637969952895425,0.5317249935063211,0.9397188564986607,0.5317249935063211,power,9.560693740844727,11.450562477111816,11.793819427490234,0.0018959359731525183,0.00012438314676733002,20.0,0.3484655172413793
femnist,randk,106,0.35,141477,404222,0.6059604404401033,77.20588235294117,0.7805372499952129,0.365498351084602,0.5317249935063211,0.9397188564986607,0.5317249935063211,power,9.544449806213379,11.262043952941895,11.344523429870605,0.0019402708858251572,0.00012894350766781175,20.0,0.3484655172413793
femnist,randk,107,0.35,141477,404222,0.6724568828800692,78.67647058823529,0.7739708096373314,0.3613763580008241,0.5317249935063211,0.9397188564986607,0.5317249935063211,power,9.591705322265625,11.156639099121094,12.021476745605469,0.0019821429159492254,0.00012972226885539132,20.0,0.3484655172413793
femnist,randk,108,0.35,141477,404222,0.5947020553890615,78.43137254901961,0.765318328259038,0.3565240200893745,0.5317249935063211,0.9397188564986607,0.5317249935063211,power,9.563566207885742,11.279108047485352,12.159177780151367,0.0019747538026422262,0.00012573838058688814,20.0,0.3484655172413793
femnist,randk,109,0.35,141477,404222,0.5739356926828623,78.43137254901961,0.7589275883693322,0.33031528906943003,0.5317249935063211,0.9397188564986607,0.5317249935063211,power,9.556864738464355,11.120786666870117,11.174676895141602,0.0018577586160972714,0.00011547786584957127,20.0,0.3484655172413793
femnist,randk,110,0.35,141477,404222,0.7167204280290752,77.69607843137256,0.7529525756835938,0.3467572685797273,0.5317249935063211,0.9397188564986607,0.5317249935063211,power,9.557927131652832,11.397320747375488,11.477958679199219,0.0019088670378550887,0.0001266481467087295,20.0,0.3484655172413793
femnist,randk,111,0.35,141477,404222,0.6039180215820671,77.20588235294117,0.754938985787186,0.3513862398078559,0.5317249935063211,0.9397188564986607,0.5317249935063211,power,9.511460304260254,10.980045318603516,11.539755821228027,0.0019082512008026242,0.00011148918260533271,20.0,0.3484655172413793
femnist,randk,112,0.35,141477,404222,0.5710612692171706,78.67647058823529,0.7515578176461014,0.3853293242462989,0.5317249935063211,0.9397188564986607,0.5317249935063211,power,9.584539413452148,11.395367622375488,11.60858154296875,0.001979679800570011,0.00013170865765071882,20.0,0.3484655172413793
femnist,randk,113,0.35,141477,404222,0.594325454197824,77.94117647058823,0.7551941217160693,0.3604854673827803,0.5317249935063211,0.9397188564986607,0.5317249935063211,power,9.545003890991211,11.059966087341309,11.308473587036133,0.001920566544868052,0.00012171582161047176,20.0,0.3484655172413793
femnist,randk,114,0.35,141477,404222,0.5716966707352549,78.18627450980392,0.7574970768947228,0.3525988997825122,0.5317249935063211,0.9397188564986607,0.5317249935063211,power,9.611286163330078,11.441679954528809,11.878914833068848,0.0019242611015215516,0.00013008987501062364,20.0,0.3484655172413793
femnist,randk,115,0.35,141477,404222,0.617356978659518,77.94117647058823,0.7546544542499617,0.3952096677879079,0.5317249935063211,0.9397188564986607,0.5317249935063211,power,9.543304443359375,10.960067749023438,11.099105834960938,0.0018657635664567351,0.00011605769960296354,20.0,0.3484655172413793
femnist,randk,116,0.35,141477,404222,0.6681719414051623,77.45098039215686,0.751829558727788,0.32742837291259425,0.5317249935063211,0.9397188564986607,0.5317249935063211,power,9.625845909118652,11.142983436584473,12.011270523071289,0.0019193349871784449,0.0001339448679966321,20.0,0.3484655172413793
femnist,randk,117,0.35,141477,404222,0.5580435927398504,77.45098039215686,0.7523439444747626,0.3236827328436223,0.5317249935063211,0.9397188564986607,0.5317249935063211,power,9.556191444396973,11.45843505859375,11.54284381866455,0.0018799260724335909,0.000125273743486025,20.0,0.3484655172413793
femnist,randk,118,0.35,141477,404222,0.5685001645796001,77.45098039215686,0.7518834132774204,0.37343033969459605,0.5317249935063211,0.9397188564986607,0.5317249935063211,power,9.569538116455078,11.023378372192383,11.390304565429688,0.001945197000168264,0.0001312178329543384,20.0,0.3484655172413793
femnist,randk,119,0.35,141477,404222,0.6202366780117152,77.94117647058823,0.743350159888174,0.3571091834630615,0.5317249935063211,0.9397188564986607,0.5317249935063211,power,9.628467559814453,11.57825756072998,12.503962516784668,0.0019181034294888377,0.0001337586119987517,20.0,0.3484655172413793
femnist,randk,120,0.35,141477,404222,0.6188445625174791,76.47058823529412,0.7395433164110371,0.37259118635533234,0.5317249935063211,0.9397188564986607,0.5317249935063211,power,9.588315963745117,11.473701477050781,11.580852508544922,0.0019285713788121939,0.00012514058984494148,20.0,0.3484655172413793
femnist,randk,121,0.35,141477,404222,0.5932405655737966,78.43137254901961,0.727821948481541,0.3884192846935105,0.5317249935063211,0.9397188564986607,0.5317249935063211,power,9.570528030395508,11.176466941833496,11.481581687927246,0.0019051723647862673,0.0001273806884669008,20.0,0.3484655172413793
femnist,randk,122,0.35,141477,404222,0.6980067843012512,78.43137254901961,0.7232992882822075,0.34422521141666834,0.5317249935063211,0.9397188564986607,0.5317249935063211,power,9.510894775390625,10.857452392578125,10.973057746887207,0.0019199507078155875,0.00011528299649544928,20.0,0.3484655172413793
femnist,randk,123,0.35,141477,404222,0.50322278550826,79.16666666666667,0.7184408599255132,0.33515808556273147,0.5317249935063211,0.9397188564986607,0.5317249935063211,power,9.613436698913574,11.682012557983398,12.098289489746094,0.0019285713788121939,0.0001304054169464914,20.0,0.3484655172413793
femnist,randk,124,0.35,141477,404222,0.5394882039166988,78.18627450980392,0.7217826095281863,0.33628710669214745,0.5317249935063211,0.9397188564986607,0.5317249935063211,power,9.562487602233887,10.910576820373535,11.29241943359375,0.001878078794106841,0.00011812489637272192,20.0,0.3484655172413793
femnist,randk,125,0.35,141477,404222,0.5417318701650948,77.94117647058823,0.7262370539646522,0.35105619795280024,0.5317249935063211,0.9397188564986607,0.5317249935063211,power,9.559159278869629,11.198304176330566,11.608925819396973,0.0019396551651880145,0.00012467834053619324,20.0,0.3484655172413793
femnist,randk,126,0.35,141477,404222,0.5095480571081862,77.94117647058823,0.7297381232766544,0.32204222347062106,0.5317249935063211,0.9397188564986607,0.5317249935063211,power,9.538039207458496,10.862022399902344,11.524131774902344,0.0019211822655051947,0.00011605031436977303,20.0,0.3484655172413793
femnist,randk,127,0.35,141477,404222,0.5135257781203837,77.94117647058823,0.7227763755648744,0.3678359787201119,0.5317249935063211,0.9397188564986607,0.5317249935063211,power,9.58803653717041,10.767365455627441,12.17330551147461,0.001878078794106841,0.00012525140073403566,20.0,0.3484655172413793
femnist,randk,128,0.35,141477,404222,0.9144460371788592,77.45098039215686,0.717614491780599,0.3061180080492242,0.5317249935063211,0.9397188564986607,0.5317249935063211,power,9.584481239318848,11.219176292419434,11.887602806091309,0.0019778325222432613,0.0001278499438956554,20.0,0.3484655172413793
femnist,randk,129,0.35,141477,404222,0.6889315268117934,77.45098039215686,0.719016430424709,0.36004257660282285,0.5317249935063211,0.9397188564986607,0.5317249935063211,power,9.594440460205078,10.937914848327637,11.549062728881836,0.0020597290713340044,0.00013046195538086113,20.0,0.3484655172413793
femnist,randk,130,0.35,141477,404222,0.5386654919944703,77.69607843137256,0.7232832815132889,0.33448422756374724,0.5317249935063211,0.9397188564986607,0.5317249935063211,power,9.563680648803711,11.007526397705078,11.281322479248047,0.001977216685190797,0.0001331505077389565,20.0,0.3484655172413793
femnist,randk,131,0.35,141477,404222,0.488653684859164,77.69607843137256,0.7161417942421109,0.3895442436804081,0.5317249935063211,0.9397188564986607,0.5317249935063211,power,9.612807273864746,11.174239158630371,11.90000057220459,0.0019716748502105474,0.00013224415227803987,20.0,0.3484655172413793
femnist,randk,132,0.35,141477,404222,0.5285629515815525,77.94117647058823,0.7131043228448606,0.3330484927692196,0.5317249935063211,0.9397188564986607,0.5317249935063211,power,9.585729598999023,10.869038581848145,11.564301490783691,0.0018854680238291621,0.00011909711367167757,20.0,0.3484655172413793
femnist,randk,133,0.35,141477,404222,0.5150844590179622,78.43137254901961,0.7094128926595052,0.3259942558243781,0.5317249935063211,0.9397188564986607,0.5317249935063211,power,9.534451484680176,11.314228057861328,12.997243881225586,0.001916256151162088,0.00012254426953267508,20.0,0.3484655172413793
femnist,randk,134,0.35,141477,404222,0.546545177558437,77.94117647058823,0.7131111294615502,0.33150999230106165,0.5317249935063211,0.9397188564986607,0.5317249935063211,power,9.605244636535645,11.139206886291504,11.348071098327637,0.0018947044154629111,0.0001282272514852063,20.0,0.3484655172413793
femnist,randk,135,0.35,141477,404222,0.47329357511363923,77.45098039215686,0.7160698385799632,0.39756738299611494,0.5317249935063211,0.9397188564986607,0.5317249935063211,power,9.65354061126709,11.767375946044922,12.592658042907715,0.002023399109020829,0.00014773161550404293,20.0,0.3484655172413793
femnist,randk,136,0.35,141477,404222,0.5889814155921339,77.20588235294117,0.7193877276252297,0.33949156063645564,0.5317249935063211,0.9397188564986607,0.5317249935063211,power,9.594461441040039,11.381677627563477,12.901339530944824,0.0018756157951429486,0.00013185925750703727,20.0,0.3484655172413793
femnist,randk,137,0.35,141477,404222,0.5606466210773214,77.69607843137256,0.7199415319106158,0.3579505265017417,0.5317249935063211,0.9397188564986607,0.5317249935063211,power,9.543155670166016,11.068299293518066,11.646490097045898,0.0018928571371361613,0.00012052852732365299,20.0,0.3484655172413793
femnist,randk,138,0.35,141477,404222,0.6235083738621324,76.96078431372548,0.7154275482776118,0.3867709515618539,0.5317249935063211,0.9397188564986607,0.5317249935063211,power,9.644774436950684,11.156859397888184,11.44904613494873,0.001934113330207765,0.0001333444762264626,20.0,0.3484655172413793
femnist,randk,139,0.35,141477,404222,0.5242007856862619,78.18627450980392,0.7084830789005055,0.32216765462021824,0.5317249935063211,0.9397188564986607,0.5317249935063211,power,9.516128540039062,11.324399948120117,11.500531196594238,0.0018442118307575583,0.00011824726721076623,20.0,0.3484655172413793
femnist,randk,140,0.35,141477,404222,0.6565470910537987,77.20588235294117,0.7035210553337546,0.33954853650702793,0.5317249935063211,0.9397188564986607,0.5317249935063211,power,9.546143531799316,11.068622589111328,11.198017120361328,0.0019421182805672288,0.00012356821292042994,20.0,0.3484655172413793
femnist,randk,141,0.35,141477,404222,0.5259555406169966,77.69607843137256,0.6989017561370251,0.3741654301190587,0.5317249935063211,0.9397188564986607,0.5317249935063211,power,9.629672050476074,11.272007942199707,11.467647552490234,0.0019821429159492254,0.0001393970434979073,20.0,0.3484655172413793
femnist,randk,142,0.35,141477,404222,0.47239944025874137,77.45098039215686,0.6991353502460554,0.33695768982052615,0.5317249935063211,0.9397188564986607,0.5317249935063211,power,9.611010551452637,11.202454566955566,11.37702465057373,0.0019020936451852322,0.0001362956164909814,20.0,0.3484655172413793
femnist,randk,143,0.35,141477,404222,0.6756634189561009,77.94117647058823,0.7029234942267922,0.33604533804918735,0.5317249935063211,0.9397188564986607,0.5317249935063211,power,9.512880325317383,10.968693733215332,11.732269287109375,0.001946428557857871,0.00011519283058379588,20.0,0.3484655172413793
femnist,randk,144,0.35,141477,404222,0.43648506073281174,77.20588235294117,0.6994981204762178,0.3288858081641546,0.5317249935063211,0.9397188564986607,0.5317249935063211,power,9.574877738952637,10.858760833740234,11.250028610229492,0.0019408867228776217,0.00012739499526833958,20.0,0.3484655172413793
femnist,randk,145,0.35,141477,404222,0.44500850074924525,76.7156862745098,0.6977214439242494,0.38717312708832413,0.5317249935063211,0.9397188564986607,0.5317249935063211,power,9.640575408935547,11.339546203613281,13.156695365905762,0.0019433497218415141,0.00013656216958418246,20.0,0.3484655172413793
femnist,randk,146,0.35,141477,404222,0.6898424191027879,77.20588235294117,0.7086638656317019,0.3445483455244286,0.5317249935063211,0.9397188564986607,0.5317249935063211,power,9.581023216247559,11.2738618850708,12.162395477294922,0.001903940923511982,0.0001258860691169944,20.0,0.3484655172413793
femnist,randk,147,0.35,141477,404222,0.39555008972063666,77.45098039215686,0.7060194576487822,0.3152763488980828,0.5317249935063211,0.9397188564986607,0.5317249935063211,power,9.468318939208984,10.890974044799805,11.719107627868652,0.0018830049084499478,0.00010231620587075213,20.0,0.3484655172413793
femnist,randk,148,0.35,141477,404222,0.4790011962875723,77.45098039215686,0.7074441348805147,0.3403540977238019,0.5317249935063211,0.9397188564986607,0.5317249935063211,power,9.579849243164062,11.589770317077637,11.955680847167969,0.0018817733507603407,0.00013335214686278937,20.0,0.3484655172413793
femnist,randk,149,0.35,141477,404222,0.6413848982192575,77.45098039215686,0.6966433805577895,0.33950251639901563,0.5317249935063211,0.9397188564986607,0.5317249935063211,power,9.5755033493042,11.773809432983398,12.188003540039062,0.0019963053055107594,0.0001305358855128333,20.0,0.3484655172413793
femnist,randk,150,0.35,141477,404222,0.4723527672886848,78.43137254901961,0.7006833693560433,0.33291149852733926,0.5317249935063211,0.9397188564986607,0.5317249935063211,power,9.561775207519531,10.82088851928711,11.498947143554688,0.0019778325222432613,0.00012511212036436336,20.0,0.3484655172413793
femnist,randk,151,0.35,141477,404222,0.4593494874518364,78.43137254901961,0.7007966883042279,0.3451745811969071,0.5317249935063211,0.9397188564986607,0.5317249935063211,power,9.61932373046875,11.300484657287598,12.144790649414062,0.001958743901923299,0.0001355497417169602,20.0,0.3484655172413793
femnist,randk,152,0.35,141477,404222,0.7234655797295273,77.20588235294117,0.7096179139380362,0.36855760601365034,0.5317249935063211,0.9397188564986607,0.5317249935063211,power,9.548776626586914,11.34758186340332,11.7854642868042,0.0019144088728353381,0.0001251908703571347,20.0,0.3484655172413793
femnist,randk,153,0.35,141477,404222,0.473578457692638,76.96078431372548,0.7138591841155407,0.35682135725880504,0.5317249935063211,0.9397188564986607,0.5317249935063211,power,9.577591896057129,11.183816909790039,11.469727516174316,0.001961822621524334,0.0001316585481230957,20.0,0.3484655172413793
femnist,randk,154,0.35,141477,404222,0.4109275000618071,77.69607843137256,0.7130211474848729,0.3697958369739911,0.5317249935063211,0.9397188564986607,0.5317249935063211,power,9.63692569732666,11.570357322692871,11.672867774963379,0.0019427340012043715,0.00013439960897000121,20.0,0.3484655172413793
femnist,randk,155,0.35,141477,404222,0.4434289853926748,78.43137254901961,0.7071124806123621,0.3423703775266731,0.5317249935063211,0.9397188564986607,0.5317249935063211,power,9.62646198272705,11.363326072692871,11.965471267700195,0.001855295617133379,0.0001284333818831152,20.0,0.3484655172413793
femnist,randk,156,0.35,141477,404222,0.5262804625928402,77.94117647058823,0.7022805307425705,0.3176690111978294,0.5317249935063211,0.9397188564986607,0.5317249935063211,power,9.574943542480469,10.930459022521973,12.451152801513672,0.0019605911802500486,0.00012935900793376783,20.0,0.3484655172413793
femnist,randk,157,0.35,141477,404222,0.4365380599536001,77.94117647058823,0.7016060025084252,0.32392209339973127,0.5317249935063211,0.9397188564986607,0.5317249935063211,power,9.515978813171387,10.965792655944824,11.222408294677734,0.0019113300368189812,0.00011790920209658172,20.0,0.3484655172413793
femnist,randk,158,0.35,141477,404222,0.5934268866758794,78.18627450980392,0.6957802118039599,0.35543282614417876,0.5317249935063211,0.9397188564986607,0.5317249935063211,power,9.590574264526367,11.269468307495117,11.332836151123047,0.001893472857773304,0.00012360750767041317,20.0,0.3484655172413793
femnist,randk,159,0.35,141477,404222,0.42321248680818824,78.92156862745098,0.6935534757726333,0.33581722062709213,0.5317249935063211,0.9397188564986607,0.5317249935063211,power,9.630074501037598,11.295906066894531,11.698568344116211,0.0018805419094860554,0.00012622427267928736,20.0,0.3484655172413793
femnist,randk,160,0.35,141477,404222,0.40527955905534324,78.67647058823529,0.6976937686695772,0.3312247028836678,0.5317249935063211,0.9397188564986607,0.5317249935063211,power,9.595027923583984,11.273869514465332,11.531364440917969,0.0019322660518810153,0.00013166769282399023,20.0,0.3484655172413793
femnist,randk,161,0.35,141477,404222,0.4404212938435377,78.18627450980392,0.7008131438610601,0.38586549989328695,0.5317249935063211,0.9397188564986607,0.5317249935063211,power,9.624009132385254,10.916386604309082,11.89181900024414,0.001876847236417234,0.00012946936664060048,20.0,0.3484655172413793
femnist,randk,162,0.35,141477,404222,0.42304743289947505,78.67647058823529,0.7055339439242494,0.35296007516005157,0.5317249935063211,0.9397188564986607,0.5317249935063211,power,9.63655948638916,11.083125114440918,11.575281143188477,0.0019285713788121939,0.00013729283178258344,20.0,0.3484655172413793
femnist,randk,163,0.35,141477,404222,0.41106454730499536,78.43137254901961,0.7039586235495174,0.30345005889868987,0.5317249935063211,0.9397188564986607,0.5317249935063211,power,9.518235206604004,10.897578239440918,11.203957557678223,0.0018275862094014883,0.00010971081621382612,20.0,0.3484655172413793
femnist,randk,164,0.35,141477,404222,0.45009938839357344,77.94117647058823,0.6977519615023744,0.33374327654805147,0.5317249935063211,0.9397188564986607,0.5317249935063211,power,9.596940994262695,10.993714332580566,11.472926139831543,0.0019211822655051947,0.00012540446288894857,20.0,0.3484655172413793
femnist,randk,165,0.35,141477,404222,0.3968727071303874,77.94117647058823,0.6965661142386642,0.4086078068904815,0.5317249935063211,0.9397188564986607,0.5317249935063211,power,9.552714347839355,11.179068565368652,11.412342071533203,0.0020049260929226875,0.00012537727587773402,20.0,0.3484655172413793
femnist,randk,166,0.35,141477,404222,0.41601948895026003,77.69607843137256,0.7023536083745021,0.3358557495705715,0.5317249935063211,0.9397188564986607,0.5317249935063211,power,9.590655326843262,10.981574058532715,11.51212215423584,0.0019230295438319445,0.00012848190087943882,20.0,0.3484655172413793
femnist,randk,167,0.35,141477,404222,0.4851648050453513,77.69607843137256,0.7085695453718597,0.33073560798372553,0.5317249935063211,0.9397188564986607,0.5317249935063211,power,9.55771255493164,11.041335105895996,12.727142333984375,0.0018651477294042706,0.00012165672914948893,20.0,0.3484655172413793
femnist,randk,168,0.35,141477,404222,0.43335508981719617,77.94117647058823,0.7076175166111366,0.352322888122842,0.5317249935063211,0.9397188564986607,0.5317249935063211,power,9.627846717834473,11.288503646850586,12.270007133483887,0.0018848521867766976,0.00013450754224725975,20.0,0.3484655172413793
femnist,randk,169,0.35,141477,404222,0.39874976390972733,78.67647058823529,0.7013428631950828,0.34365885121030637,0.5317249935063211,0.9397188564986607,0.5317249935063211,power,9.566519737243652,11.148224830627441,11.518021583557129,0.0019094827584922314,0.00012729644010779282,20.0,0.3484655172413793
femnist,randk,170,0.35,141477,404222,0.44395127679221336,79.16666666666667,0.7029547597847733,0.33766009383116147,0.5317249935063211,0.9397188564986607,0.5317249935063211,power,9.569950103759766,11.552257537841797,11.804455757141113,0.0018682265654206276,0.0001255577508626673,20.0,0.3484655172413793
femnist,randk,171,0.35,141477,404222,0.371653638673015,79.41176470588235,0.6994293063294654,0.3102159639449983,0.5317249935063211,0.9397188564986607,0.5317249935063211,power,9.618962287902832,11.355993270874023,11.422563552856445,0.001945197000168264,0.00013693826157263648,20.0,0.3484655172413793
femnist,randk,172,0.35,141477,404222,0.4080148156452924,78.92156862745098,0.700710371428845,0.3368159608664626,0.5317249935063211,0.9397188564986607,0.5317249935063211,power,9.586670875549316,11.092826843261719,11.4563570022583,0.0019211822655051947,0.0001286850600106141,20.0,0.3484655172413793
femnist,randk,173,0.35,141477,404222,0.561987629737705,78.43137254901961,0.7008771709367341,0.3846668202827478,0.5317249935063211,0.9397188564986607,0.5317249935063211,power,9.589966773986816,11.186346054077148,11.398993492126465,0.001920566544868052,0.0001275781812201325,20.0,0.3484655172413793
femnist,randk,174,0.35,141477,404222,0.47344500144012275,78.43137254901961,0.7013133927887562,0.3825748320852881,0.5317249935063211,0.9397188564986607,0.5317249935063211,power,9.590770721435547,11.242924690246582,11.41853141784668,0.0019365763291716576,0.000133101563693366,20.0,0.3484655172413793
femnist,randk,175,0.35,141477,404222,0.40212187456898396,78.43137254901961,0.6974342196595436,0.37019203858145594,0.5317249935063211,0.9397188564986607,0.5317249935063211,power,9.584352493286133,11.14691162109375,11.720268249511719,0.0018996305298060179,0.00012854232114935756,20.0,0.3484655172413793
femnist,randk,176,0.35,141477,404222,0.38125341290608056,78.67647058823529,0.6941209680893842,0.3711678085556621,0.5317249935063211,0.9397188564986607,0.5317249935063211,power,9.50246810913086,10.837360382080078,11.077600479125977,0.001878078794106841,0.00011100077389712248,20.0,0.3484655172413793
femnist,randk,177,0.35,141477,404222,0.3469055035803468,77.94117647058823,0.692566291958678,0.3318463760538337,0.5317249935063211,0.9397188564986607,0.5317249935063211,power,9.527301788330078,11.101178169250488,11.328914642333984,0.001903940923511982,0.00011578279045696144,20.0,0.3484655172413793
femnist,randk,178,0.35,141477,404222,0.3597776767378673,77.20588235294117,0.6947728325338924,0.40576008465544655,0.5317249935063211,0.9397188564986607,0.5317249935063211,power,9.549904823303223,11.311429977416992,11.950868606567383,0.0019864533096551895,0.00012564584989900937,20.0,0.3484655172413793
femnist,randk,179,0.35,141477,404222,0.3663343909732065,77.45098039215686,0.6951898313036152,0.3450459668520015,0.5317249935063211,0.9397188564986607,0.5317249935063211,power,9.542424201965332,11.573607444763184,12.013080596923828,0.0018743842374533415,0.00012455609115406458,20.0,0.3484655172413793
femnist,randk,180,0.35,141477,404222,0.4134328926727175,77.69607843137256,0.6942063125909543,0.3653686015238309,0.5317249935063211,0.9397188564986607,0.5317249935063211,power,9.52865982055664,11.315485000610352,11.536930084228516,0.0018460591090843081,0.0001177101530917409,20.0,0.3484655172413793
femnist,randk,181,0.35,141477,404222,0.40966038784012193,77.94117647058823,0.6876213971306296,0.3213952639073838,0.5317249935063211,0.9397188564986607,0.5317249935063211,power,9.616817474365234,11.298303604125977,12.06277084350586,0.0019741379655897617,0.00013497859680223944,20.0,0.3484655172413793
femnist,randk,182,0.35,141477,404222,0.3764789125416428,78.18627450980392,0.683137482287837,0.39848607853151274,0.5317249935063211,0.9397188564986607,0.5317249935063211,power,9.557000160217285,11.118697166442871,11.617246627807617,0.0019230295438319445,0.0001223127428540953,20.0,0.3484655172413793
femnist,randk,183,0.35,141477,404222,0.36147298667114236,78.43137254901961,0.6841334174661076,0.41034655863513436,0.5317249935063211,0.9397188564986607,0.5317249935063211,power,9.566388130187988,10.921570777893066,11.393547058105469,0.0019883005879819393,0.00012617446800652752,20.0,0.3484655172413793
femnist,randk,184,0.35,141477,404222,0.37107355080079285,78.67647058823529,0.687124065324372,0.3404145281438211,0.5317249935063211,0.9397188564986607,0.5317249935063211,power,9.482941627502441,11.074712753295898,11.53327465057373,0.0018343596020713449,0.00011264745798089243,20.0,0.3484655172413793
femnist,randk,185,0.35,141477,404222,0.5651541018194985,78.18627450980392,0.690921334659352,0.382918160164327,0.5317249935063211,0.9397188564986607,0.5317249935063211,power,9.528939247131348,11.145551681518555,11.291324615478516,0.0019304187735542655,0.00011791932392193709,20.0,0.3484655172413793
femnist,randk,186,0.35,141477,404222,0.4267365137953312,78.67647058823529,0.6927464803059896,0.3566128047072863,0.5317249935063211,0.9397188564986607,0.5317249935063211,power,9.670007705688477,11.289306640625,11.572877883911133,0.0019870689138770103,0.00014222124827585237,20.0,0.3484655172413793
femnist,randk,187,0.35,141477,404222,0.3493465605098754,77.94117647058823,0.6864888808306526,0.3940223313858412,0.5317249935063211,0.9397188564986607,0.5317249935063211,power,9.520365715026855,11.073782920837402,12.059220314025879,0.001871921238489449,0.00011334548364767992,20.0,0.3484655172413793
femnist,randk,188,0.35,141477,404222,0.6871434412710368,78.18627450980392,0.6920313367656633,0.3394073045830162,0.5317249935063211,0.9397188564986607,0.5317249935063211,power,9.45672607421875,11.119271278381348,11.540961265563965,0.0018288177670910954,0.00011102435094612245,20.0,0.3484655172413793
femnist,randk,189,0.35,141477,404222,0.37994559275452044,78.43137254901961,0.6909374162262562,0.35980178697709503,0.5317249935063211,0.9397188564986607,0.5317249935063211,power,9.563051223754883,10.935707092285156,11.427759170532227,0.001916256151162088,0.00011947142083218419,20.0,0.3484655172413793
femnist,randk,190,0.35,141477,404222,0.39433474097400906,78.43137254901961,0.6842866785386029,0.32527035756574196,0.5317249935063211,0.9397188564986607,0.5317249935063211,power,9.542047500610352,11.0790433883667,11.516361236572266,0.0018565270584076643,0.00011653418494957157,20.0,0.3484655172413793
femnist,randk,191,0.35,141477,404222,0.36695913851261147,78.67647058823529,0.6824191224341299,0.33101214223090614,0.5317249935063211,0.9397188564986607,0.5317249935063211,power,9.534724235534668,11.113567352294922,11.328189849853516,0.001949507393874228,0.00012453235660274953,20.0,0.3484655172413793
femnist,randk,192,0.35,141477,404222,0.3486953499994706,78.18627450980392,0.6783878102022058,0.36997714556426986,0.5317249935063211,0.9397188564986607,0.5317249935063211,power,9.573029518127441,10.85324764251709,11.875917434692383,0.0019224138231948018,0.00012167183132561758,20.0,0.3484655172413793
femnist,randk,193,0.35,141477,404222,0.3413896566728362,78.43137254901961,0.6727575414321002,0.3215167235514146,0.5317249935063211,0.9397188564986607,0.5317249935063211,power,9.582719802856445,11.345956802368164,12.005046844482422,0.001916256151162088,0.00012272265878589568,20.0,0.3484655172413793
femnist,randk,194,0.35,141477,404222,0.397148204818368,78.43137254901961,0.6760501487582338,0.3714249515314739,0.5317249935063211,0.9397188564986607,0.5317249935063211,power,9.57618236541748,11.220122337341309,11.96245002746582,0.0019378078868612647,0.00012279707516721746,20.0,0.3484655172413793
femnist,randk,195,0.35,141477,404222,0.4188480481412261,78.43137254901961,0.6812421761307061,0.3221106561190291,0.5317249935063211,0.9397188564986607,0.5317249935063211,power,9.653804779052734,11.279955863952637,11.552658081054688,0.001910098479129374,0.0001370169216806262,20.0,0.3484655172413793
femnist,randk,196,0.35,141477,404222,0.32576217466033996,77.45098039215686,0.6813896029603248,0.3334584581781217,0.5317249935063211,0.9397188564986607,0.5317249935063211,power,9.551405906677246,10.979291915893555,11.686592102050781,0.0018903941381722689,0.00012335634095826027,20.0,0.3484655172413793
femnist,randk,197,0.35,141477,404222,0.3263569352775812,77.94117647058823,0.6785534129423254,0.3530181719925613,0.5317249935063211,0.9397188564986607,0.5317249935063211,power,9.61697769165039,11.242987632751465,11.389387130737305,0.0020461822859942913,0.00013764126117142125,20.0,0.3484655172413793
femnist,randk,198,0.35,141477,404222,0.33305882548214866,77.94117647058823,0.6749463548847273,0.3064104577717846,0.5317249935063211,0.9397188564986607,0.5317249935063211,power,9.595874786376953,11.066058158874512,12.664339065551758,0.0018663792870938778,0.00012590474923886835,20.0,0.3484655172413793
femnist,randk,199,0.35,141477,404222,0.3184044694527983,78.43137254901961,0.6723751741297105,0.3710366770465585,0.5317249935063211,0.9397188564986607,0.5317249935063211,power,9.623190879821777,10.965537071228027,11.215581893920898,0.002019088715314865,0.00013732114140749805,20.0,0.3484655172413793
femnist,randk,200,0.35,141477,404222,0.36347615007078277,77.69607843137256,0.668879041484758,0.3129370397075505,0.5317249935063211,0.9397188564986607,0.5317249935063211,power,9.542647361755371,11.078544616699219,11.614898681640625,0.0018793103517964482,0.00011780976298610282,20.0,0.3484655172413793
