dataset,method,round,ratio,k,d,train_loss,test_accuracy,test_loss,retained_energy,b_power,b_privacy,b_star,regime,papr_mean_db,papr_p99_db,papr_max_db,clip_sample_ratio,normalized_clip_energy,u_active_mean,active_resource_ratio
femnist,topk,1,0.2,80844,404222,3.954741446971893,11.178861788617887,3.821134241615854,0.9366910404437763,0.7034060493475798,1.2431311983067246,0.7034060493475798,power,9.564133644104004,11.069934844970703,11.199989318847656,0.0019433497218415141,0.0001236271291334511,7.08669900894165,0.5619630541871922
femnist,topk,2,0.2,80844,404222,3.782123589515686,16.056910569105693,3.7182403812563516,0.9178276667667253,0.7034060493475798,1.2431311983067246,0.7034060493475798,power,9.579450607299805,11.44167423248291,11.8906888961792,0.0019261083798483014,0.0001294807993093035,6.452009201049805,0.617243842364532
femnist,topk,3,0.2,80844,404222,3.6682567429542545,20.121951219512194,3.5676954315929876,0.90688712063307,0.7034060493475798,1.2431311983067246,0.7034060493475798,power,9.601550102233887,11.509306907653809,11.881597518920898,0.0018300492083653808,0.00012980480684271638,6.247821807861328,0.6374162561576354
femnist,topk,4,0.2,80844,404222,3.581692011356354,23.170731707317074,3.5223934514735773,0.8983203572998427,0.7034060493475798,1.2431311983067246,0.7034060493475798,power,9.534507751464844,10.935338973999023,10.96731185913086,0.0018546797800809145,0.00011287025267111794,6.226120948791504,0.6396379310344827
femnist,topk,5,0.2,80844,404222,3.5311043143272394,31.910569105691057,3.3854682736280486,0.8911606267961554,0.7034060493475798,1.2431311983067246,0.7034060493475798,power,9.574074745178223,11.29005241394043,11.515588760375977,0.0019088670378550887,0.00012531863859202675,6.126169681549072,0.6500738916256158
femnist,topk,6,0.2,80844,404222,3.44456843495369,32.31707317073171,3.3015082134463922,0.8845388816364798,0.7034060493475798,1.2431311983067246,0.7034060493475798,power,9.59733772277832,11.062104225158691,11.319976806640625,0.0020067733712494373,0.00013262515119119364,6.020016193389893,0.6615369458128079
femnist,topk,7,0.2,80844,404222,3.296346834897995,36.17886178861789,3.1366582110645327,0.8632656541261176,0.7034060493475798,1.2431311983067246,0.7034060493475798,power,9.58491325378418,10.984440803527832,11.169559478759766,0.001945197000168264,0.00012371448400603363,5.843630790710449,0.6815049261083744
femnist,topk,8,0.2,80844,404222,3.33959014415741,32.113821138211385,3.1153777828061484,0.8706908920564889,0.7034060493475798,1.2431311983067246,0.7034060493475798,power,9.56531047821045,11.082098960876465,11.893251419067383,0.0018953202525153756,0.00012824081118542182,5.846757888793945,0.68114039408867
femnist,topk,9,0.2,80844,404222,3.2390791821479796,35.36585365853659,2.994128219480437,0.8615610507949842,0.7034060493475798,1.2431311983067246,0.7034060493475798,power,9.553467750549316,11.11184024810791,11.216970443725586,0.0019150245934724808,0.00011587522060227471,5.706943988800049,0.6978275862068966
femnist,topk,10,0.2,80844,404222,3.099353719949722,40.040650406504064,2.873542847672129,0.8533958629175645,0.7034060493475798,1.2431311983067246,0.7034060493475798,power,9.618062973022461,11.583358764648438,11.739673614501953,0.001952586229890585,0.00012732112803200002,5.627140522003174,0.7077241379310345
femnist,topk,11,0.2,80844,404222,3.0075049829483036,47.5609756097561,2.757770817454268,0.8487386490505561,0.7034060493475798,1.2431311983067246,0.7034060493475798,power,9.591752052307129,11.114507675170898,11.268312454223633,0.0019513546722009778,0.000127167896651495,5.616702079772949,0.7090394088669951
femnist,topk,12,0.2,80844,404222,2.9206624317169187,41.46341463414634,2.6802889195884148,0.8534238429049896,0.7034060493475798,1.2431311983067246,0.7034060493475798,power,9.588250160217285,11.36815357208252,12.104596138000488,0.0019427340012043715,0.0001336634212303365,5.576544284820557,0.7141453201970444
femnist,topk,13,0.2,80844,404222,2.8053032040596007,46.54471544715447,2.5296176817358993,0.8378697529449326,0.7034060493475798,1.2431311983067246,0.7034060493475798,power,9.557295799255371,11.243608474731445,11.706265449523926,0.0019242611015215516,0.00012437969247101462,5.478293418884277,0.7269532019704433
femnist,topk,14,0.2,80844,404222,2.7775575417280196,49.1869918699187,2.4272312071265243,0.8374740564693932,0.7034060493475798,1.2431311983067246,0.7034060493475798,power,9.527697563171387,11.103144645690918,11.524862289428711,0.001881157630123198,0.00011681943780198381,5.442775726318359,0.7316970443349754
femnist,topk,15,0.2,80844,404222,2.6154115098714827,52.84552845528455,2.3197279519181913,0.8388974153459923,0.7034060493475798,1.2431311983067246,0.7034060493475798,power,9.49985408782959,10.803973197937012,10.879794120788574,0.0018091133097186685,0.00011032773906580866,5.461712837219238,0.7291600985221675
femnist,topk,16,0.2,80844,404222,2.586085377931595,47.764227642276424,2.2716838557545733,0.8334447611124485,0.7034060493475798,1.2431311983067246,0.7034060493475798,power,9.62954044342041,11.361515998840332,12.921844482421875,0.0019513546722009778,0.00013738179636392376,5.402909278869629,0.7370960591133005
femnist,topk,17,0.2,80844,404222,2.483537572026253,51.422764227642276,2.209797928972942,0.8295366163860077,0.7034060493475798,1.2431311983067246,0.7034060493475798,power,9.598715782165527,11.241705894470215,11.922783851623535,0.0019248768221586943,0.00012753941942740958,5.35869836807251,0.7431773399014778
femnist,topk,18,0.2,80844,404222,2.4020231482386594,53.45528455284553,2.074713730230564,0.8264525292247613,0.7034060493475798,1.2431311983067246,0.7034060493475798,power,9.610684394836426,11.253617286682129,11.815348625183105,0.0019082512008026242,0.00012847979435897956,5.278108596801758,0.7545246305418719
femnist,topk,19,0.2,80844,404222,2.2044379043579108,55.6910569105691,1.974799179449314,0.8082453377572392,0.7034060493475798,1.2431311983067246,0.7034060493475798,power,9.5555419921875,11.291778564453125,11.664213180541992,0.0018546797800809145,0.00012129504946686395,5.174827575683594,0.7695837438423645
femnist,topk,20,0.2,80844,404222,2.284557982683182,56.300813008130085,1.898697395634845,0.8222632514650048,0.7034060493475798,1.2431311983067246,0.7034060493475798,power,9.465531349182129,10.95462703704834,11.303009986877441,0.0018928571371361613,0.00011015362637193704,5.2508721351623535,0.7584384236453202
femnist,topk,21,0.2,80844,404222,2.192040872722864,56.300813008130085,1.8786469746411332,0.8185829867142453,0.7034060493475798,1.2431311983067246,0.7034060493475798,power,9.571186065673828,11.249040603637695,11.95645809173584,0.0019279556581750512,0.00012920840556923825,5.195496082305908,0.7665221674876848
femnist,topk,22,0.2,80844,404222,2.0367065247893335,57.72357723577236,1.7789409606437372,0.8090173573429814,0.7034060493475798,1.2431311983067246,0.7034060493475798,power,9.49450397491455,10.906904220581055,11.663473129272461,0.0017524630529806018,0.00010671704267109414,5.109917163848877,0.77935960591133
femnist,topk,23,0.2,80844,404222,2.017214032113552,56.91056910569106,1.7673864597227515,0.8146376794630333,0.7034060493475798,1.2431311983067246,0.7034060493475798,power,9.524947166442871,10.985297203063965,11.12179946899414,0.0018602217314764857,0.00011845134845982672,5.15869665145874,0.7719901477832513
femnist,topk,24,0.2,80844,404222,1.9798987472057346,60.16260162601626,1.6817630674780868,0.8167725327132898,0.7034060493475798,1.2431311983067246,0.7034060493475798,power,9.568163871765137,11.156792640686035,11.47881031036377,0.0018996305298060179,0.0001226042506249545,5.164381504058838,0.77114039408867
femnist,topk,25,0.2,80844,404222,1.89242419809103,61.78861788617886,1.6061949691152184,0.7996783484968492,0.7034060493475798,1.2431311983067246,0.7034060493475798,power,9.599479675292969,10.896586418151855,11.030721664428711,0.0018990148091688752,0.0001309808176459284,5.018794536590576,0.7935098522167487
femnist,topk,26,0.2,80844,404222,1.9064426046609886,63.41463414634146,1.5579174010734247,0.808202053675861,0.7034060493475798,1.2431311983067246,0.7034060493475798,power,9.514223098754883,11.178261756896973,11.229923248291016,0.0019125615945085883,0.00011916135187202402,5.067858695983887,0.7858275862068965
femnist,topk,27,0.2,80844,404222,1.8000094109773634,64.22764227642277,1.501928686126461,0.8046140166805149,0.7034060493475798,1.2431311983067246,0.7034060493475798,power,9.569978713989258,11.089064598083496,11.264810562133789,0.0019125615945085883,0.00012306307268769017,5.046867370605469,0.7890960591133005
femnist,topk,28,0.2,80844,404222,1.8262695387005803,60.36585365853659,1.5710139080760925,0.8109631036945141,0.7034060493475798,1.2431311983067246,0.7034060493475798,power,9.599613189697266,11.291598320007324,11.509861946105957,0.0019667488522827625,0.00013456949675431413,5.091348648071289,0.7822019704433497
femnist,topk,29,0.2,80844,404222,1.6786701010167597,63.82113821138211,1.4757694151343368,0.8016445525811161,0.7034060493475798,1.2431311983067246,0.7034060493475798,power,9.708529472351074,11.312017440795898,11.743270874023438,0.0019144088728353381,0.0001458316024150159,4.981667995452881,0.799423645320197
femnist,topk,30,0.2,80844,404222,1.6157835477590563,65.44715447154472,1.405224807863313,0.8019214899543762,0.7034060493475798,1.2431311983067246,0.7034060493475798,power,9.585280418395996,11.335331916809082,11.48658275604248,0.0019488916732370853,0.0001328941896743715,4.995859622955322,0.7971527093596059
femnist,topk,31,0.2,80844,404222,1.5968381392210724,67.27642276422765,1.3457386047859503,0.7903773375026233,0.7034060493475798,1.2431311983067246,0.7034060493475798,power,9.535161972045898,11.036964416503906,11.76484489440918,0.0019020936451852322,0.00011961129319504903,4.8994879722595215,0.812832512315271
femnist,topk,32,0.2,80844,404222,1.56245300039649,66.46341463414635,1.3253795344655106,0.7961673053767029,0.7034060493475798,1.2431311983067246,0.7034060493475798,power,9.55490493774414,11.186050415039062,11.797436714172363,0.0019310344941914082,0.0001270583822178547,4.944087982177734,0.8055
femnist,topk,33,0.2,80844,404222,1.4906528493762017,68.29268292682927,1.2781343537617504,0.8015232143422519,0.7034060493475798,1.2431311983067246,0.7034060493475798,power,9.583581924438477,11.152778625488281,11.573211669921875,0.0019279556581750512,0.00012461420819662053,4.967464923858643,0.8017093596059113
femnist,topk,34,0.2,80844,404222,1.5330665238201617,69.10569105691057,1.247108521500254,0.7969251735206176,0.7034060493475798,1.2431311983067246,0.7034060493475798,power,9.683886528015137,11.416110038757324,11.917200088500977,0.0020246305502951145,0.0001423467977814927,4.941776275634766,0.8058768472906404
femnist,topk,35,0.2,80844,404222,1.4208130716532468,69.71544715447155,1.2175511305894309,0.7958631304183066,0.7034060493475798,1.2431311983067246,0.7034060493475798,power,9.570326805114746,10.982170104980469,11.125060081481934,0.0019236452644690871,0.00012598058230750068,4.921754360198975,0.8091551724137931
femnist,topk,36,0.2,80844,404222,1.3031066989153623,70.9349593495935,1.1577116183149136,0.7936516521037421,0.7034060493475798,1.2431311983067246,0.7034060493475798,power,9.658552169799805,11.302258491516113,12.290502548217773,0.0018916255794465542,0.0001423235611372345,4.9241228103637695,0.8087660098522167
femnist,topk,37,0.2,80844,404222,1.2987733660638334,70.32520325203252,1.1423935308689024,0.7813118287428202,0.7034060493475798,1.2431311983067246,0.7034060493475798,power,9.640412330627441,11.113016128540039,11.340985298156738,0.001977216685190797,0.00014230259729092274,4.7988600730896,0.8298768472906404
femnist,topk,38,0.2,80844,404222,1.3543996459245682,71.7479674796748,1.1460534072503812,0.8008976242204696,0.7034060493475798,1.2431311983067246,0.7034060493475798,power,9.615758895874023,10.864533424377441,11.41895866394043,0.0019839901942759752,0.00013280228202674756,4.974801063537598,0.8005270935960591
femnist,topk,39,0.2,80844,404222,1.268672307394445,71.54471544715447,1.1133044483215828,0.7919374536753429,0.7034060493475798,1.2431311983067246,0.7034060493475798,power,9.575339317321777,11.138583183288574,11.280195236206055,0.0019211822655051947,0.00012800688752672242,4.893290042877197,0.8138620689655173
femnist,topk,40,0.2,80844,404222,1.2738170701079072,72.35772357723577,1.0752343898866235,0.794495356241163,0.7034060493475798,1.2431311983067246,0.7034060493475798,power,9.487159729003906,10.834187507629395,11.795244216918945,0.001913177315145731,0.00010973909654159034,4.9104838371276855,0.811012315270936
femnist,topk,41,0.2,80844,404222,1.313439391348511,71.95121951219512,1.0829698516101371,0.7986678427815448,0.7034060493475798,1.2431311983067246,0.7034060493475798,power,9.538094520568848,11.130911827087402,11.635302543640137,0.0019230295438319445,0.00012327883346479075,4.937007904052734,0.8066551724137931
femnist,topk,42,0.2,80844,404222,1.2744797855243089,73.78048780487805,1.051378575766959,0.7974591949232026,0.7034060493475798,1.2431311983067246,0.7034060493475798,power,9.578204154968262,11.562232971191406,11.739907264709473,0.0019291872158646584,0.00012133727750378641,4.913886547088623,0.8104507389162562
femnist,topk,43,0.2,80844,404222,1.164322823137045,74.79674796747967,1.0153759591947726,0.7752825226147557,0.7034060493475798,1.2431311983067246,0.7034060493475798,power,9.523463249206543,11.215831756591797,11.253418922424316,0.001832512323744595,0.00011634193657463401,4.764595985412598,0.8358448275862069
femnist,topk,44,0.2,80844,404222,1.2835586599819364,73.98373983739837,1.0083783157472688,0.7969209706731458,0.7034060493475798,1.2431311983067246,0.7034060493475798,power,9.59684944152832,11.065869331359863,11.482996940612793,0.0018460591090843081,0.00012264952448997154,4.91415548324585,0.8104064039408867
femnist,topk,45,0.2,80844,404222,1.202193417530507,74.79674796747967,1.010133200544652,0.7923311057864766,0.7034060493475798,1.2431311983067246,0.7034060493475798,power,9.664329528808594,11.19194221496582,12.04726791381836,0.001970443408936262,0.00014101127086749575,4.846602916717529,0.8217019704433498
femnist,topk,46,0.2,80844,404222,1.173699858561158,74.39024390243902,0.985811000917016,0.7871546581655824,0.7034060493475798,1.2431311983067246,0.7034060493475798,power,9.609312057495117,11.200088500976562,11.642151832580566,0.001884236466139555,0.0001221104227543239,4.799572467803955,0.8297536945812808
femnist,topk,47,0.2,80844,404222,1.1871888532303272,75.0,0.9687051540467797,0.7937788265259853,0.7034060493475798,1.2431311983067246,0.7034060493475798,power,9.56821060180664,10.893341064453125,11.346221923828125,0.001932881772518158,0.00012105898541237223,4.890640735626221,0.8143029556650246
femnist,topk,48,0.2,80844,404222,1.1215792182274162,76.21951219512195,0.9486257661648883,0.7980933791297898,0.7034060493475798,1.2431311983067246,0.7034060493475798,power,9.632831573486328,10.977394104003906,11.148872375488281,0.001984605798497796,0.00013425562212096556,4.920256614685059,0.8094014778325123
femnist,topk,49,0.2,80844,404222,1.0590458891075105,76.6260162601626,0.929355156130907,0.7737822509652232,0.7034060493475798,1.2431311983067246,0.7034060493475798,power,9.594841003417969,11.134644508361816,11.370199203491211,0.0019273399375379086,0.0001275861521060725,4.740999698638916,0.8400049261083744
femnist,topk,50,0.2,80844,404222,1.1667438294552266,75.8130081300813,0.9246240631351627,0.7956337991720679,0.7034060493475798,1.2431311983067246,0.7034060493475798,power,9.554952621459961,11.343539237976074,11.822685241699219,0.001945197000168264,0.0001226808526392523,4.903068542480469,0.8122389162561576
femnist,topk,51,0.2,80844,404222,1.1191725864447655,75.40650406504065,0.9212172593527693,0.7933828839252051,0.7034060493475798,1.2431311983067246,0.7034060493475798,power,9.569111824035645,11.564742088317871,12.718510627746582,0.0019285713788121939,0.0001296237056823272,4.807349681854248,0.828411330049261
femnist,topk,52,0.2,80844,404222,1.0483101449534298,76.6260162601626,0.8928488134368648,0.7858342417575439,0.7034060493475798,1.2431311983067246,0.7034060493475798,power,9.533947944641113,11.291686058044434,11.427163124084473,0.0018786946311593056,0.00011643401897155554,4.786529064178467,0.8320147783251232
femnist,topk,53,0.2,80844,404222,0.9354898289404808,76.21951219512195,0.8757559923621697,0.781157426340014,0.7034060493475798,1.2431311983067246,0.7034060493475798,power,9.63138484954834,11.343313217163086,11.632147789001465,0.0019365763291716576,0.00013646489231845511,4.736583232879639,0.8407881773399015
femnist,topk,54,0.2,80844,404222,0.9835962515138089,77.23577235772358,0.8603189359835492,0.7884597472302403,0.7034060493475798,1.2431311983067246,0.7034060493475798,power,9.551082611083984,10.984720230102539,11.379517555236816,0.0018854680238291621,0.0001213297437328041,4.832869529724121,0.8240369458128078
femnist,topk,55,0.2,80844,404222,1.017681264355779,77.4390243902439,0.8613367468360963,0.7818304099957745,0.7034060493475798,1.2431311983067246,0.7034060493475798,power,9.559263229370117,11.05793285369873,11.167210578918457,0.0019378078868612647,0.00012012848189715486,4.736014366149902,0.8408891625615763
femnist,topk,56,0.2,80844,404222,1.0968890820629897,76.82926829268293,0.859212673776518,0.7975865747050153,0.7034060493475798,1.2431311983067246,0.7034060493475798,power,9.542902946472168,11.283092498779297,11.559611320495605,0.0018528325017541647,0.00011946063985435126,4.863337993621826,0.8188743842364532
femnist,topk,57,0.2,80844,404222,0.9488994547538459,78.04878048780488,0.8360516307799797,0.7909435864000811,0.7034060493475798,1.2431311983067246,0.7034060493475798,power,9.6303071975708,10.897807121276855,11.644978523254395,0.0019347290508449078,0.00013087428542282606,4.820995807647705,0.8260665024630542
femnist,topk,58,0.2,80844,404222,0.9653778085857629,77.84552845528455,0.8267086618314914,0.7844189412665705,0.7034060493475798,1.2431311983067246,0.7034060493475798,power,9.58313274383545,11.590669631958008,12.481100082397461,0.0019747538026422262,0.00013660000216023262,4.7809529304504395,0.8329852216748769
femnist,topk,59,0.2,80844,404222,0.9543612972786649,78.2520325203252,0.8272069915523373,0.7958474574505634,0.7034060493475798,1.2431311983067246,0.7034060493475798,power,9.660970687866211,11.332575798034668,11.64639949798584,0.0019045566441491246,0.0001423161478810857,4.837467670440674,0.8232536945812808
femnist,topk,60,0.2,80844,404222,0.8915920162945985,78.45528455284553,0.8289953712525406,0.7961853248601215,0.7034060493475798,1.2431311983067246,0.7034060493475798,power,9.520720481872559,10.88632869720459,11.158597946166992,0.0018472906667739153,0.00011165898371688045,4.843278408050537,0.8222660098522168
femnist,topk,61,0.2,80844,404222,0.8891732718609274,78.65853658536585,0.7905349111169334,0.7733727580258172,0.7034060493475798,1.2431311983067246,0.7034060493475798,power,9.61632251739502,10.996376991271973,11.520482063293457,0.0019248768221586943,0.00012707243264166042,4.676172256469727,0.8516502463054187
femnist,topk,62,0.2,80844,404222,0.9813998275250195,77.4390243902439,0.7985641355436992,0.7929087792011589,0.7034060493475798,1.2431311983067246,0.7034060493475798,power,9.60460376739502,11.110326766967773,11.180488586425781,0.0019113300368189812,0.00012463945699975858,4.830487251281738,0.8244433497536946
femnist,topk,63,0.2,80844,404222,0.876658305078745,78.2520325203252,0.7825377549582381,0.7828535932338598,0.7034060493475798,1.2431311983067246,0.7034060493475798,power,9.621525764465332,11.19534969329834,12.051019668579102,0.0019273399375379086,0.00013144542974289928,4.7647786140441895,0.8358128078817734
femnist,topk,64,0.2,80844,404222,0.9012839959934353,78.86178861788618,0.7781406805767277,0.7901169039262789,0.7034060493475798,1.2431311983067246,0.7034060493475798,power,9.633651733398438,11.6708345413208,12.090954780578613,0.0019304187735542655,0.00013144951047114467,4.810553550720215,0.82785960591133
femnist,topk,65,0.2,80844,404222,0.9758068345952781,78.65853658536585,0.7760528316342734,0.7918065897802656,0.7034060493475798,1.2431311983067246,0.7034060493475798,power,9.553215026855469,10.82938003540039,10.980611801147461,0.0018048029160127044,0.00011794664129161755,4.800883769989014,0.8295270935960591
femnist,topk,66,0.2,80844,404222,0.9172574589028955,79.26829268292683,0.7601329524342607,0.7919243255953268,0.7034060493475798,1.2431311983067246,0.7034060493475798,power,9.512929916381836,11.015146255493164,11.912490844726562,0.0018799260724335909,0.00011888579392816714,4.778607368469238,0.8333940886699508
femnist,topk,67,0.2,80844,404222,0.8345854255743325,78.86178861788618,0.7487922606429434,0.7742455498103088,0.7034060493475798,1.2431311983067246,0.7034060493475798,power,9.545185089111328,11.350414276123047,11.505728721618652,0.0019353447714820504,0.00012354346185921243,4.711216449737549,0.8453152709359606
femnist,topk,68,0.2,80844,404222,0.8605226715188474,79.0650406504065,0.7473756123364457,0.7909545676374812,0.7034060493475798,1.2431311983067246,0.7034060493475798,power,9.6034517288208,11.08230209350586,11.309088706970215,0.0019082512008026242,0.00012935057342430774,4.829376220703125,0.8246330049261084
femnist,topk,69,0.2,80844,404222,0.8468534713424744,78.65853658536585,0.7364025581173781,0.7906715312937986,0.7034060493475798,1.2431311983067246,0.7034060493475798,power,9.581130981445312,11.35922908782959,12.221159934997559,0.0019673644565045834,0.00013431775860699765,4.799558162689209,0.829756157635468
femnist,topk,70,0.2,80844,404222,0.8367085978016258,79.0650406504065,0.7327939785592924,0.7870917644529316,0.7034060493475798,1.2431311983067246,0.7034060493475798,power,9.513581275939941,11.34214973449707,11.881420135498047,0.001828201930038631,0.00011361713826765039,4.803807735443115,0.8290221674876848
femnist,topk,71,0.2,80844,404222,0.8275398695468903,77.64227642276423,0.7388950751079777,0.7865157906848989,0.7034060493475798,1.2431311983067246,0.7034060493475798,power,9.610718727111816,11.09711742401123,11.410177230834961,0.0019501231145113707,0.00013031361838011977,4.796497344970703,0.8302857142857143
femnist,topk,72,0.2,80844,404222,0.7345804501883685,79.0650406504065,0.717182190437627,0.7889058307838497,0.7034060493475798,1.2431311983067246,0.7034060493475798,power,9.54342269897461,11.068558692932129,11.543421745300293,0.001841748715378344,0.00012322617888364847,4.781419277191162,0.8329039408866995
femnist,topk,73,0.2,80844,404222,0.7794464243203401,79.26829268292683,0.7120172143951664,0.7776958728292847,0.7034060493475798,1.2431311983067246,0.7034060493475798,power,9.595772743225098,11.06657600402832,11.365628242492676,0.001969211734831333,0.0001312074604433864,4.722499847412109,0.8432955665024631
femnist,topk,74,0.2,80844,404222,0.9099623178970069,79.47154471544715,0.7219467783361916,0.7961422582728883,0.7034060493475798,1.2431311983067246,0.7034060493475798,power,9.520155906677246,11.197057723999023,12.115069389343262,0.0019107143161818385,0.00012317457434388144,4.8449907302856445,0.8219753694581281
femnist,topk,75,0.2,80844,404222,0.7921833382640033,79.47154471544715,0.7023073522056021,0.7906220315981709,0.7034060493475798,1.2431311983067246,0.7034060493475798,power,9.552507400512695,11.031828880310059,11.60151481628418,0.0018756157951429486,0.00011725185897899388,4.788372039794922,0.8316945812807882
femnist,topk,76,0.2,80844,404222,0.7722897423058749,81.09756097560975,0.7007195077291349,0.7839509957746473,0.7034060493475798,1.2431311983067246,0.7034060493475798,power,9.591150283813477,11.303747177124023,11.422954559326172,0.0019759852439165115,0.00013012817522229872,4.763810157775879,0.8359827586206896
femnist,topk,77,0.2,80844,404222,0.7650875601917505,81.30081300813008,0.6914623229484248,0.7934937659365124,0.7034060493475798,1.2431311983067246,0.7034060493475798,power,9.630059242248535,11.329111099243164,11.64754867553711,0.0019291872158646584,0.00013507790118437262,4.821354866027832,0.8260049261083744
femnist,topk,78,0.2,80844,404222,0.6714314870908857,78.45528455284553,0.6966844264084731,0.7861983979237419,0.7034060493475798,1.2431311983067246,0.7034060493475798,power,9.616232872009277,11.462637901306152,11.5016450881958,0.001984605798497796,0.0001396492702232033,4.734502792358398,0.8411576354679803
femnist,topk,79,0.2,80844,404222,0.7829851604439317,80.6910569105691,0.690357239265752,0.7870766697453253,0.7034060493475798,1.2431311983067246,0.7034060493475798,power,9.587225914001465,11.17933177947998,11.496965408325195,0.0018713054014369845,0.0001251987281901767,4.777689456939697,0.8335541871921183
femnist,topk,80,0.2,80844,404222,0.7954055108409375,80.48780487804878,0.6914488009321011,0.7915337011514064,0.7034060493475798,1.2431311983067246,0.7034060493475798,power,9.505046844482422,10.856059074401855,10.908390045166016,0.0018534482223913074,0.0001124815979605337,4.805749416351318,0.8286871921182266
femnist,topk,81,0.2,80844,404222,0.8174343858473003,80.6910569105691,0.6883100183998666,0.7962227954347255,0.7034060493475798,1.2431311983067246,0.7034060493475798,power,9.521519660949707,11.277278900146484,11.641986846923828,0.0018860837444663048,0.00012103749805193707,4.860706329345703,0.8193177339901477
femnist,topk,82,0.2,80844,404222,0.6990632687788457,81.09756097560975,0.6746152552162729,0.7829946909580707,0.7034060493475798,1.2431311983067246,0.7034060493475798,power,9.665695190429688,11.195170402526855,11.569609642028809,0.0019821429159492254,0.00014300862900624474,4.721989631652832,0.8433866995073892
femnist,topk,83,0.2,80844,404222,0.7794581538252532,79.26829268292683,0.6753617573559769,0.8024569146988831,0.7034060493475798,1.2431311983067246,0.7034060493475798,power,9.58583927154541,11.174813270568848,11.403050422668457,0.001900862087495625,0.0001271899431824698,4.844409942626953,0.8220738916256157
femnist,topk,84,0.2,80844,404222,0.7721326830517501,80.28455284552845,0.6805215230802211,0.7984612255343813,0.7034060493475798,1.2431311983067246,0.7034060493475798,power,9.460946083068848,10.980167388916016,11.477217674255371,0.0018540640594437718,0.00010358591877975604,4.809609413146973,0.8280221674876848
femnist,topk,85,0.2,80844,404222,0.6673316707741468,80.6910569105691,0.6575874390640879,0.7725495736295916,0.7034060493475798,1.2431311983067246,0.7034060493475798,power,9.632956504821777,11.259007453918457,11.40376091003418,0.0018669951241463423,0.00013304285058961214,4.648397445678711,0.8567389162561576
femnist,topk,86,0.2,80844,404222,0.7296209060214458,80.28455284552845,0.6645233650517658,0.7927042493707495,0.7034060493475798,1.2431311983067246,0.7034060493475798,power,9.590217590332031,10.94208812713623,11.678573608398438,0.0019211822655051947,0.0001287619563706561,4.796497344970703,0.8302857142857143
femnist,topk,87,0.2,80844,404222,0.7168210039846599,81.30081300813008,0.6555911428560086,0.7969050326699568,0.7034060493475798,1.2431311983067246,0.7034060493475798,power,9.497725486755371,10.931559562683105,11.52357292175293,0.001881157630123198,0.00011288722385312754,4.805321216583252,0.8287610837438424
femnist,topk,88,0.2,80844,404222,0.7055388138722629,81.70731707317073,0.6414716146825775,0.7780741502390552,0.7034060493475798,1.2431311983067246,0.7034060493475798,power,9.595128059387207,11.122928619384766,11.366943359375,0.0019119457574561238,0.00012515722429297206,4.705389499664307,0.8463620689655172
femnist,topk,89,0.2,80844,404222,0.767556351022795,80.48780487804878,0.6516167865536078,0.7940180289994966,0.7034060493475798,1.2431311983067246,0.7034060493475798,power,9.56470012664795,11.032395362854004,11.56373119354248,0.0019261083798483014,0.00012094175716668687,4.774613857269287,0.8340911330049261
femnist,topk,90,0.2,80844,404222,0.6733861044235527,81.91056910569105,0.6321310648104039,0.7952395429336446,0.7034060493475798,1.2431311983067246,0.7034060493475798,power,9.612406730651855,11.351908683776855,12.410725593566895,0.0019082512008026242,0.00012990276571369822,4.730900764465332,0.8417980295566503
femnist,topk,91,0.2,80844,404222,0.6928686953522265,81.70731707317073,0.6300739195288682,0.7721656510863627,0.7034060493475798,1.2431311983067246,0.7034060493475798,power,9.560375213623047,11.0159273147583,11.498394966125488,0.0019236452644690871,0.00012334122356538196,4.645806312561035,0.8572167487684729
femnist,topk,92,0.2,80844,404222,0.702468794574961,81.70731707317073,0.6276836860470656,0.7984714763382244,0.7034060493475798,1.2431311983067246,0.7034060493475798,power,9.557984352111816,11.034409523010254,11.495643615722656,0.001998152816668153,0.00012452775160334524,4.7938947677612305,0.8307364532019704
femnist,topk,93,0.2,80844,404222,0.6286102592479438,82.72357723577235,0.6258245948853531,0.7867368026174142,0.7034060493475798,1.2431311983067246,0.7034060493475798,power,9.531081199645996,10.878427505493164,11.524168014526367,0.001884236466139555,0.00011492159868895742,4.743183135986328,0.8396182266009852
femnist,topk,94,0.2,80844,404222,0.6039889368228615,82.11382113821138,0.6215975381494537,0.7768033624418427,0.7034060493475798,1.2431311983067246,0.7034060493475798,power,9.537091255187988,11.02573299407959,11.567941665649414,0.0018916255794465542,0.00011578071492644069,4.670121192932129,0.8527536945812808
femnist,topk,95,0.2,80844,404222,0.6687495438195766,80.08130081300813,0.6411372239027566,0.7964501677858119,0.7034060493475798,1.2431311983067246,0.7034060493475798,power,9.614447593688965,11.113829612731934,11.501694679260254,0.0018472906667739153,0.0001255238345522091,4.79580020904541,0.8304064039408867
femnist,topk,96,0.2,80844,404222,0.6097482262458651,81.09756097560975,0.6303847398215193,0.7918957831481623,0.7034060493475798,1.2431311983067246,0.7034060493475798,power,9.569519996643066,11.0917387008667,11.27456283569336,0.001855295617133379,0.00012054598624451301,4.771528244018555,0.8346305418719212
femnist,topk,97,0.2,80844,404222,0.5504619357921183,83.33333333333333,0.6120852338589304,0.7675762395436789,0.7034060493475798,1.2431311983067246,0.7034060493475798,power,9.615567207336426,11.255809783935547,11.521835327148438,0.0020153941586613655,0.00013431290433653048,4.640140056610107,0.8582635467980295
femnist,topk,98,0.2,80844,404222,0.8439299291279168,82.52032520325203,0.6131725776486281,0.8072263482163553,0.7034060493475798,1.2431311983067246,0.7034060493475798,power,9.552481651306152,11.244514465332031,11.601696014404297,0.0018953202525153756,0.00012330481078646265,4.882930755615234,0.8155886699507389
femnist,topk,99,0.2,80844,404222,0.6023060661694035,82.11382113821138,0.5968003311777502,0.7892271146032087,0.7034060493475798,1.2431311983067246,0.7034060493475798,power,9.598071098327637,11.37308406829834,11.821273803710938,0.0019113300368189812,0.00013036049960658672,4.738929271697998,0.840371921182266
femnist,topk,100,0.2,80844,404222,0.6234659024234861,83.130081300813,0.5959937863233613,0.7863345367673626,0.7034060493475798,1.2431311983067246,0.7034060493475798,power,9.580628395080566,11.038537979125977,11.497085571289062,0.0018571428954601288,0.00012006166038284461,4.735182285308838,0.8410369458128079
femnist,topk,101,0.2,80844,404222,0.7139029287826271,81.09756097560975,0.6213058843845274,0.7994285894108449,0.7034060493475798,1.2431311983067246,0.7034060493475798,power,9.554281234741211,10.923589706420898,11.213580131530762,0.001838669995777309,0.00011396434243527332,4.810210227966309,0.8279187192118227
femnist,topk,102,0.2,80844,404222,0.5718257504608482,81.70731707317073,0.608677127496983,0.7818996498562303,0.7034060493475798,1.2431311983067246,0.7034060493475798,power,9.569131851196289,10.985755920410156,11.655733108520508,0.001932881772518158,0.00012226351745431052,4.711339950561523,0.8452931034482759
femnist,topk,103,0.2,80844,404222,0.55204484754242,81.91056910569105,0.5986778445360137,0.7743573376982357,0.7034060493475798,1.2431311983067246,0.7034060493475798,power,9.637463569641113,11.080012321472168,11.506890296936035,0.0019156404305249453,0.00013165614925363553,4.6313676834106445,0.8598891625615763
femnist,topk,104,0.2,80844,404222,0.6664813025575131,82.3170731707317,0.5965070646952807,0.8017512929235149,0.7034060493475798,1.2431311983067246,0.7034060493475798,power,9.616789817810059,11.159219741821289,11.270785331726074,0.0019747538026422262,0.0001358582947069408,4.826651573181152,0.8250985221674877
femnist,topk,105,0.2,80844,404222,0.6673923784773798,82.72357723577235,0.6046994837318979,0.7921071882230941,0.7034060493475798,1.2431311983067246,0.7034060493475798,power,9.521428108215332,10.960944175720215,11.630157470703125,0.0018725369591265917,0.00011861211547016598,4.7718658447265625,0.8345714285714285
femnist,topk,106,0.2,80844,404222,0.5588267093803734,82.11382113821138,0.589935302734375,0.7825895456740458,0.7034060493475798,1.2431311983067246,0.7034060493475798,power,9.729944229125977,11.348448753356934,12.040130615234375,0.0020135468803346157,0.00014816236939308022,4.733310699462891,0.8413694581280788
femnist,topk,107,0.2,80844,404222,0.587394681815058,82.92682926829268,0.5905196647333905,0.7892430332988705,0.7034060493475798,1.2431311983067246,0.7034060493475798,power,9.643311500549316,11.153629302978516,11.555657386779785,0.001975369406864047,0.00013556606404978186,4.741959095001221,0.8398349753694582
femnist,topk,108,0.2,80844,404222,0.5323869548458606,83.130081300813,0.5771028472156059,0.7945309530998397,0.7034060493475798,1.2431311983067246,0.7034060493475798,power,9.503643035888672,10.627081871032715,10.71139907836914,0.0018916255794465542,0.00011087602865201869,4.774247169494629,0.8341551724137931
femnist,topk,109,0.2,80844,404222,0.5313420540187508,82.72357723577235,0.5685012941438008,0.7701816696849464,0.7034060493475798,1.2431311983067246,0.7034060493475798,power,9.603516578674316,10.968687057495117,12.114631652832031,0.0018971675308421254,0.0001250492930820611,4.646834373474121,0.8570270935960591
femnist,topk,110,0.2,80844,404222,0.7299775776267052,82.11382113821138,0.5851640158552465,0.8041532934874164,0.7034060493475798,1.2431311983067246,0.7034060493475798,power,9.579583168029785,11.125444412231445,11.140016555786133,0.0018602217314764857,0.0001254008998869315,4.871499538421631,0.8175024630541872
femnist,topk,111,0.2,80844,404222,0.520975296869874,82.52032520325203,0.5720779294890117,0.7862652404029828,0.7034060493475798,1.2431311983067246,0.7034060493475798,power,9.555575370788574,11.121278762817383,11.793068885803223,0.001952586229890585,0.00013344286951618204,4.702966690063477,0.8467980295566503
femnist,topk,112,0.2,80844,404222,0.6869869589898736,82.92682926829268,0.5808339312793763,0.7969923463755724,0.7034060493475798,1.2431311983067246,0.7034060493475798,power,9.687544822692871,11.502923965454102,11.97519302368164,0.002016625599935651,0.00015178697971371426,4.815955638885498,0.8269310344827586
femnist,topk,113,0.2,80844,404222,0.5917976398952305,82.92682926829268,0.5762518285735836,0.797208379032057,0.7034060493475798,1.2431311983067246,0.7034060493475798,power,9.544281959533691,10.734621047973633,11.304769515991211,0.001868842402473092,0.00011725604723121014,4.753767490386963,0.8377487684729064
femnist,topk,114,0.2,80844,404222,0.595102932518348,82.3170731707317,0.5802750626230627,0.7905630227174274,0.7034060493475798,1.2431311983067246,0.7034060493475798,power,9.608917236328125,10.964452743530273,11.047892570495605,0.0019378078868612647,0.00012481102115765975,4.759673118591309,0.8367093596059113
femnist,topk,115,0.2,80844,404222,0.646419704835862,82.11382113821138,0.5814850970012385,0.7805936945720398,0.7034060493475798,1.2431311983067246,0.7034060493475798,power,9.536866188049316,11.373671531677246,11.90294075012207,0.0018774630734696984,0.00011733984412678306,4.679325103759766,0.8510763546798029
femnist,topk,116,0.2,80844,404222,0.8115650799917058,81.91056910569105,0.5857294594369283,0.7979980370781419,0.7034060493475798,1.2431311983067246,0.7034060493475798,power,9.594789505004883,11.017016410827637,11.48417854309082,0.0019439655588939786,0.00012591984731359982,4.810840129852295,0.8278103448275862
femnist,topk,117,0.2,80844,404222,0.500102058770135,81.70731707317073,0.5782638177639101,0.7891844173959836,0.7034060493475798,1.2431311983067246,0.7034060493475798,power,9.545190811157227,10.976415634155273,11.181527137756348,0.0018343596020713449,0.00011776374299697206,4.718310356140137,0.8440443349753695
femnist,topk,118,0.2,80844,404222,0.53380250941962,81.70731707317073,0.5631207101713351,0.7838203566549199,0.7034060493475798,1.2431311983067246,0.7034060493475798,power,9.513562202453613,10.92074966430664,11.510135650634766,0.001958743901923299,0.0001183005221108161,4.720583438873291,0.8436379310344828
femnist,topk,119,0.2,80844,404222,0.5679839930683375,82.3170731707317,0.5722207170191819,0.795078276468151,0.7034060493475798,1.2431311983067246,0.7034060493475798,power,9.626372337341309,11.18002700805664,11.811565399169922,0.0018910098588094115,0.00013287463679897515,4.805949687957764,0.8286527093596059
femnist,topk,120,0.2,80844,404222,0.5201837993599474,82.92682926829268,0.5729910377564469,0.7959282726957024,0.7034060493475798,1.2431311983067246,0.7034060493475798,power,9.590794563293457,11.516486167907715,12.042993545532227,0.0019390394445508718,0.00012784330389029657,4.784603118896484,0.8323497536945813
femnist,topk,121,0.2,80844,404222,0.5263556484878064,82.3170731707317,0.5724357046732088,0.7831372342189499,0.7034060493475798,1.2431311983067246,0.7034060493475798,power,9.570904731750488,10.990226745605469,11.334661483764648,0.001926724100485444,0.00012402777685568468,4.679975509643555,0.8509581280788178
femnist,topk,122,0.2,80844,404222,0.5941093054320664,82.72357723577235,0.5783469967725801,0.7970794341108107,0.7034060493475798,1.2431311983067246,0.7034060493475798,power,9.5086088180542,11.29544448852539,11.357091903686523,0.0018620690098032355,0.0001143352138453753,4.791962623596191,0.8310714285714286
femnist,topk,123,0.2,80844,404222,0.52432233850006,82.72357723577235,0.5642419830570377,0.7900162620584628,0.7034060493475798,1.2431311983067246,0.7034060493475798,power,9.556812286376953,11.308388710021973,12.981266021728516,0.0018306650454178452,0.00012537623465409383,4.754466533660889,0.8376256157635468
femnist,topk,124,0.2,80844,404222,0.5002331307157875,82.52032520325203,0.5665105804195248,0.7837507794642852,0.7034060493475798,1.2431311983067246,0.7034060493475798,power,9.584639549255371,11.190619468688965,11.881412506103516,0.001802339917048812,0.00012194188605319874,4.699631214141846,0.8473990147783251
femnist,topk,125,0.2,80844,404222,0.5343572984356433,82.3170731707317,0.5702370744410569,0.7962639232045791,0.7034060493475798,1.2431311983067246,0.7034060493475798,power,9.541500091552734,11.217389106750488,11.94352912902832,0.0019488916732370853,0.00012050529910213733,4.8057637214660645,0.8286847290640394
femnist,topk,126,0.2,80844,404222,0.4718896216806024,81.70731707317073,0.5652165606739076,0.7899035925595767,0.7034060493475798,1.2431311983067246,0.7034060493475798,power,9.536214828491211,11.162102699279785,11.467365264892578,0.001910098479129374,0.00011463667847008073,4.691749095916748,0.8488226600985221
femnist,topk,127,0.2,80844,404222,0.4694246424455195,83.33333333333333,0.5563188258225356,0.7784490265287038,0.7034060493475798,1.2431311983067246,0.7034060493475798,power,9.578821182250977,11.408463478088379,11.42148494720459,0.0019248768221586943,0.00012513804820960607,4.687573432922363,0.8495788177339901
femnist,topk,128,0.2,80844,404222,0.5299376933649182,81.70731707317073,0.5717874542484439,0.7982450416883624,0.7034060493475798,1.2431311983067246,0.7034060493475798,power,9.556824684143066,11.059286117553711,11.088020324707031,0.0018454433884471655,0.00012332869782314494,4.81463623046875,0.8271576354679803
femnist,topk,129,0.2,80844,404222,0.4906679640058428,82.72357723577235,0.557793593988186,0.7920656597650018,0.7034060493475798,1.2431311983067246,0.7034060493475798,power,9.52309799194336,11.132726669311523,11.948272705078125,0.0018694581231102347,0.00011891603096164144,4.768784046173096,0.8351108374384236
femnist,topk,130,0.2,80844,404222,0.4952309924084693,82.72357723577235,0.5581780410394436,0.7866700223136457,0.7034060493475798,1.2431311983067246,0.7034060493475798,power,9.662999153137207,11.346332550048828,11.914058685302734,0.0019544335082173347,0.000133050515498289,4.698470592498779,0.8476083743842364
femnist,topk,131,0.2,80844,404222,0.5637786225695163,83.33333333333333,0.5537918214875508,0.7935870521760758,0.7034060493475798,1.2431311983067246,0.7034060493475798,power,9.51959228515625,11.28007698059082,12.21193790435791,0.001984605798497796,0.00012427449824575955,4.789918422698975,0.8314261083743842
femnist,topk,132,0.2,80844,404222,0.4623184176487848,82.72357723577235,0.5527579454871697,0.793268832580382,0.7034060493475798,1.2431311983067246,0.7034060493475798,power,9.545968055725098,11.047744750976562,11.593522071838379,0.0018793103517964482,0.00012468170356995294,4.751308917999268,0.8381822660098522
femnist,topk,133,0.2,80844,404222,0.5835303829098121,83.53658536585365,0.5577225103610899,0.7827109897577886,0.7034060493475798,1.2431311983067246,0.7034060493475798,power,9.605690956115723,11.50626277923584,11.895146369934082,0.001966133015230298,0.00013388607107722348,4.702528953552246,0.8468768472906404
femnist,topk,134,0.2,80844,404222,0.5326074022240938,82.72357723577235,0.560037814504732,0.7974328164551713,0.7034060493475798,1.2431311983067246,0.7034060493475798,power,9.629364013671875,11.216872215270996,11.991134643554688,0.0019082512008026242,0.00013266700804268817,4.74864387512207,0.8386527093596059
femnist,topk,135,0.2,80844,404222,0.5661684233043343,82.72357723577235,0.5574128685927973,0.7980682348491872,0.7034060493475798,1.2431311983067246,0.7034060493475798,power,9.59870719909668,11.227593421936035,11.617547988891602,0.0018897783011198044,0.00012668507320323896,4.786416053771973,0.8320344827586207
femnist,topk,136,0.2,80844,404222,0.4767159664537758,82.72357723577235,0.5435749457134464,0.78762357177197,0.7034060493475798,1.2431311983067246,0.7034060493475798,power,9.577481269836426,11.349645614624023,11.898512840270996,0.0019532020669430494,0.0001281784120247327,4.713578701019287,0.8448916256157636
femnist,topk,137,0.2,80844,404222,0.5188111101510003,82.52032520325203,0.5528220820233105,0.7996851872020503,0.7034060493475798,1.2431311983067246,0.7034060493475798,power,9.582718849182129,11.084217071533203,11.880780220031738,0.001903940923511982,0.0001271698795825824,4.78108024597168,0.8329630541871921
femnist,topk,138,0.2,80844,404222,0.49131400140002357,83.33333333333333,0.5454058143181529,0.8008408673554632,0.7034060493475798,1.2431311983067246,0.7034060493475798,power,9.634807586669922,11.527565002441406,12.168649673461914,0.001917487708851695,0.00013702034778255946,4.745981693267822,0.8391231527093596
femnist,topk,139,0.2,80844,404222,0.4904026098735631,82.11382113821138,0.5415179244871062,0.7828914247177596,0.7034060493475798,1.2431311983067246,0.7034060493475798,power,9.573542594909668,11.230145454406738,11.948902130126953,0.0018337438814342022,0.00012181072428236084,4.700669765472412,0.8472118226600985
femnist,topk,140,0.2,80844,404222,0.5660769808292387,82.52032520325203,0.5534700843376842,0.8016571348090036,0.7034060493475798,1.2431311983067246,0.7034060493475798,power,9.599639892578125,11.2374906539917,11.525410652160645,0.001976601080968976,0.00012982755762013862,4.790088653564453,0.831396551724138
femnist,topk,141,0.2,80844,404222,0.4408266225364059,83.73983739837398,0.5458050239376906,0.7841362140909158,0.7034060493475798,1.2431311983067246,0.7034060493475798,power,9.59391975402832,11.147236824035645,11.883152961730957,0.0018411329947412014,0.00012730091859691599,4.686010837554932,0.8498620689655172
femnist,topk,142,0.2,80844,404222,0.44364991173613816,84.34959349593495,0.5442741828236154,0.7788520145398816,0.7034060493475798,1.2431311983067246,0.7034060493475798,power,9.644122123718262,11.181577682495117,11.639815330505371,0.001998152816668153,0.0001344126999282967,4.672469615936279,0.8523251231527094
femnist,topk,143,0.2,80844,404222,0.6201608073478566,82.92682926829268,0.5495104285759654,0.7998498008714103,0.7034060493475798,1.2431311983067246,0.7034060493475798,power,9.611442565917969,10.858253479003906,11.604635238647461,0.001946428557857871,0.00013025359140559313,4.786585807800293,0.8320049261083744
femnist,topk,144,0.2,80844,404222,0.45260457198601217,82.72357723577235,0.5457182473283473,0.7962612569623921,0.7034060493475798,1.2431311983067246,0.7034060493475798,power,9.606268882751465,11.22325325012207,12.055353164672852,0.0019261083798483014,0.00012778657364582056,4.762294769287109,0.8362487684729064
femnist,topk,145,0.2,80844,404222,0.4250810274481774,82.52032520325203,0.5483271901200457,0.7746895353799308,0.7034060493475798,1.2431311983067246,0.7034060493475798,power,9.523335456848145,11.170865058898926,12.795404434204102,0.0018713054014369845,0.0001195921772091586,4.675590515136719,0.851756157635468
femnist,topk,146,0.2,80844,404222,0.5609964668378234,83.33333333333333,0.5375033743013211,0.8057974702013093,0.7034060493475798,1.2431311983067246,0.7034060493475798,power,9.59594440460205,11.437376976013184,12.084386825561523,0.0018565270584076643,0.00012205932135153404,4.789137840270996,0.8315615763546798
femnist,topk,147,0.2,80844,404222,0.475435580778867,83.73983739837398,0.5407264523389863,0.7963420222595332,0.7034060493475798,1.2431311983067246,0.7034060493475798,power,9.527679443359375,10.939312934875488,11.397239685058594,0.0019020936451852322,0.00011723265563657859,4.735154151916504,0.8410418719211823
femnist,topk,148,0.2,80844,404222,0.46652689984999596,83.53658536585365,0.5342715503723641,0.7901285921191581,0.7034060493475798,1.2431311983067246,0.7034060493475798,power,9.555976867675781,11.199159622192383,11.455130577087402,0.0018971675308421254,0.00012347720281025512,4.742070198059082,0.8398152709359606
femnist,topk,149,0.2,80844,404222,0.4345765555510298,82.52032520325203,0.5496790195868267,0.7947565022171635,0.7034060493475798,1.2431311983067246,0.7034060493475798,power,9.602578163146973,11.069284439086914,11.180063247680664,0.0018916255794465542,0.0001305879785264758,4.732576370239258,0.8415
femnist,topk,150,0.2,80844,404222,0.45960128083825114,80.89430894308943,0.5651995651121062,0.8011522517509249,0.7034060493475798,1.2431311983067246,0.7034060493475798,power,9.53386116027832,10.937032699584961,12.159867286682129,0.0018990148091688752,0.00011826536081835544,4.81381893157959,0.8272980295566502
femnist,topk,151,0.2,80844,404222,0.4233812608104198,82.72357723577235,0.5464015433458778,0.7760276431239566,0.7034060493475798,1.2431311983067246,0.7034060493475798,power,9.575328826904297,11.015317916870117,11.31462574005127,0.0019107143161818385,0.00012110885051937342,4.650483131408691,0.8563546798029557
femnist,topk,152,0.2,80844,404222,0.5101673025824129,82.11382113821138,0.5433873122300559,0.8025541568092166,0.7034060493475798,1.2431311983067246,0.7034060493475798,power,9.538748741149902,10.977972984313965,11.084043502807617,0.0018737685168161988,0.00011435636376154586,4.828251361846924,0.8248251231527094
femnist,topk,153,0.2,80844,404222,0.4232894409727305,83.53658536585365,0.5327828259972053,0.7820131664699266,0.7034060493475798,1.2431311983067246,0.7034060493475798,power,9.583874702453613,11.156570434570312,11.57262897491455,0.0019513546722009778,0.00012629566694267078,4.67233419418335,0.8523497536945813
femnist,topk,154,0.2,80844,404222,0.4252168842265382,82.52032520325203,0.539244613027185,0.783050115142059,0.7034060493475798,1.2431311983067246,0.7034060493475798,power,9.624602317810059,11.051475524902344,11.71950912475586,0.0019864533096551895,0.00013536712932038722,4.672590732574463,0.8523029556650247
femnist,topk,155,0.2,80844,404222,0.4364544750470668,83.33333333333333,0.5366276686753684,0.7995701376588873,0.7034060493475798,1.2431311983067246,0.7034060493475798,power,9.644898414611816,11.074583053588867,11.685134887695312,0.0019470442784950137,0.00013320074159538242,4.794619560241699,0.8306108374384237
femnist,topk,156,0.2,80844,404222,0.4326708196476103,83.73983739837398,0.5420864694486789,0.7951392746497901,0.7034060493475798,1.2431311983067246,0.7034060493475798,power,9.468183517456055,10.929458618164062,11.28447437286377,0.0019094827584922314,0.00010495258522701313,4.73797082901001,0.8405418719211822
femnist,topk,157,0.2,80844,404222,0.4389964555669576,82.52032520325203,0.5393872144745617,0.7829923644418155,0.7034060493475798,1.2431311983067246,0.7034060493475798,power,9.681100845336914,11.7781400680542,11.88941478729248,0.001867610844783485,0.0001459157085756884,4.692348480224609,0.8487142857142858
femnist,topk,158,0.2,80844,404222,0.5059283809270709,82.92682926829268,0.5411885579427084,0.7997486486275089,0.7034060493475798,1.2431311983067246,0.7034060493475798,power,9.591949462890625,11.485788345336914,11.601329803466797,0.001822044374421239,0.00012296391679084397,4.780429840087891,0.833076354679803
femnist,topk,159,0.2,80844,404222,0.4145728474482893,83.53658536585365,0.5429622371022295,0.7963975827123815,0.7034060493475798,1.2431311983067246,0.7034060493475798,power,9.557167053222656,11.189129829406738,11.432439804077148,0.0019199507078155875,0.00012282571586721394,4.762954235076904,0.8361330049261084
femnist,topk,160,0.2,80844,404222,0.46113409368321295,84.14634146341463,0.5237147633622332,0.7979696374995121,0.7034060493475798,1.2431311983067246,0.7034060493475798,power,9.588584899902344,11.200103759765625,11.573020935058594,0.0019624384585767984,0.00012818945122866214,4.766197204589844,0.835564039408867
femnist,topk,161,0.2,80844,404222,0.43082595002837476,82.11382113821138,0.5376029906234121,0.7905654576839705,0.7034060493475798,1.2431311983067246,0.7034060493475798,power,9.606002807617188,11.339261054992676,11.506905555725098,0.0019322660518810153,0.00012851824135447354,4.722789287567139,0.843243842364532
femnist,topk,162,0.2,80844,404222,0.5147090859245509,82.72357723577235,0.5602678128374301,0.7962524649917277,0.7034060493475798,1.2431311983067246,0.7034060493475798,power,9.56347370147705,11.41000747680664,11.693340301513672,0.0018786946311593056,0.00012574493077203514,4.744435787200928,0.839396551724138
femnist,topk,163,0.2,80844,404222,0.4560735257575289,82.72357723577235,0.5351511637369791,0.7874710092682708,0.7034060493475798,1.2431311983067246,0.7034060493475798,power,9.570300102233887,11.11341667175293,11.270711898803711,0.0019094827584922314,0.0001300910710299177,4.728562831878662,0.8422142857142857
femnist,topk,164,0.2,80844,404222,0.454041636614129,82.52032520325203,0.5420691017212906,0.7949738576315268,0.7034060493475798,1.2431311983067246,0.7034060493475798,power,9.564167976379395,11.180063247680664,11.74079704284668,0.0018485222244635224,0.0001209544642856472,4.775488376617432,0.8339384236453202
femnist,topk,165,0.2,80844,404222,0.43789008142426605,81.91056910569105,0.5444407269237487,0.7878557098418563,0.7034060493475798,1.2431311983067246,0.7034060493475798,power,9.615190505981445,11.043651580810547,12.005861282348633,0.0018990148091688752,0.00012893985541906542,4.675644874572754,0.8517463054187192
femnist,topk,166,0.2,80844,404222,0.5364915116131306,82.52032520325203,0.542630699591908,0.7964377004410199,0.7034060493475798,1.2431311983067246,0.7034060493475798,power,9.587921142578125,11.140408515930176,11.201068878173828,0.0019790639635175467,0.00012723661919554705,4.74638557434082,0.839051724137931
femnist,topk,167,0.2,80844,404222,0.4850482506677509,83.130081300813,0.5261526960667556,0.8080651867483842,0.7034060493475798,1.2431311983067246,0.7034060493475798,power,9.593698501586914,11.534377098083496,11.850518226623535,0.0018682265654206276,0.00012939855212554493,4.828669548034668,0.8247536945812808
femnist,topk,168,0.2,80844,404222,0.4307587246131151,83.53658536585365,0.5270246800368394,0.7848884571830032,0.7034060493475798,1.2431311983067246,0.7034060493475798,power,9.61509895324707,11.593392372131348,11.681371688842773,0.0018657635664567351,0.00013255446648314015,4.681086540222168,0.850756157635468
femnist,topk,169,0.2,80844,404222,0.3831003684084862,84.34959349593495,0.5166052841558689,0.7781981475861401,0.7034060493475798,1.2431311983067246,0.7034060493475798,power,9.569258689880371,11.099726676940918,11.693502426147461,0.0019458128372207284,0.0001228946242242037,4.645352363586426,0.8573004926108374
femnist,topk,170,0.2,80844,404222,0.40350800665561115,83.130081300813,0.5246938689937436,0.796302295942242,0.7034060493475798,1.2431311983067246,0.7034060493475798,power,9.576583862304688,10.973541259765625,11.624760627746582,0.0018891625804826617,0.00012343536481063575,4.728466033935547,0.842231527093596
femnist,topk,171,0.2,80844,404222,0.3952189771737903,83.33333333333333,0.5198932430608486,0.792551485117305,0.7034060493475798,1.2431311983067246,0.7034060493475798,power,9.618256568908691,11.303096771240234,12.353899002075195,0.0019562807865440845,0.00013755065725520882,4.679623126983643,0.8510221674876848
femnist,topk,172,0.2,80844,404222,0.37795840140897774,84.14634146341463,0.5238675373356517,0.7794014191243991,0.7034060493475798,1.2431311983067246,0.7034060493475798,power,9.62768268585205,11.060001373291016,11.590730667114258,0.0019076354801654816,0.00012854649014063725,4.660187244415283,0.8545714285714285
femnist,topk,173,0.2,80844,404222,0.43773583959322426,82.72357723577235,0.533113247010766,0.807435354257176,0.7034060493475798,1.2431311983067246,0.7034060493475798,power,9.605325698852539,11.05198860168457,11.097636222839355,0.002023399109020829,0.00012952703900353754,4.823267936706543,0.8256773399014778
femnist,topk,174,0.2,80844,404222,0.38331558051053427,83.33333333333333,0.5211690887203061,0.8028009159003794,0.7034060493475798,1.2431311983067246,0.7034060493475798,power,9.6259183883667,11.101619720458984,11.248441696166992,0.001949507393874228,0.00012734080141437986,4.7833571434021,0.8325665024630542
femnist,topk,175,0.2,80844,404222,0.4140924787614494,82.92682926829268,0.5247021806918508,0.7837164842977755,0.7034060493475798,1.2431311983067246,0.7034060493475798,power,9.565107345581055,10.938553810119629,11.41715145111084,0.001967980293557048,0.0001264533741373103,4.694269180297852,0.8483669950738916
femnist,topk,176,0.2,80844,404222,0.42991352963261303,83.130081300813,0.5228353360804116,0.8059624593578711,0.7034060493475798,1.2431311983067246,0.7034060493475798,power,9.58378791809082,11.158614158630371,11.59557819366455,0.0019082512008026242,0.0001253561939203959,4.822476863861084,0.8258128078817734
femnist,topk,177,0.2,80844,404222,0.4094301964808256,83.73983739837398,0.5125256049923781,0.794279651550712,0.7034060493475798,1.2431311983067246,0.7034060493475798,power,9.611458778381348,11.154897689819336,11.486510276794434,0.001920566544868052,0.00012772887168364355,4.749104022979736,0.8385714285714285
femnist,topk,178,0.2,80844,404222,0.3644777364656329,82.3170731707317,0.5225935525041285,0.7831568758325863,0.7034060493475798,1.2431311983067246,0.7034060493475798,power,9.613097190856934,11.110499382019043,12.260618209838867,0.0019519703928381205,0.0001334773760354962,4.668395042419434,0.8530689655172414
femnist,topk,179,0.2,80844,404222,0.5047687578666955,83.130081300813,0.5257101911839431,0.8147750734957064,0.7034060493475798,1.2431311983067246,0.7034060493475798,power,9.528063774108887,11.038012504577637,11.680192947387695,0.001852216781117022,0.0001170763698790557,4.825499057769775,0.825295566502463
femnist,topk,180,0.2,80844,404222,0.3654533691797406,84.14634146341463,0.5093917536541699,0.7944361763193826,0.7034060493475798,1.2431311983067246,0.7034060493475798,power,9.617154121398926,11.104248046875,11.45688247680664,0.001977216685190797,0.00013095784422874555,4.729434013366699,0.8420591133004927
femnist,topk,181,0.2,80844,404222,0.3575304581876845,84.14634146341463,0.5117063754942359,0.7732256196124789,0.7034060493475798,1.2431311983067246,0.7034060493475798,power,9.542919158935547,10.8206787109375,11.012907981872559,0.001981527078896761,0.00011951384343924643,4.62770938873291,0.8605689655172414
femnist,topk,182,0.2,80844,404222,0.45017203683964907,83.9430894308943,0.5183547725522422,0.7985767286064581,0.7034060493475798,1.2431311983067246,0.7034060493475798,power,9.57680606842041,11.171987533569336,12.716933250427246,0.001896551693789661,0.0001294203995156136,4.7855939865112305,0.8321773399014778
femnist,topk,183,0.2,80844,404222,0.4200845822878182,83.73983739837398,0.5289069695201346,0.7944475057667454,0.7034060493475798,1.2431311983067246,0.7034060493475798,power,9.509481430053711,11.219228744506836,11.532124519348145,0.0018891625804826617,0.00011304335364334259,4.781758785247803,0.8328448275862069
femnist,topk,184,0.2,80844,404222,0.38741044864058494,83.73983739837398,0.516391257929608,0.7892555726501412,0.7034060493475798,1.2431311983067246,0.7034060493475798,power,9.548355102539062,11.223055839538574,11.323784828186035,0.0019501231145113707,0.00012056457784461936,4.728784084320068,0.8421748768472906
femnist,topk,185,0.2,80844,404222,0.41049461077433075,82.92682926829268,0.5110347716788936,0.8013942059539506,0.7034060493475798,1.2431311983067246,0.7034060493475798,power,9.51335334777832,11.044190406799316,11.370854377746582,0.0018743842374533415,0.00011676922584166662,4.786727428436279,0.8319802955665024
femnist,topk,186,0.2,80844,404222,0.3870692138094455,83.130081300813,0.5151066353650597,0.7940565465389932,0.7034060493475798,1.2431311983067246,0.7034060493475798,power,9.61130428314209,11.05152416229248,11.408121109008789,0.0019538176711648703,0.00012928189874748496,4.726959228515625,0.8425
femnist,topk,187,0.2,80844,404222,0.3419662685412913,82.3170731707317,0.518515424030583,0.7683324914867653,0.7034060493475798,1.2431311983067246,0.7034060493475798,power,9.565034866333008,11.404656410217285,12.23148250579834,0.0019193349871784449,0.00012363864766273168,4.597431659698486,0.8662364532019704
femnist,topk,188,0.2,80844,404222,0.3927747264923528,83.130081300813,0.5296720179115854,0.7962602434424652,0.7034060493475798,1.2431311983067246,0.7034060493475798,power,9.5911226272583,10.904550552368164,11.555794715881348,0.0019827585201710463,0.00012939591527212467,4.787776470184326,0.8317980295566503
femnist,topk,189,0.2,80844,404222,0.4022275277785957,84.55284552845528,0.515813470855961,0.8015635612504889,0.7034060493475798,1.2431311983067246,0.7034060493475798,power,9.595207214355469,11.056326866149902,11.573752403259277,0.002025246387347579,0.00013254734922770307,4.772316932678223,0.8344926108374384
femnist,topk,190,0.2,80844,404222,0.3349759619822726,83.9430894308943,0.5181025063119283,0.780154348541448,0.7034060493475798,1.2431311983067246,0.7034060493475798,power,9.55846118927002,11.325607299804688,11.486566543579102,0.0018263546517118812,0.00011629541658776503,4.648397445678711,0.8567389162561576
femnist,topk,191,0.2,80844,404222,0.389883223073557,84.14634146341463,0.5156615962827109,0.8040911004105931,0.7034060493475798,1.2431311983067246,0.7034060493475798,power,9.509927749633789,11.148161888122559,11.399803161621094,0.0019113300368189812,0.00011557395871283111,4.7968244552612305,0.8302290640394089
femnist,topk,192,0.2,80844,404222,0.38238979228772224,82.72357723577235,0.5118777577469988,0.7947975195023301,0.7034060493475798,1.2431311983067246,0.7034060493475798,power,9.617525100708008,11.285492897033691,11.585888862609863,0.0018897783011198044,0.00012798529398975694,4.770823955535889,0.8347536945812808
femnist,topk,193,0.2,80844,404222,0.5016030485089868,83.9430894308943,0.5224649072662602,0.7875407846926021,0.7034060493475798,1.2431311983067246,0.7034060493475798,power,9.587912559509277,11.171000480651855,11.660719871520996,0.0019322660518810153,0.00012678341276385884,4.712218761444092,0.8451354679802956
femnist,topk,194,0.2,80844,404222,0.4240886890841648,81.91056910569105,0.5420779096401804,0.7999549731685446,0.7034060493475798,1.2431311983067246,0.7034060493475798,power,9.63557243347168,10.871517181396484,11.131711959838867,0.0018971675308421254,0.0001267796148187178,4.769107341766357,0.8350541871921182
femnist,topk,195,0.2,80844,404222,0.3879209604347125,82.52032520325203,0.5234402912419017,0.7892020161182055,0.7034060493475798,1.2431311983067246,0.7034060493475798,power,9.536125183105469,11.494222640991211,11.80874252319336,0.0018602217314764857,0.00011983333200553377,4.663076877593994,0.8540418719211823
femnist,topk,196,0.2,80844,404222,0.38563085125992075,83.33333333333333,0.5189928194371666,0.790522016985633,0.7034060493475798,1.2431311983067246,0.7034060493475798,power,9.536384582519531,11.2252836227417,11.64396858215332,0.0018922414164990187,0.00011542137093332184,4.640406608581543,0.8582142857142857
femnist,topk,197,0.2,80844,404222,0.3993842265382409,83.130081300813,0.5195185343424479,0.8039443355689968,0.7034060493475798,1.2431311983067246,0.7034060493475798,power,9.626189231872559,11.297722816467285,11.686310768127441,0.001935960608534515,0.0001283777162731199,4.784885883331299,0.8323004926108374
femnist,topk,198,0.2,80844,404222,0.3830931870266795,83.130081300813,0.5227638802877287,0.7982206240591826,0.7034060493475798,1.2431311983067246,0.7034060493475798,power,9.490665435791016,10.88805866241455,11.443995475769043,0.0018503695027902722,0.00010867909674092051,4.7403740882873535,0.8401157635467981
femnist,topk,199,0.2,80844,404222,0.33230147359892726,83.33333333333333,0.522958274779281,0.7708003611971275,0.7034060493475798,1.2431311983067246,0.7034060493475798,power,9.530609130859375,11.234922409057617,11.477045059204102,0.0018793103517964482,0.00011129035939608388,4.611751079559326,0.8635467980295567
femnist,topk,200,0.2,80844,404222,0.4316673128446563,82.92682926829268,0.5147710040332826,0.8071409464686201,0.7034060493475798,1.2431311983067246,0.7034060493475798,power,9.63530445098877,11.116637229919434,11.778740882873535,0.002001231536269188,0.00013946283196908008,4.803607940673828,0.8290566502463054
femnist,randk,1,0.35,141477,404222,3.954741446971893,6.9105691056910565,4.006643900057164,0.351554136725727,0.5317249935063211,0.9397188564986607,0.5317249935063211,power,9.55716323852539,10.873462677001953,11.090538024902344,0.0019476601155474782,0.0001221238139748095,20.0,0.3484655172413793
femnist,randk,2,0.35,141477,404222,3.8931055951118467,10.16260162601626,3.8450997205284554,0.34998044573200987,0.5317249935063211,0.9397188564986607,0.5317249935063211,power,9.589630126953125,11.55866813659668,11.913575172424316,0.0019199507078155875,0.0001310636254953414,20.0,0.3484655172413793
femnist,randk,3,0.35,141477,404222,3.7568759226799004,11.788617886178862,3.7204942160505587,0.3456107373434406,0.5317249935063211,0.9397188564986607,0.5317249935063211,power,9.598106384277344,11.422652244567871,11.730361938476562,0.001852216781117022,0.0001269081086734836,20.0,0.3484655172413793
femnist,randk,4,0.35,141477,404222,3.6860090088844295,18.089430894308943,3.635300551003557,0.3485243615473366,0.5317249935063211,0.9397188564986607,0.5317249935063211,power,9.53177547454834,10.874861717224121,11.059417724609375,0.0018497536657378078,0.00011092630966494161,20.0,0.3484655172413793
femnist,randk,5,0.35,141477,404222,3.6356170964241032,20.934959349593495,3.55426422367251,0.35390462284743507,0.5317249935063211,0.9397188564986607,0.5317249935063211,power,9.595850944519043,11.123900413513184,11.650184631347656,0.0019470442784950137,0.00012769034068380576,20.0,0.3484655172413793
femnist,randk,6,0.35,141477,404222,3.551934635639191,23.983739837398375,3.4863574020261687,0.3384886034682354,0.5317249935063211,0.9397188564986607,0.5317249935063211,power,9.604324340820312,11.247747421264648,11.554713249206543,0.0020135468803346157,0.00013219343232982451,20.0,0.3484655172413793
femnist,randk,7,0.35,141477,404222,3.4672493433952334,29.67479674796748,3.3963449369601117,0.35389287980016054,0.5317249935063211,0.9397188564986607,0.5317249935063211,power,9.590136528015137,10.986793518066406,11.127389907836914,0.001935960608534515,0.000123770965410802,20.0,0.3484655172413793
femnist,randk,8,0.35,141477,404222,3.4662513446807863,30.89430894308943,3.3157601705411586,0.3534968222374718,0.5317249935063211,0.9397188564986607,0.5317249935063211,power,9.564146041870117,11.049856185913086,11.699687957763672,0.0018854680238291621,0.0001293413343594559,20.0,0.3484655172413793
femnist,randk,9,0.35,141477,404222,3.3778635990619663,26.829268292682926,3.2475871264449947,0.3432686535211246,0.5317249935063211,0.9397188564986607,0.5317249935063211,power,9.573819160461426,11.182165145874023,11.377012252807617,0.0018983989721164107,0.00011727317807767376,20.0,0.3484655172413793
femnist,randk,10,0.35,141477,404222,3.27679129242897,29.67479674796748,3.1663709190802845,0.34551580560331907,0.5317249935063211,0.9397188564986607,0.5317249935063211,power,9.617188453674316,11.59719467163086,11.775918960571289,0.0019390394445508718,0.00012734658310590915,20.0,0.3484655172413793
femnist,randk,11,0.35,141477,404222,3.2274444735050203,34.552845528455286,3.066662051813389,0.356369772600657,0.5317249935063211,0.9397188564986607,0.5317249935063211,power,9.60541820526123,11.197612762451172,11.4020357131958,0.001958743901923299,0.00012684174866478033,20.0,0.3484655172413793
femnist,randk,12,0.35,141477,404222,3.1405640971660618,41.260162601626014,2.961936888655996,0.34862524595940103,0.5317249935063211,0.9397188564986607,0.5317249935063211,power,9.56831169128418,11.21272087097168,11.906330108642578,0.001935960608534515,0.00012985935383286418,20.0,0.3484655172413793
femnist,randk,13,0.35,141477,404222,3.057979598045349,41.05691056910569,2.854604829617632,0.3483943639792418,0.5317249935063211,0.9397188564986607,0.5317249935063211,power,9.553467750549316,11.229276657104492,11.428863525390625,0.0019334974931553006,0.00012317848652138017,20.0,0.3484655172413793
femnist,randk,14,0.35,141477,404222,3.0184980434179303,43.08943089430894,2.752198258066565,0.35107283953167717,0.5317249935063211,0.9397188564986607,0.5317249935063211,power,9.54885196685791,11.047318458557129,11.63272762298584,0.0018786946311593056,0.00011883895697536422,20.0,0.3484655172413793
femnist,randk,15,0.35,141477,404222,2.9225508368015287,46.34146341463415,2.6593173887671493,0.3416318929701787,0.5317249935063211,0.9397188564986607,0.5317249935063211,power,9.503875732421875,10.65700912475586,11.084085464477539,0.0018275862094014883,0.00011066962515441664,20.0,0.3484655172413793
femnist,randk,16,0.35,141477,404222,2.842816722989082,46.54471544715447,2.5859322896817836,0.3346094873894045,0.5317249935063211,0.9397188564986607,0.5317249935063211,power,9.621490478515625,11.5609130859375,12.757760047912598,0.0019113300368189812,0.00013669020257611088,20.0,0.3484655172413793
femnist,randk,17,0.35,141477,404222,2.80035190820694,47.357723577235774,2.526099228277439,0.3497029178830486,0.5317249935063211,0.9397188564986607,0.5317249935063211,power,9.585637092590332,11.263985633850098,12.005576133728027,0.0019254926592111588,0.00012612788299050156,20.0,0.3484655172413793
femnist,randk,18,0.35,141477,404222,2.705048298239708,47.96747967479675,2.473207799399771,0.35590191587384984,0.5317249935063211,0.9397188564986607,0.5317249935063211,power,9.583494186401367,11.248312950134277,11.70103645324707,0.001910098479129374,0.00012657030710569298,20.0,0.3484655172413793
femnist,randk,19,0.35,141477,404222,2.6028263556957247,47.96747967479675,2.386483045128303,0.3536233727276098,0.5317249935063211,0.9397188564986607,0.5317249935063211,power,9.548755645751953,11.317811965942383,11.484872817993164,0.0018577586160972714,0.00012179787491515344,20.0,0.3484655172413793
femnist,randk,20,0.35,141477,404222,2.5251908868551256,49.796747967479675,2.2805617417746444,0.3517208839933593,0.5317249935063211,0.9397188564986607,0.5317249935063211,power,9.479207992553711,10.985865592956543,11.45681381225586,0.0018830049084499478,0.0001121458347292276,20.0,0.3484655172413793
femnist,randk,21,0.35,141477,404222,2.470765636563301,50.609756097560975,2.190529924098069,0.3499139086953142,0.5317249935063211,0.9397188564986607,0.5317249935063211,power,9.569890975952148,11.289101600646973,11.884337425231934,0.001958743901923299,0.00013082886866163764,20.0,0.3484655172413793
femnist,randk,22,0.35,141477,404222,2.3189504331350324,51.21951219512195,2.1039808319836126,0.34504167505250344,0.5317249935063211,0.9397188564986607,0.5317249935063211,power,9.475789070129395,10.923108100891113,11.453792572021484,0.0017955665243789554,0.0001058649585537613,20.0,0.3484655172413793
femnist,randk,23,0.35,141477,404222,2.3455238223075865,50.40650406504065,2.0512986842209733,0.35842144383674146,0.5317249935063211,0.9397188564986607,0.5317249935063211,power,9.56380558013916,10.863982200622559,10.98445987701416,0.0018682265654206276,0.0001205406783014027,20.0,0.3484655172413793
femnist,randk,24,0.35,141477,404222,2.2595556584000587,52.642276422764226,1.9926746647532394,0.346473369042376,0.5317249935063211,0.9397188564986607,0.5317249935063211,power,9.579517364501953,11.058079719543457,11.434408187866211,0.001907019759528339,0.0001238761692253948,20.0,0.3484655172413793
femnist,randk,25,0.35,141477,404222,2.1213459497690197,55.28455284552845,1.9080053810181656,0.3487846843625774,0.5317249935063211,0.9397188564986607,0.5317249935063211,power,9.588634490966797,10.844937324523926,11.106224060058594,0.0018516009440645576,0.0001294530880328276,20.0,0.3484655172413793
femnist,randk,26,0.35,141477,404222,2.1467340096086263,56.91056910569106,1.8374064375714558,0.3494435095422528,0.5317249935063211,0.9397188564986607,0.5317249935063211,power,9.520535469055176,11.235857009887695,11.331063270568848,0.0019236452644690871,0.00012035714144357566,20.0,0.3484655172413793
femnist,randk,27,0.35,141477,404222,2.0498824855685234,58.53658536585366,1.7738790124412473,0.348732860876571,0.5317249935063211,0.9397188564986607,0.5317249935063211,power,9.57402229309082,11.059956550598145,11.459440231323242,0.0018910098588094115,0.00012287371699190342,20.0,0.3484655172413793
femnist,randk,28,0.35,141477,404222,2.0696280446648596,57.926829268292686,1.7486294381986789,0.35883032855718355,0.5317249935063211,0.9397188564986607,0.5317249935063211,power,9.608662605285645,11.146652221679688,11.689718246459961,0.0019593595061451197,0.0001344145591090945,20.0,0.3484655172413793
femnist,randk,29,0.35,141477,404222,1.9213044044375418,57.31707317073171,1.719470016355437,0.3601440572738364,0.5317249935063211,0.9397188564986607,0.5317249935063211,power,9.708318710327148,11.569371223449707,11.797818183898926,0.0018940886948257685,0.00014661838715124227,20.0,0.3484655172413793
femnist,randk,30,0.35,141477,404222,1.8911867018043995,58.333333333333336,1.64770706300813,0.35519266928262627,0.5317249935063211,0.9397188564986607,0.5317249935063211,power,9.602823257446289,11.097822189331055,11.57551383972168,0.0018940886948257685,0.00013163803585688585,20.0,0.3484655172413793
femnist,randk,31,0.35,141477,404222,1.839881150275469,60.56910569105691,1.589611022452998,0.35194858122305833,0.5317249935063211,0.9397188564986607,0.5317249935063211,power,9.54360294342041,10.966095924377441,11.922812461853027,0.0018602217314764857,0.00012210818597984427,20.0,0.3484655172413793
femnist,randk,32,0.35,141477,404222,1.7290842647850515,63.00813008130081,1.533224214383257,0.3578217663738056,0.5317249935063211,0.9397188564986607,0.5317249935063211,power,9.563680648803711,11.104924201965332,11.589875221252441,0.0019217979861423373,0.00012508964365935335,20.0,0.3484655172413793
femnist,randk,33,0.35,141477,404222,1.6973511187732218,64.63414634146342,1.482596668770643,0.3505706052800424,0.5317249935063211,0.9397188564986607,0.5317249935063211,power,9.572688102722168,11.03384017944336,11.516989707946777,0.0019304187735542655,0.0001262630897107248,20.0,0.3484655172413793
femnist,randk,34,0.35,141477,404222,1.7364587774872782,66.26016260162602,1.4456314459079649,0.35770535817892923,0.5317249935063211,0.9397188564986607,0.5317249935063211,power,9.687252044677734,11.412809371948242,11.84325122833252,0.0020332513377070427,0.00014361020971681836,20.0,0.3484655172413793
femnist,randk,35,0.35,141477,404222,1.640252366811037,65.2439024390244,1.4235832400438262,0.34970479736209514,0.5317249935063211,0.9397188564986607,0.5317249935063211,power,9.553723335266113,11.076610565185547,11.233955383300781,0.0019538176711648703,0.00012461277146248373,20.0,0.3484655172413793
femnist,randk,36,0.35,141477,404222,1.4911090863496068,66.0569105691057,1.3796971018721418,0.3503766778966273,0.5317249935063211,0.9397188564986607,0.5317249935063211,power,9.64479923248291,11.260037422180176,12.153940200805664,0.001910098479129374,0.00014074155516017632,20.0,0.3484655172413793
femnist,randk,37,0.35,141477,404222,1.4476557733118534,66.46341463414635,1.330572733064977,0.35398858746910405,0.5317249935063211,0.9397188564986607,0.5317249935063211,power,9.641013145446777,11.109390258789062,11.261697769165039,0.002007389208301902,0.00014044327160372171,20.0,0.3484655172413793
femnist,randk,38,0.35,141477,404222,1.533674850910902,67.27642276422765,1.2939806682307546,0.3442892109612642,0.5317249935063211,0.9397188564986607,0.5317249935063211,power,9.611990928649902,11.067163467407227,11.56032943725586,0.0019913793075829744,0.00013479141925142664,20.0,0.3484655172413793
femnist,randk,39,0.35,141477,404222,1.397848467975855,68.08943089430895,1.2692825193327617,0.3476305993102359,0.5317249935063211,0.9397188564986607,0.5317249935063211,power,9.595521926879883,11.04719066619873,11.486297607421875,0.0019211822655051947,0.00012902691290484717,20.0,0.3484655172413793
femnist,randk,40,0.35,141477,404222,1.3804312524944544,69.10569105691057,1.2401601899930133,0.3427146945994778,0.5317249935063211,0.9397188564986607,0.5317249935063211,power,9.477883338928223,10.804390907287598,11.582551002502441,0.0019291872158646584,0.00010891070751230495,20.0,0.3484655172413793
femnist,randk,41,0.35,141477,404222,1.5277737168967724,70.1219512195122,1.209966271873412,0.3535587819226077,0.5317249935063211,0.9397188564986607,0.5317249935063211,power,9.53782844543457,11.157129287719727,11.730325698852539,0.0019248768221586943,0.0001228496173158481,20.0,0.3484655172413793
femnist,randk,42,0.35,141477,404222,1.4169391860067846,71.13821138211382,1.185647855929243,0.3539867713656436,0.5317249935063211,0.9397188564986607,0.5317249935063211,power,9.597494125366211,11.584493637084961,12.003811836242676,0.0019488916732370853,0.00012501806137270384,20.0,0.3484655172413793
femnist,randk,43,0.35,141477,404222,1.2887916310504077,72.15447154471545,1.1668399717749618,0.35859232256873125,0.5317249935063211,0.9397188564986607,0.5317249935063211,power,9.53821849822998,11.207612991333008,11.46964168548584,0.0018362068803980947,0.00011842152176260228,20.0,0.3484655172413793
femnist,randk,44,0.35,141477,404222,1.4345028740167616,71.95121951219512,1.1367624174288617,0.3329832308078592,0.5317249935063211,0.9397188564986607,0.5317249935063211,power,9.594741821289062,11.03918170928955,11.530417442321777,0.0018620690098032355,0.00012166155854943867,20.0,0.3484655172413793
femnist,randk,45,0.35,141477,404222,1.2754634605161848,71.13821138211382,1.1210355681132496,0.3710528107333554,0.5317249935063211,0.9397188564986607,0.5317249935063211,power,9.682385444641113,11.218873023986816,12.214131355285645,0.0019864533096551895,0.00014424530126558652,20.0,0.3484655172413793
femnist,randk,46,0.35,141477,404222,1.2826841271668674,71.34146341463415,1.1104128457666413,0.348587556691726,0.5317249935063211,0.9397188564986607,0.5317249935063211,power,9.606308937072754,11.154175758361816,11.709589004516602,0.0019027093658223748,0.00012248214450856078,20.0,0.3484655172413793
femnist,randk,47,0.35,141477,404222,1.3278343987092378,71.7479674796748,1.0919891605532266,0.3311598333770883,0.5317249935063211,0.9397188564986607,0.5317249935063211,power,9.555479049682617,10.8748779296875,11.322318077087402,0.0019273399375379086,0.00012207598432377388,20.0,0.3484655172413793
femnist,randk,48,0.35,141477,404222,1.1990595263801516,72.35772357723577,1.0635832499682418,0.35201379317848824,0.5317249935063211,0.9397188564986607,0.5317249935063211,power,9.634429931640625,10.949156761169434,11.167168617248535,0.0019778325222432613,0.00013347601828370313,20.0,0.3484655172413793
femnist,randk,49,0.35,141477,404222,1.1858919322118164,72.76422764227642,1.0434580236915652,0.3532553641217268,0.5317249935063211,0.9397188564986607,0.5317249935063211,power,9.609295845031738,11.232749938964844,11.361593246459961,0.0019291872158646584,0.00012802308231870527,20.0,0.3484655172413793
femnist,randk,50,0.35,141477,404222,1.2426153543218967,73.3739837398374,1.025132093972307,0.35010300351469176,0.5317249935063211,0.9397188564986607,0.5317249935063211,power,9.553815841674805,11.478646278381348,11.712435722351074,0.0019310344941914082,0.00012264406240293518,20.0,0.3484655172413793
femnist,randk,51,0.35,141477,404222,1.1461046078987418,73.57723577235772,1.0118978236748921,0.3426823577838968,0.5317249935063211,0.9397188564986607,0.5317249935063211,power,9.549434661865234,11.499080657958984,12.571764945983887,0.001945197000168264,0.00012772011697092755,20.0,0.3484655172413793
femnist,randk,52,0.35,141477,404222,1.1502698270231486,74.1869918699187,0.9954499655622777,0.3534249065922196,0.5317249935063211,0.9397188564986607,0.5317249935063211,power,9.561647415161133,11.275029182434082,11.377005577087402,0.0018756157951429486,0.00011812296308917447,20.0,0.3484655172413793
femnist,randk,53,0.35,141477,404222,1.0685761561989784,74.39024390243902,0.9693996770595147,0.3570788055324286,0.5317249935063211,0.9397188564986607,0.5317249935063211,power,9.649166107177734,11.448155403137207,11.586421966552734,0.0019187192665413022,0.00013861455067060085,20.0,0.3484655172413793
femnist,randk,54,0.35,141477,404222,1.041985661163926,75.40650406504065,0.9443139797303735,0.35289472211629025,0.5317249935063211,0.9397188564986607,0.5317249935063211,power,9.570599555969238,11.139321327209473,11.194457054138184,0.001884236466139555,0.00012360392934573556,20.0,0.3484655172413793
femnist,randk,55,0.35,141477,404222,1.069330157432705,74.79674796747967,0.9275899747522866,0.35979976658268803,0.5317249935063211,0.9397188564986607,0.5317249935063211,power,9.580194473266602,11.014106750488281,11.331902503967285,0.0019347290508449078,0.0001221550694412185,20.0,0.3484655172413793
femnist,randk,56,0.35,141477,404222,1.1090722528100012,75.60975609756098,0.920690520992124,0.35718525281904706,0.5317249935063211,0.9397188564986607,0.5317249935063211,power,9.534602165222168,11.216720581054688,11.581626892089844,0.0018472906667739153,0.00011945178816759502,20.0,0.3484655172413793
femnist,randk,57,0.35,141477,404222,1.008684699330479,75.60975609756098,0.9054722979785951,0.34682837590629545,0.5317249935063211,0.9397188564986607,0.5317249935063211,power,9.625445365905762,10.97425651550293,11.666646003723145,0.0019113300368189812,0.00012889338972010654,20.0,0.3484655172413793
femnist,randk,58,0.35,141477,404222,1.0540647877007725,75.60975609756098,0.8888614933665205,0.34061995327542877,0.5317249935063211,0.9397188564986607,0.5317249935063211,power,9.587989807128906,11.609050750732422,12.55324935913086,0.001967980293557048,0.0001362830900565828,20.0,0.3484655172413793
femnist,randk,59,0.35,141477,404222,1.007604411863722,76.01626016260163,0.8805442748030996,0.33584917095295796,0.5317249935063211,0.9397188564986607,0.5317249935063211,power,9.644566535949707,11.40210247039795,11.659990310668945,0.0019211822655051947,0.00013890250505970775,20.0,0.3484655172413793
femnist,randk,60,0.35,141477,404222,0.9532642267085611,76.01626016260163,0.8717734484168572,0.35545337899849677,0.5317249935063211,0.9397188564986607,0.5317249935063211,power,9.511183738708496,10.949361801147461,11.267074584960938,0.0018238916527479887,0.00011111916372850011,20.0,0.3484655172413793
femnist,randk,61,0.35,141477,404222,0.9248357561230657,77.64227642276423,0.8624738987868394,0.3502077420486458,0.5317249935063211,0.9397188564986607,0.5317249935063211,power,9.623688697814941,11.035590171813965,11.516851425170898,0.0019137931521981955,0.0001277376261797642,20.0,0.3484655172413793
femnist,randk,62,0.35,141477,404222,1.045102440798655,77.4390243902439,0.8582460356921684,0.33938521231170726,0.5317249935063211,0.9397188564986607,0.5317249935063211,power,9.61005973815918,10.977657318115234,11.024124145507812,0.0018897783011198044,0.00012540392853610356,20.0,0.3484655172413793
femnist,randk,63,0.35,141477,404222,0.9792630736064167,77.4390243902439,0.8499337793365727,0.33842815932231896,0.5317249935063211,0.9397188564986607,0.5317249935063211,power,9.617213249206543,11.13556957244873,11.982154846191406,0.0019064039224758744,0.0001310898576130639,20.0,0.3484655172413793
femnist,randk,64,0.35,141477,404222,0.9252080608811228,78.04878048780488,0.8317031240075584,0.34521125002479625,0.5317249935063211,0.9397188564986607,0.5317249935063211,power,9.61242961883545,11.443381309509277,11.970987319946289,0.001926724100485444,0.0001295538098648541,20.0,0.3484655172413793
femnist,randk,65,0.35,141477,404222,0.9568583975359797,77.84552845528455,0.8214985917254192,0.34131677881122424,0.5317249935063211,0.9397188564986607,0.5317249935063211,power,9.55827522277832,10.914895057678223,11.129284858703613,0.0017906404100358486,0.00011863802837533353,20.0,0.3484655172413793
femnist,randk,66,0.35,141477,404222,0.9914739202521741,77.64227642276423,0.8154599569677338,0.33956423990116447,0.5317249935063211,0.9397188564986607,0.5317249935063211,power,9.520135879516602,11.32986068725586,12.019777297973633,0.0018897783011198044,0.00011851630256076606,20.0,0.3484655172413793
femnist,randk,67,0.35,141477,404222,0.8437775847967716,78.04878048780488,0.8043628475530361,0.37158251770133566,0.5317249935063211,0.9397188564986607,0.5317249935063211,power,9.558182716369629,11.44767951965332,11.518111228942871,0.0019439655588939786,0.00012496393474179245,20.0,0.3484655172413793
femnist,randk,68,0.35,141477,404222,0.8816621452383696,78.2520325203252,0.7951693030876842,0.3612499762465232,0.5317249935063211,0.9397188564986607,0.5317249935063211,power,9.6067533493042,11.061176300048828,11.339512825012207,0.0019181034294888377,0.00012852294155327312,20.0,0.3484655172413793
femnist,randk,69,0.35,141477,404222,0.8948040727805345,77.84552845528455,0.7869736586159807,0.3471633885657727,0.5317249935063211,0.9397188564986607,0.5317249935063211,power,9.570198059082031,11.439559936523438,12.125569343566895,0.001946428557857871,0.00013269974143898194,20.0,0.3484655172413793
femnist,randk,70,0.35,141477,404222,0.8790948442276567,78.04878048780488,0.7854584484565549,0.3464730370343462,0.5317249935063211,0.9397188564986607,0.5317249935063211,power,9.51423454284668,11.28374195098877,11.859148979187012,0.0018362068803980947,0.00011220089114744768,20.0,0.3484655172413793
femnist,randk,71,0.35,141477,404222,0.8748627160023899,78.45528455284553,0.7872375240170859,0.36161755378037813,0.5317249935063211,0.9397188564986607,0.5317249935063211,power,9.604578971862793,11.073530197143555,11.403428077697754,0.0019482758361846209,0.0001309872258179714,20.0,0.3484655172413793
femnist,randk,72,0.35,141477,404222,0.7851249341666698,78.2520325203252,0.780421993596767,0.33540297214538656,0.5317249935063211,0.9397188564986607,0.5317249935063211,power,9.546285629272461,10.985865592956543,11.569470405578613,0.0018559113377705216,0.00012459325341976512,20.0,0.3484655172413793
femnist,randk,73,0.35,141477,404222,0.8024842563830316,77.84552845528455,0.7643226065286776,0.34130946389294203,0.5317249935063211,0.9397188564986607,0.5317249935063211,power,9.592253684997559,10.991633415222168,11.338584899902344,0.0019642857369035482,0.00012984991411790767,20.0,0.3484655172413793
femnist,randk,74,0.35,141477,404222,0.8528438191115857,78.65853658536585,0.754542405043191,0.37108924438482915,0.5317249935063211,0.9397188564986607,0.5317249935063211,power,9.52670669555664,11.072636604309082,12.149325370788574,0.0019230295438319445,0.00012393835637116793,20.0,0.3484655172413793
femnist,randk,75,0.35,141477,404222,0.89221480156295,79.0650406504065,0.7497918353817328,0.345897259887136,0.5317249935063211,0.9397188564986607,0.5317249935063211,power,9.558094024658203,11.030975341796875,11.436779022216797,0.0018516009440645576,0.00011758315697363418,20.0,0.3484655172413793
femnist,randk,76,0.35,141477,404222,0.808556102067232,79.0650406504065,0.7373662188770326,0.3627982660392031,0.5317249935063211,0.9397188564986607,0.5317249935063211,power,9.572738647460938,11.25048828125,11.379207611083984,0.0019821429159492254,0.0001273891492600473,20.0,0.3484655172413793
femnist,randk,77,0.35,141477,404222,0.7674042448541148,79.47154471544715,0.7314852582729929,0.35386336858326717,0.5317249935063211,0.9397188564986607,0.5317249935063211,power,9.635702133178711,11.30436897277832,11.627544403076172,0.0019144088728353381,0.00013564817603282302,20.0,0.3484655172413793
femnist,randk,78,0.35,141477,404222,0.7480857767350972,80.28455284552845,0.7253833553655361,0.3419724645286875,0.5317249935063211,0.9397188564986607,0.5317249935063211,power,9.632768630981445,11.36159896850586,11.477123260498047,0.0019562807865440845,0.00013910598299477286,20.0,0.3484655172413793
femnist,randk,79,0.35,141477,404222,0.8122724964469672,79.26829268292683,0.7245842538228849,0.3623435617772371,0.5317249935063211,0.9397188564986607,0.5317249935063211,power,9.596724510192871,11.17062759399414,11.496857643127441,0.001858374336734414,0.00012604776231947302,20.0,0.3484655172413793
femnist,randk,80,0.35,141477,404222,0.8232873200625181,79.8780487804878,0.7245898983342861,0.36172153157296694,0.5317249935063211,0.9397188564986607,0.5317249935063211,power,9.507765769958496,10.800506591796875,10.938276290893555,0.0018503695027902722,0.00011199935894682357,20.0,0.3484655172413793
femnist,randk,81,0.35,141477,404222,0.8359504991862924,79.8780487804878,0.7280223815421748,0.3651433451769096,0.5317249935063211,0.9397188564986607,0.5317249935063211,power,9.549179077148438,11.313640594482422,11.80538272857666,0.0018762315157800913,0.00012367036510882494,20.0,0.3484655172413793
femnist,randk,82,0.35,141477,404222,0.7142308618035168,79.8780487804878,0.7288047976610137,0.3470888771898703,0.5317249935063211,0.9397188564986607,0.5317249935063211,power,9.65153980255127,11.17580509185791,11.652238845825195,0.0019827585201710463,0.00014167510705172847,20.0,0.3484655172413793
femnist,randk,83,0.35,141477,404222,0.8134973209630699,80.89430894308943,0.721234329347688,0.35740531014421584,0.5317249935063211,0.9397188564986607,0.5317249935063211,power,9.593599319458008,11.247055053710938,11.486047744750977,0.001903940923511982,0.00012824281977915914,20.0,0.3484655172413793
femnist,randk,84,0.35,141477,404222,0.7896019907295704,79.67479674796748,0.7192645809514736,0.3488692835351993,0.5317249935063211,0.9397188564986607,0.5317249935063211,power,9.47022533416748,10.838208198547363,11.31344223022461,0.0018602217314764857,0.00010543523766317071,20.0,0.3484655172413793
femnist,randk,85,0.35,141477,404222,0.6798031592927873,80.28455284552845,0.7104312307466336,0.3578545622071724,0.5317249935063211,0.9397188564986607,0.5317249935063211,power,9.627031326293945,11.252069473266602,11.362930297851562,0.0018472906667739153,0.00013105811899970959,20.0,0.3484655172413793
femnist,randk,86,0.35,141477,404222,0.7253134468942881,80.48780487804878,0.7000164249079014,0.33585580598304215,0.5317249935063211,0.9397188564986607,0.5317249935063211,power,9.610837936401367,10.873297691345215,11.624344825744629,0.0019291872158646584,0.00013072763981523855,20.0,0.3484655172413793
femnist,randk,87,0.35,141477,404222,0.7012329376675188,81.30081300813008,0.6891316979881225,0.3332241697482353,0.5317249935063211,0.9397188564986607,0.5317249935063211,power,9.492801666259766,10.894543647766113,11.317015647888184,0.0018571428954601288,0.0001124709163770457,20.0,0.3484655172413793
femnist,randk,88,0.35,141477,404222,0.7056732634454966,80.89430894308943,0.6836437442438389,0.33908929442273383,0.5317249935063211,0.9397188564986607,0.5317249935063211,power,9.607303619384766,11.012017250061035,11.43539810180664,0.0018916255794465542,0.00012673552225375,20.0,0.3484655172413793
femnist,randk,89,0.35,141477,404222,0.7486312092654408,79.47154471544715,0.6785321739630971,0.34414925811654307,0.5317249935063211,0.9397188564986607,0.5317249935063211,power,9.57075023651123,11.040009498596191,11.705720901489258,0.0019291872158646584,0.00012199283912692979,20.0,0.3484655172413793
femnist,randk,90,0.35,141477,404222,0.6840030329022556,80.28455284552845,0.6716440092257367,0.34602030897717295,0.5317249935063211,0.9397188564986607,0.5317249935063211,power,9.608956336975098,11.243047714233398,12.55705451965332,0.0019224138231948018,0.00012937706901670787,20.0,0.3484655172413793
femnist,randk,91,0.35,141477,404222,0.745524276047945,81.70731707317073,0.6639617671811484,0.35197041105427945,0.5317249935063211,0.9397188564986607,0.5317249935063211,power,9.570137977600098,10.95934772491455,11.574247360229492,0.0019273399375379086,0.0001238576995368874,20.0,0.3484655172413793
femnist,randk,92,0.35,141477,404222,0.7118680997379124,81.70731707317073,0.6594436769563008,0.35659775480905587,0.5317249935063211,0.9397188564986607,0.5317249935063211,power,9.553060531616211,11.068763732910156,11.340629577636719,0.002006157534196973,0.0001238848158729432,20.0,0.3484655172413793
femnist,randk,93,0.35,141477,404222,0.6800351342745127,81.5040650406504,0.6617903050368394,0.3469936191128644,0.5317249935063211,0.9397188564986607,0.5317249935063211,power,9.517268180847168,10.978668212890625,11.404682159423828,0.0018860837444663048,0.00011450651910437334,20.0,0.3484655172413793
femnist,randk,94,0.35,141477,404222,0.6345599792618305,81.70731707317073,0.6599995062603214,0.3490037658182569,0.5317249935063211,0.9397188564986607,0.5317249935063211,power,9.54284954071045,11.002754211425781,11.621362686157227,0.0018786946311593056,0.00011555478200154637,20.0,0.3484655172413793
femnist,randk,95,0.35,141477,404222,0.7733846630621701,81.09756097560975,0.6658080806577109,0.3412629384700495,0.5317249935063211,0.9397188564986607,0.5317249935063211,power,9.603803634643555,11.120675086975098,11.314022064208984,0.0018442118307575583,0.00012577656797146077,20.0,0.3484655172413793
femnist,randk,96,0.35,141477,404222,0.6555961963906884,80.28455284552845,0.6711583331348451,0.33148546935133794,0.5317249935063211,0.9397188564986607,0.5317249935063211,power,9.588603019714355,11.118565559387207,11.322076797485352,0.001867610844783485,0.0001223852372880226,20.0,0.3484655172413793
femnist,randk,97,0.35,141477,404222,0.5885149085801095,80.48780487804878,0.6644629501714939,0.37559423169054706,0.5317249935063211,0.9397188564986607,0.5317249935063211,power,9.611140251159668,11.391379356384277,11.440838813781738,0.0020092364866286516,0.00013186482970835731,20.0,0.3484655172413793
femnist,randk,98,0.35,141477,404222,0.8394100121129304,81.70731707317073,0.6559489800678036,0.3431646574304061,0.5317249935063211,0.9397188564986607,0.5317249935063211,power,9.543078422546387,11.280877113342285,11.503215789794922,0.0018953202525153756,0.00012236742339084752,20.0,0.3484655172413793
femnist,randk,99,0.35,141477,404222,0.6147993950825186,82.11382113821138,0.643544266863567,0.33317747038800477,0.5317249935063211,0.9397188564986607,0.5317249935063211,power,9.591506958007812,11.366778373718262,11.796823501586914,0.0019051723647862673,0.00013046177604762868,20.0,0.3484655172413793
femnist,randk,100,0.35,141477,404222,0.654619298549369,81.70731707317073,0.6402535787442836,0.38106238523154873,0.5317249935063211,0.9397188564986607,0.5317249935063211,power,9.586060523986816,11.04224681854248,11.646783828735352,0.0018540640594437718,0.00012000416510545775,20.0,0.3484655172413793
femnist,randk,101,0.35,141477,404222,0.7080296790087595,81.70731707317073,0.6405233987947789,0.3468836950391966,0.5317249935063211,0.9397188564986607,0.5317249935063211,power,9.538358688354492,11.011975288391113,11.253680229187012,0.001861453172750771,0.00011344464377234249,20.0,0.3484655172413793
femnist,randk,102,0.35,141477,404222,0.5760041247028858,82.3170731707317,0.6392600206824822,0.3501099896091008,0.5317249935063211,0.9397188564986607,0.5317249935063211,power,9.572131156921387,11.026808738708496,11.764892578125,0.0019427340012043715,0.0001228633887119693,20.0,0.3484655172413793
femnist,randk,103,0.35,141477,404222,0.5619489314826206,82.3170731707317,0.6398495309721164,0.3510229613622281,0.5317249935063211,0.9397188564986607,0.5317249935063211,power,9.636385917663574,11.103754043579102,11.393476486206055,0.0019193349871784449,0.0001305670442686156,20.0,0.3484655172413793
femnist,randk,104,0.35,141477,404222,0.6342404565727336,81.70731707317073,0.6368943501294144,0.37777191920094594,0.5317249935063211,0.9397188564986607,0.5317249935063211,power,9.622437477111816,11.086235046386719,11.244601249694824,0.0019501231145113707,0.0001346167780453176,20.0,0.3484655172413793
femnist,randk,105,0.35,141477,404222,0.6443978114658967,81.70731707317073,0.6343927771095338,0.36116574561530557,0.5317249935063211,0.9397188564986607,0.5317249935063211,power,9.531085014343262,10.970481872558594,11.696949005126953,0.0018854680238291621,0.00011911875759905923,20.0,0.3484655172413793
femnist,randk,106,0.35,141477,404222,0.5677429491002114,82.11382113821138,0.6281939870942899,0.3340280884087995,0.5317249935063211,0.9397188564986607,0.5317249935063211,power,9.713688850402832,11.27259635925293,11.99587345123291,0.0020129310432821512,0.0001479399381644364,20.0,0.3484655172413793
femnist,randk,107,0.35,141477,404222,0.7026229445263743,82.11382113821138,0.6231306742846481,0.34455205748231543,0.5317249935063211,0.9397188564986607,0.5317249935063211,power,9.645442008972168,11.15070629119873,11.567564964294434,0.0019501231145113707,0.00013745414386456725,20.0,0.3484655172413793
femnist,randk,108,0.35,141477,404222,0.5689956668671221,80.89430894308943,0.6235614559514736,0.35750089625482157,0.5317249935063211,0.9397188564986607,0.5317249935063211,power,9.496583938598633,10.585531234741211,10.717373847961426,0.0019144088728353381,0.00011170368447787389,20.0,0.3484655172413793
femnist,randk,109,0.35,141477,404222,0.5393799566291272,81.70731707317073,0.6197712595869855,0.36485761763016183,0.5317249935063211,0.9397188564986607,0.5317249935063211,power,9.595203399658203,11.072589874267578,12.188042640686035,0.001910098479129374,0.00012503860844283716,20.0,0.3484655172413793
femnist,randk,110,0.35,141477,404222,0.708678870294243,82.11382113821138,0.6104990641276041,0.34025919438865865,0.5317249935063211,0.9397188564986607,0.5317249935063211,power,9.578643798828125,11.180038452148438,11.38071060180664,0.0018559113377705216,0.0001248600846731953,20.0,0.3484655172413793
femnist,randk,111,0.35,141477,404222,0.5107599623966963,82.3170731707317,0.6108790451918191,0.3677675045947602,0.5317249935063211,0.9397188564986607,0.5317249935063211,power,9.561628341674805,11.055841445922852,11.796483039855957,0.001967980293557048,0.0001326034171601768,20.0,0.3484655172413793
femnist,randk,112,0.35,141477,404222,0.5985162190720439,81.70731707317073,0.6157163294350229,0.3344495403825015,0.5317249935063211,0.9397188564986607,0.5317249935063211,power,9.700109481811523,11.548117637634277,12.056318283081055,0.0020246305502951145,0.0001535524138739692,20.0,0.3484655172413793
femnist,randk,113,0.35,141477,404222,0.5935783560248092,82.3170731707317,0.6125418810340447,0.3422014667248117,0.5317249935063211,0.9397188564986607,0.5317249935063211,power,9.540786743164062,10.74609661102295,11.204333305358887,0.0018990148091688752,0.00011723826727492447,20.0,0.3484655172413793
femnist,randk,114,0.35,141477,404222,0.6636856500245629,82.52032520325203,0.6138762807458397,0.3546925546803653,0.5317249935063211,0.9397188564986607,0.5317249935063211,power,9.608194351196289,11.093356132507324,11.116071701049805,0.001935960608534515,0.00012620466886912603,20.0,0.3484655172413793
femnist,randk,115,0.35,141477,404222,0.7015426345355809,82.52032520325203,0.610575606183308,0.34631814876528033,0.5317249935063211,0.9397188564986607,0.5317249935063211,power,9.551362991333008,11.379706382751465,11.963956832885742,0.0018725369591265917,0.00011832475746209755,20.0,0.3484655172413793
femnist,randk,116,0.35,141477,404222,0.8843181894719603,81.30081300813008,0.6169406301606961,0.33831763215579364,0.5317249935063211,0.9397188564986607,0.5317249935063211,power,9.57586669921875,11.238615989685059,11.301332473754883,0.0019334974931553006,0.00012543905300362845,20.0,0.3484655172413793
femnist,randk,117,0.35,141477,404222,0.4939798375358805,81.91056910569105,0.6239544628112297,0.3435302025144319,0.5317249935063211,0.9397188564986607,0.5317249935063211,power,9.539366722106934,10.983835220336914,11.159536361694336,0.0018171182600781322,0.0001163867709972826,20.0,0.3484655172413793
femnist,randk,118,0.35,141477,404222,0.5536880815122276,82.72357723577235,0.6155817295477642,0.33226822716873083,0.5317249935063211,0.9397188564986607,0.5317249935063211,power,9.512407302856445,10.815287590026855,11.472681045532227,0.0019636698998510838,0.00011706126455687795,20.0,0.3484655172413793
femnist,randk,119,0.35,141477,404222,0.5352633468247949,81.70731707317073,0.613363064401518,0.323215120399353,0.5317249935063211,0.9397188564986607,0.5317249935063211,power,9.6043119430542,11.034975051879883,11.954858779907227,0.0018959359731525183,0.00013089133622666658,20.0,0.3484655172413793
femnist,randk,120,0.35,141477,404222,0.5724779540393502,83.130081300813,0.6084324286236027,0.3752481951750807,0.5317249935063211,0.9397188564986607,0.5317249935063211,power,9.57697582244873,11.577707290649414,11.962423324584961,0.0019365763291716576,0.00012703221671694537,20.0,0.3484655172413793
femnist,randk,121,0.35,141477,404222,0.5269485873449594,82.92682926829268,0.604024003191692,0.35032807258189896,0.5317249935063211,0.9397188564986607,0.5317249935063211,power,9.569788932800293,11.000076293945312,11.144681930541992,0.0019291872158646584,0.00012310884152334672,20.0,0.3484655172413793
femnist,randk,122,0.35,141477,404222,0.5321375993918628,83.130081300813,0.5980125365218496,0.3343320941135881,0.5317249935063211,0.9397188564986607,0.5317249935063211,power,9.510046005249023,11.252697944641113,11.325687408447266,0.0018725369591265917,0.0001146391105160808,20.0,0.3484655172413793
femnist,randk,123,0.35,141477,404222,0.5161723345378413,83.33333333333333,0.593585999031377,0.3581073714753288,0.5317249935063211,0.9397188564986607,0.5317249935063211,power,9.549237251281738,11.287285804748535,12.979513168334961,0.0018245073733851314,0.00012399366107678888,20.0,0.3484655172413793
femnist,randk,124,0.35,141477,404222,0.49177515093702817,83.53658536585365,0.5941910162204649,0.3652246319350519,0.5317249935063211,0.9397188564986607,0.5317249935063211,power,9.58079719543457,11.245772361755371,11.737898826599121,0.001812807866372168,0.00012124862757615049,20.0,0.3484655172413793
femnist,randk,125,0.35,141477,404222,0.5378271408565343,82.72357723577235,0.6012496948242188,0.34281059292031946,0.5317249935063211,0.9397188564986607,0.5317249935063211,power,9.526861190795898,11.337584495544434,11.985340118408203,0.0019402708858251572,0.00012004913299410366,20.0,0.3484655172413793
femnist,randk,126,0.35,141477,404222,0.4803631148068234,82.3170731707317,0.6056669281750191,0.3648070808718851,0.5317249935063211,0.9397188564986607,0.5317249935063211,power,9.530879974365234,11.128799438476562,11.411434173583984,0.0019291872158646584,0.00011361523080566507,20.0,0.3484655172413793
femnist,randk,127,0.35,141477,404222,0.4957384007424116,82.52032520325203,0.5997454635496062,0.35003659162661405,0.5317249935063211,0.9397188564986607,0.5317249935063211,power,9.589619636535645,11.45223331451416,11.573891639709473,0.001929802936501801,0.00012679729275965522,20.0,0.3484655172413793
femnist,randk,128,0.35,141477,404222,0.5287034651311114,81.91056910569105,0.5985354291714304,0.37170727247941826,0.5317249935063211,0.9397188564986607,0.5317249935063211,power,9.55413818359375,11.007760047912598,11.280780792236328,0.0018996305298060179,0.00012380851171936167,20.0,0.3484655172413793
femnist,randk,129,0.35,141477,404222,0.4597575342701748,82.52032520325203,0.5925955423494664,0.3362078798885949,0.5317249935063211,0.9397188564986607,0.5317249935063211,power,9.51957893371582,11.174003601074219,11.937040328979492,0.001876847236417234,0.00011951738303975972,20.0,0.3484655172413793
femnist,randk,130,0.35,141477,404222,0.469247520454228,82.72357723577235,0.5902274527200838,0.33173655944859315,0.5317249935063211,0.9397188564986607,0.5317249935063211,power,9.661479949951172,11.458681106567383,12.059765815734863,0.0019673644565045834,0.00013351478628143224,20.0,0.3484655172413793
femnist,randk,131,0.35,141477,404222,0.5043557264702394,82.92682926829268,0.5874925318772231,0.33150476828211767,0.5317249935063211,0.9397188564986607,0.5317249935063211,power,9.513851165771484,11.28032398223877,12.209239959716797,0.0019895320292562246,0.00012392220173750113,20.0,0.3484655172413793
femnist,randk,132,0.35,141477,404222,0.46862447370775034,82.3170731707317,0.5832308637417429,0.3391281770911866,0.5317249935063211,0.9397188564986607,0.5317249935063211,power,9.550848960876465,11.111271858215332,11.649645805358887,0.0018885467434301972,0.00012560307795303206,20.0,0.3484655172413793
femnist,randk,133,0.35,141477,404222,0.5155306378519162,82.92682926829268,0.5784272604841527,0.3611897818978279,0.5317249935063211,0.9397188564986607,0.5317249935063211,power,9.604105949401855,11.359525680541992,11.629990577697754,0.0019624384585767984,0.00013292727662493324,20.0,0.3484655172413793
femnist,randk,134,0.35,141477,404222,0.5211842331290246,83.33333333333333,0.5815820461366235,0.3639007820061869,0.5317249935063211,0.9397188564986607,0.5317249935063211,power,9.644159317016602,11.069783210754395,11.97574234008789,0.001913177315145731,0.00013383394635836163,20.0,0.3484655172413793
femnist,randk,135,0.35,141477,404222,0.4576578315719962,83.73983739837398,0.5813080082094766,0.3639316453569835,0.5317249935063211,0.9397188564986607,0.5317249935063211,power,9.600189208984375,11.392172813415527,11.656301498413086,0.0018694581231102347,0.00012666555466737104,20.0,0.3484655172413793
femnist,randk,136,0.35,141477,404222,0.44802866737358277,82.92682926829268,0.5750540136321773,0.35219110123596625,0.5317249935063211,0.9397188564986607,0.5317249935063211,power,9.582191467285156,11.365482330322266,11.802970886230469,0.0019476601155474782,0.00012864593591509058,20.0,0.3484655172413793
femnist,randk,137,0.35,141477,404222,0.5056957854935898,83.33333333333333,0.5722037834849784,0.3453790999395415,0.5317249935063211,0.9397188564986607,0.5317249935063211,power,9.585915565490723,11.20212459564209,11.900131225585938,0.0018947044154629111,0.00012834758475894294,20.0,0.3484655172413793
femnist,randk,138,0.35,141477,404222,0.46613530870294195,83.130081300813,0.5653344131097561,0.3659307704193905,0.5317249935063211,0.9397188564986607,0.5317249935063211,power,9.626225471496582,11.645051002502441,12.11142349243164,0.0019119457574561238,0.00013595789513784658,20.0,0.3484655172413793
femnist,randk,139,0.35,141477,404222,0.48914348194375623,83.33333333333333,0.5656095055060658,0.35425500271224364,0.5317249935063211,0.9397188564986607,0.5317249935063211,power,9.581602096557617,11.219765663146973,12.01718807220459,0.0018460591090843081,0.00012335618055432177,20.0,0.3484655172413793
femnist,randk,140,0.35,141477,404222,0.5200448918435722,83.33333333333333,0.563321617560658,0.3810755495298261,0.5317249935063211,0.9397188564986607,0.5317249935063211,power,9.600354194641113,11.224104881286621,11.384468078613281,0.0020350986160337925,0.00012978352994396852,20.0,0.3484655172413793
femnist,randk,141,0.35,141477,404222,0.461927334163338,83.73983739837398,0.5630243192843305,0.358358023970777,0.5317249935063211,0.9397188564986607,0.5317249935063211,power,9.61586856842041,11.201595306396484,11.835102081298828,0.0018669951241463423,0.00012985515764351002,20.0,0.3484655172413793
femnist,randk,142,0.35,141477,404222,0.41999385417439045,83.33333333333333,0.5600045056847053,0.354321540503244,0.5317249935063211,0.9397188564986607,0.5317249935063211,power,9.640413284301758,11.163665771484375,11.679880142211914,0.001987684750929475,0.00013436476486074848,20.0,0.3484655172413793
femnist,randk,143,0.35,141477,404222,0.5783162441011519,82.72357723577235,0.5575201763370172,0.35862540628766876,0.5317249935063211,0.9397188564986607,0.5317249935063211,power,9.611310958862305,10.930477142333984,11.695113182067871,0.0019396551651880145,0.00013075209760457542,20.0,0.3484655172413793
femnist,randk,144,0.35,141477,404222,0.4387583786342293,83.9430894308943,0.5556899900358867,0.33792795392699004,0.5317249935063211,0.9397188564986607,0.5317249935063211,power,9.598551750183105,11.224627494812012,11.94105052947998,0.001934113330207765,0.0001275814632834954,20.0,0.3484655172413793
femnist,randk,145,0.35,141477,404222,0.3997096585761756,83.73983739837398,0.5549217162093496,0.32700537558909637,0.5317249935063211,0.9397188564986607,0.5317249935063211,power,9.540419578552246,11.24324893951416,12.6558837890625,0.0018534482223913074,0.00012182610908507185,20.0,0.3484655172413793
femnist,randk,146,0.35,141477,404222,0.4556540609244257,83.9430894308943,0.5553678186928354,0.3831219027272029,0.5317249935063211,0.9397188564986607,0.5317249935063211,power,9.585417747497559,11.466750144958496,12.067107200622559,0.0018392857164144516,0.0001210410961520161,20.0,0.3484655172413793
femnist,randk,147,0.35,141477,404222,0.4496195423789323,83.53658536585365,0.5546252242917937,0.35937557558200167,0.5317249935063211,0.9397188564986607,0.5317249935063211,power,9.530723571777344,11.104047775268555,11.396678924560547,0.001929802936501801,0.00011730953546070579,20.0,0.3484655172413793
femnist,randk,148,0.35,141477,404222,0.4418704979913309,83.33333333333333,0.5492153632931593,0.37089677328159293,0.5317249935063211,0.9397188564986607,0.5317249935063211,power,9.559081077575684,11.224631309509277,11.440250396728516,0.0019291872158646584,0.0001238352336492405,20.0,0.3484655172413793
femnist,randk,149,0.35,141477,404222,0.4117572152754292,83.33333333333333,0.5571529729579522,0.34309285693892755,0.5317249935063211,0.9397188564986607,0.5317249935063211,power,9.595130920410156,11.043442726135254,11.154842376708984,0.0019119457574561238,0.00012971834307274422,20.0,0.3484655172413793
femnist,randk,150,0.35,141477,404222,0.4433622603537515,83.53658536585365,0.5630780972116362,0.3567898838303995,0.5317249935063211,0.9397188564986607,0.5317249935063211,power,9.530194282531738,11.008633613586426,12.117362976074219,0.001871921238489449,0.00011732187940206663,20.0,0.3484655172413793
femnist,randk,151,0.35,141477,404222,0.41409007452428337,83.53658536585365,0.5658563133177719,0.3541256908586661,0.5317249935063211,0.9397188564986607,0.5317249935063211,power,9.576254844665527,10.933079719543457,11.290775299072266,0.0018940886948257685,0.0001193928980905695,20.0,0.3484655172413793
femnist,randk,152,0.35,141477,404222,0.4823932623490691,83.130081300813,0.5591831982620363,0.34554094542383423,0.5317249935063211,0.9397188564986607,0.5317249935063211,power,9.532779693603516,10.985503196716309,11.025976181030273,0.001881157630123198,0.0001149400703778744,20.0,0.3484655172413793
femnist,randk,153,0.35,141477,404222,0.4183490133192391,84.34959349593495,0.5533989386829904,0.3320083367644356,0.5317249935063211,0.9397188564986607,0.5317249935063211,power,9.58062744140625,11.171952247619629,11.455453872680664,0.0019827585201710463,0.0001259855333111658,20.0,0.3484655172413793
femnist,randk,154,0.35,141477,404222,0.4201019685715437,83.73983739837398,0.5517549592305006,0.33767966069868793,0.5317249935063211,0.9397188564986607,0.5317249935063211,power,9.62822151184082,11.021562576293945,11.760293006896973,0.001966133015230298,0.0001359692956138974,20.0,0.3484655172413793
femnist,randk,155,0.35,141477,404222,0.4035421379934996,83.9430894308943,0.5507848476006733,0.36451387079187836,0.5317249935063211,0.9397188564986607,0.5317249935063211,power,9.646221160888672,10.98905086517334,11.743439674377441,0.0019365763291716576,0.00013331030279472984,20.0,0.3484655172413793
femnist,randk,156,0.35,141477,404222,0.41704840451478953,82.92682926829268,0.5474383966709541,0.354576361888552,0.5317249935063211,0.9397188564986607,0.5317249935063211,power,9.465161323547363,10.90570068359375,11.365816116333008,0.0018793103517964482,0.00010578863473909555,20.0,0.3484655172413793
femnist,randk,157,0.35,141477,404222,0.3902597115002573,83.130081300813,0.5462279280995935,0.33375508679921145,0.5317249935063211,0.9397188564986607,0.5317249935063211,power,9.679479598999023,11.80066204071045,11.93599796295166,0.001855295617133379,0.00014514582970667547,20.0,0.3484655172413793
femnist,randk,158,0.35,141477,404222,0.4441402524150907,83.33333333333333,0.5444495968702363,0.35474569556602276,0.5317249935063211,0.9397188564986607,0.5317249935063211,power,9.60427188873291,11.2564697265625,11.44954776763916,0.001822044374421239,0.0001240777555096336,20.0,0.3484655172413793
femnist,randk,159,0.35,141477,404222,0.39513494246639314,83.53658536585365,0.5405349731445312,0.3471158989362852,0.5317249935063211,0.9397188564986607,0.5317249935063211,power,9.565224647521973,11.1470308303833,11.261606216430664,0.0019285713788121939,0.00012404445293123746,20.0,0.3484655172413793
femnist,randk,160,0.35,141477,404222,0.5056661512702704,84.14634146341463,0.5374859445463351,0.3360416585255731,0.5317249935063211,0.9397188564986607,0.5317249935063211,power,9.595779418945312,11.311175346374512,11.520861625671387,0.0019913793075829744,0.00013086440269697037,20.0,0.3484655172413793
femnist,randk,161,0.35,141477,404222,0.4209022035868838,84.14634146341463,0.5422607669985391,0.3554476782105769,0.5317249935063211,0.9397188564986607,0.5317249935063211,power,9.592473030090332,11.11450481414795,11.635053634643555,0.00195566494949162,0.0001284458257388658,20.0,0.3484655172413793
femnist,randk,162,0.35,141477,404222,0.3893173638405278,83.73983739837398,0.5472109414697662,0.36040584408267123,0.5317249935063211,0.9397188564986607,0.5317249935063211,power,9.565693855285645,11.476044654846191,11.518274307250977,0.0018953202525153756,0.00012513334711257903,20.0,0.3484655172413793
femnist,randk,163,0.35,141477,404222,0.4301116764079779,83.9430894308943,0.5482258990528138,0.3388142854471821,0.5317249935063211,0.9397188564986607,0.5317249935063211,power,9.574383735656738,11.203702926635742,11.519866943359375,0.0019378078868612647,0.00013106856028579234,20.0,0.3484655172413793
femnist,randk,164,0.35,141477,404222,0.43120674143079674,83.53658536585365,0.5475017268483232,0.3470543328876162,0.5317249935063211,0.9397188564986607,0.5317249935063211,power,9.56751537322998,11.12987232208252,11.777381896972656,0.001828201930038631,0.0001218493675792611,20.0,0.3484655172413793
femnist,randk,165,0.35,141477,404222,0.41643907090649,84.34959349593495,0.5486027167095402,0.3392204674475821,0.5317249935063211,0.9397188564986607,0.5317249935063211,power,9.618084907531738,10.987064361572266,11.842389106750488,0.001910098479129374,0.00012889301661590935,20.0,0.3484655172413793
femnist,randk,166,0.35,141477,404222,0.4697028650762515,83.130081300813,0.5460093428448933,0.3614143004324853,0.5317249935063211,0.9397188564986607,0.5317249935063211,power,9.571754455566406,11.162398338317871,11.255226135253906,0.001979679800570011,0.00012555783190002396,20.0,0.3484655172413793
femnist,randk,167,0.35,141477,404222,0.4941502921096982,83.73983739837398,0.5432976823512131,0.32448053726697174,0.5317249935063211,0.9397188564986607,0.5317249935063211,power,9.602453231811523,11.553935050964355,11.845990180969238,0.0018922414164990187,0.00012997074394438418,20.0,0.3484655172413793
femnist,randk,168,0.35,141477,404222,0.3878480172809214,83.9430894308943,0.5392328277836002,0.3425830838547673,0.5317249935063211,0.9397188564986607,0.5317249935063211,power,9.617953300476074,11.561630249023438,11.716951370239258,0.0018953202525153756,0.00013281465352199683,20.0,0.3484655172413793
femnist,randk,169,0.35,141477,404222,0.3641690811607986,83.73983739837398,0.5411075498999619,0.3544820582122118,0.5317249935063211,0.9397188564986607,0.5317249935063211,power,9.577069282531738,11.160205841064453,11.691551208496094,0.0019538176711648703,0.00012453406676359496,20.0,0.3484655172413793
femnist,randk,170,0.35,141477,404222,0.4395229221414775,83.53658536585365,0.5425517384598895,0.345994325513246,0.5317249935063211,0.9397188564986607,0.5317249935063211,power,9.589425086975098,10.976889610290527,11.682165145874023,0.001887315302155912,0.00012418110430189615,20.0,0.3484655172413793
femnist,randk,171,0.35,141477,404222,0.3748187447991222,83.33333333333333,0.5436477040856834,0.37044859461007534,0.5317249935063211,0.9397188564986607,0.5317249935063211,power,9.617938041687012,11.22230339050293,12.342565536499023,0.0019581280648708344,0.00013813197304077496,20.0,0.3484655172413793
femnist,randk,172,0.35,141477,404222,0.38366610609926277,82.92682926829268,0.5430785388481326,0.37556841160404736,0.5317249935063211,0.9397188564986607,0.5317249935063211,power,9.612029075622559,11.01140308380127,11.560364723205566,0.001913177315145731,0.0001280011729872819,20.0,0.3484655172413793
femnist,randk,173,0.35,141477,404222,0.3932184536894783,83.130081300813,0.5408374817390752,0.33798706836403763,0.5317249935063211,0.9397188564986607,0.5317249935063211,power,9.59713077545166,10.982234954833984,11.085763931274414,0.0020049260929226875,0.00012861220318737313,20.0,0.3484655172413793
femnist,randk,174,0.35,141477,404222,0.3740473864926025,83.53658536585365,0.5387132846243013,0.37700421760534497,0.5317249935063211,0.9397188564986607,0.5317249935063211,power,9.622453689575195,11.096314430236816,11.375264167785645,0.001935960608534515,0.0001269204020275551,20.0,0.3484655172413793
femnist,randk,175,0.35,141477,404222,0.3722368323616684,83.33333333333333,0.5377231380803799,0.37897793864635326,0.5317249935063211,0.9397188564986607,0.5317249935063211,power,9.571699142456055,11.043975830078125,11.33048152923584,0.001981527078896761,0.00012709617787623928,20.0,0.3484655172413793
femnist,randk,176,0.35,141477,404222,0.402034499887377,83.33333333333333,0.5368566125389037,0.3581741571553893,0.5317249935063211,0.9397188564986607,0.5317249935063211,power,9.602197647094727,11.216949462890625,11.6231050491333,0.0019144088728353381,0.00012726919541255046,20.0,0.3484655172413793
femnist,randk,177,0.35,141477,404222,0.3987632546387613,83.53658536585365,0.5365566470758701,0.3527309045104273,0.5317249935063211,0.9397188564986607,0.5317249935063211,power,9.597580909729004,11.113256454467773,11.467517852783203,0.0018971675308421254,0.00012784855727068743,20.0,0.3484655172413793
femnist,randk,178,0.35,141477,404222,0.3573643850535155,82.92682926829268,0.5338896464526168,0.35051938675356087,0.5317249935063211,0.9397188564986607,0.5317249935063211,power,9.607176780700684,11.178268432617188,12.293802261352539,0.0019273399375379086,0.00013247200263380224,20.0,0.3484655172413793
femnist,randk,179,0.35,141477,404222,0.43331879955716435,83.33333333333333,0.5286196576870554,0.3571519717611355,0.5317249935063211,0.9397188564986607,0.5317249935063211,power,9.53943920135498,11.107731819152832,11.68679141998291,0.0018848521867766976,0.0001188241942169546,20.0,0.3484655172413793
femnist,randk,180,0.35,141477,404222,0.36938465053215624,84.34959349593495,0.5219988318962779,0.35704372068674933,0.5317249935063211,0.9397188564986607,0.5317249935063211,power,9.610419273376465,11.201478958129883,11.431740760803223,0.0019458128372207284,0.00013040180573237293,20.0,0.3484655172413793
femnist,randk,181,0.35,141477,404222,0.3467406584508717,84.14634146341463,0.5192738974966654,0.3253903440796064,0.5317249935063211,0.9397188564986607,0.5317249935063211,power,9.554342269897461,10.812078475952148,11.029764175415039,0.0019809112418442965,0.0001204874714497324,20.0,0.3484655172413793
femnist,randk,182,0.35,141477,404222,0.4229949405137449,84.34959349593495,0.5186862480349657,0.3334268638779488,0.5317249935063211,0.9397188564986607,0.5317249935063211,power,9.585957527160645,11.364418029785156,12.677907943725586,0.001896551693789661,0.0001311822670148843,20.0,0.3484655172413793
femnist,randk,183,0.35,141477,404222,0.3625425708014518,83.53658536585365,0.5204183687039508,0.33965599413462233,0.5317249935063211,0.9397188564986607,0.5317249935063211,power,9.506021499633789,11.145370483398438,11.43555736541748,0.001876847236417234,0.00011212311860644142,20.0,0.3484655172413793
femnist,randk,184,0.35,141477,404222,0.3789848880749196,83.53658536585365,0.524481796636814,0.36054341883192587,0.5317249935063211,0.9397188564986607,0.5317249935063211,power,9.553454399108887,11.14989185333252,11.377488136291504,0.0019279556581750512,0.00012166578644860831,20.0,0.3484655172413793
femnist,randk,185,0.35,141477,404222,0.38326631264295424,84.14634146341463,0.5194695945677719,0.3305855088058024,0.5317249935063211,0.9397188564986607,0.5317249935063211,power,9.518942832946777,11.082491874694824,11.458332061767578,0.0018891625804826617,0.00011700202430361813,20.0,0.3484655172413793
femnist,randk,186,0.35,141477,404222,0.3649503771308809,84.14634146341463,0.5144809319721004,0.35460826562573855,0.5317249935063211,0.9397188564986607,0.5317249935063211,power,9.617337226867676,11.127436637878418,11.330901145935059,0.0019513546722009778,0.00013030300628406042,20.0,0.3484655172413793
femnist,randk,187,0.35,141477,404222,0.3289594533015043,84.55284552845528,0.5100393838029567,0.3656701608397955,0.5317249935063211,0.9397188564986607,0.5317249935063211,power,9.572916030883789,11.382909774780273,12.297924041748047,0.001920566544868052,0.00012391092797128136,20.0,0.3484655172413793
femnist,randk,188,0.35,141477,404222,0.41660518664168195,85.5691056910569,0.5150402658353976,0.3671866323572222,0.5317249935063211,0.9397188564986607,0.5317249935063211,power,9.576987266540527,10.915054321289062,11.711139678955078,0.0019729062914848328,0.00012973457240257407,20.0,0.3484655172413793
femnist,randk,189,0.35,141477,404222,0.3321680288016796,83.9430894308943,0.5176153725724879,0.33705144790688313,0.5317249935063211,0.9397188564986607,0.5317249935063211,power,9.590272903442383,11.05482006072998,11.583520889282227,0.0019932265859097242,0.0001315922864820359,20.0,0.3484655172413793
femnist,randk,190,0.35,141477,404222,0.33552087152376775,84.34959349593495,0.5148689456102324,0.32813041572979357,0.5317249935063211,0.9397188564986607,0.5317249935063211,power,9.5750150680542,11.38541316986084,11.432799339294434,0.001841748715378344,0.0001164366287955511,20.0,0.3484655172413793
femnist,randk,191,0.35,141477,404222,0.3531428266130387,83.53658536585365,0.5103940265934642,0.35693869616952845,0.5317249935063211,0.9397188564986607,0.5317249935063211,power,9.50259017944336,11.119475364685059,11.370034217834473,0.0019168718717992306,0.00011519028406788725,20.0,0.3484655172413793
femnist,randk,192,0.35,141477,404222,0.3458243455551565,83.53658536585365,0.5085188702839177,0.33770356903419196,0.5317249935063211,0.9397188564986607,0.5317249935063211,power,9.619414329528809,11.312712669372559,11.684814453125,0.0018694581231102347,0.00012829794096593222,20.0,0.3484655172413793
femnist,randk,193,0.35,141477,404222,0.37729637060780075,84.34959349593495,0.5098363364615092,0.3338502075622101,0.5317249935063211,0.9397188564986607,0.5317249935063211,power,9.587087631225586,11.237338066101074,11.549304962158203,0.0019304187735542655,0.00012811982747271188,20.0,0.3484655172413793
femnist,randk,194,0.35,141477,404222,0.36787248483859003,84.34959349593495,0.5132824657409172,0.35556113668653416,0.5317249935063211,0.9397188564986607,0.5317249935063211,power,9.629305839538574,10.910524368286133,11.345072746276855,0.0018897783011198044,0.0001257669290991279,20.0,0.3484655172413793
femnist,randk,195,0.35,141477,404222,0.39489542532712224,83.73983739837398,0.5203501383463541,0.36997430991432145,0.5317249935063211,0.9397188564986607,0.5317249935063211,power,9.534934043884277,11.50747013092041,11.691079139709473,0.0018731526797637343,0.00012087825557674781,20.0,0.3484655172413793
femnist,randk,196,0.35,141477,404222,0.378834430181887,83.9430894308943,0.5241004509654471,0.3843513317905691,0.5317249935063211,0.9397188564986607,0.5317249935063211,power,9.537744522094727,11.147814750671387,11.454654693603516,0.0019002462504431605,0.0001150354939092173,20.0,0.3484655172413793
femnist,randk,197,0.35,141477,404222,0.3841760847810656,83.33333333333333,0.5252529237328506,0.33396034154994425,0.5317249935063211,0.9397188564986607,0.5317249935063211,power,9.628288269042969,11.150374412536621,11.716870307922363,0.0019458128372207284,0.000128956285183919,20.0,0.3484655172413793
femnist,randk,198,0.35,141477,404222,0.3415918237669394,83.53658536585365,0.521806980536236,0.36355757030957614,0.5317249935063211,0.9397188564986607,0.5317249935063211,power,9.499767303466797,10.853586196899414,11.569695472717285,0.0018602217314764857,0.00010944978228867496,20.0,0.3484655172413793
femnist,randk,199,0.35,141477,404222,0.3086696503916756,84.7560975609756,0.5163773947614965,0.3527770417985189,0.5317249935063211,0.9397188564986607,0.5317249935063211,power,9.545062065124512,11.234227180480957,11.46975040435791,0.0018651477294042706,0.00011220853634760132,20.0,0.3484655172413793
femnist,randk,200,0.35,141477,404222,0.3997297092434019,83.9430894308943,0.5130004262536522,0.340069482580187,0.5317249935063211,0.9397188564986607,0.5317249935063211,power,9.623356819152832,11.11133098602295,11.782876014709473,0.0020030788145959377,0.0001382392006143485,20.0,0.3484655172413793
femnist,full,1,1.0,404222,404222,3.954741446971893,8.333333333333334,3.8214131176956303,1.0,0.3145719702064071,0.5559437975250668,0.3145719702064071,power,9.564002990722656,10.917866706848145,11.143850326538086,0.001945197000168264,0.00012373124775716014,20.0,0.9956206896551724
femnist,full,2,1.0,404222,404222,3.7679982686042783,14.83739837398374,3.718517272452998,1.0,0.3145719702064071,0.5559437975250668,0.3145719702064071,power,9.58320426940918,11.518509864807129,12.024067878723145,0.0019304187735542655,0.00012965984707500886,20.0,0.9956206896551724
femnist,full,3,1.0,404222,404222,3.694961266517639,22.764227642276424,3.5930485919239077,1.0,0.3145719702064071,0.5559437975250668,0.3145719702064071,power,9.600224494934082,11.601688385009766,11.825553894042969,0.001852216781117022,0.0001289892500300811,20.0,0.9956206896551724
femnist,full,4,1.0,404222,404222,3.594988460540771,22.357723577235774,3.5371756204744664,1.0,0.3145719702064071,0.5559437975250668,0.3145719702064071,power,9.540611267089844,10.914596557617188,11.044344902038574,0.0018516009440645576,0.00011222297530057873,20.0,0.9956206896551724
femnist,full,5,1.0,404222,404222,3.5693400287628174,28.252032520325205,3.4157089605564024,1.0,0.3145719702064071,0.5559437975250668,0.3145719702064071,power,9.577373504638672,11.203496932983398,11.517156600952148,0.0019187192665413022,0.00012492276423071278,20.0,0.9956206896551724
femnist,full,6,1.0,404222,404222,3.497344454526901,34.146341463414636,3.3548894122364077,1.0,0.3145719702064071,0.5559437975250668,0.3145719702064071,power,9.601398468017578,11.162192344665527,11.494974136352539,0.001979679800570011,0.000132024133362349,20.0,0.9956206896551724
femnist,full,7,1.0,404222,404222,3.363835780620575,32.926829268292686,3.2102953903074187,1.0,0.3145719702064071,0.5559437975250668,0.3145719702064071,power,9.588172912597656,11.035356521606445,11.250961303710938,0.0019488916732370853,0.00012351014289018074,20.0,0.9956206896551724
femnist,full,8,1.0,404222,404222,3.4396012115478514,27.235772357723576,3.2421845226753048,1.0,0.3145719702064071,0.5559437975250668,0.3145719702064071,power,9.564857482910156,11.126437187194824,11.778291702270508,0.0018786946311593056,0.0001286012873871795,20.0,0.9956206896551724
femnist,full,9,1.0,404222,404222,3.3064693248271944,33.739837398373986,3.0877355560054625,1.0,0.3145719702064071,0.5559437975250668,0.3145719702064071,power,9.558123588562012,11.144749641418457,11.246262550354004,0.0018910098588094115,0.00011635526868210305,20.0,0.9956206896551724
femnist,full,10,1.0,404222,404222,3.1975093305110933,37.19512195121951,2.988515962430132,1.0,0.3145719702064071,0.5559437975250668,0.3145719702064071,power,9.615090370178223,11.640012741088867,11.905607223510742,0.0019685961306095123,0.00012910340050260492,20.0,0.9956206896551724
femnist,full,11,1.0,404222,404222,3.0850362372398377,41.46341463414634,2.930684159441692,1.0,0.3145719702064071,0.5559437975250668,0.3145719702064071,power,9.596660614013672,11.171916007995605,11.376566886901855,0.0019458128372207284,0.00012671700259579512,20.0,0.9956206896551724
femnist,full,12,1.0,404222,404222,3.0173696804046632,39.63414634146341,2.7838665721862297,1.0,0.3145719702064071,0.5559437975250668,0.3145719702064071,power,9.57189655303955,11.28268814086914,11.882915496826172,0.001959975343197584,0.0001299138505350763,20.0,0.9956206896551724
femnist,full,13,1.0,404222,404222,2.9527524185180662,44.10569105691057,2.702345933371443,1.0,0.3145719702064071,0.5559437975250668,0.3145719702064071,power,9.550694465637207,11.280763626098633,11.57380485534668,0.001932881772518158,0.00012413763205435205,20.0,0.9956206896551724
femnist,full,14,1.0,404222,404222,2.941262513399124,44.91869918699187,2.5977857636242376,1.0,0.3145719702064071,0.5559437975250668,0.3145719702064071,power,9.544112205505371,11.252442359924316,11.52505874633789,0.0018916255794465542,0.0001179582455396336,20.0,0.9956206896551724
femnist,full,15,1.0,404222,404222,2.833310911655426,46.951219512195124,2.564898235041921,1.0,0.3145719702064071,0.5559437975250668,0.3145719702064071,power,9.500018119812012,10.713449478149414,11.067242622375488,0.0018004926387220621,0.00011021485313656285,20.0,0.9956206896551724
femnist,full,16,1.0,404222,404222,2.74250872194767,46.7479674796748,2.4623405642625764,1.0,0.3145719702064071,0.5559437975250668,0.3145719702064071,power,9.625777244567871,11.483589172363281,12.904196739196777,0.0019353447714820504,0.00013786675009252127,20.0,0.9956206896551724
femnist,full,17,1.0,404222,404222,2.6876194775104523,49.390243902439025,2.439072523659807,1.0,0.3145719702064071,0.5559437975250668,0.3145719702064071,power,9.596620559692383,11.247542381286621,12.213010787963867,0.0019107143161818385,0.00012644480648228926,20.0,0.9956206896551724
femnist,full,18,1.0,404222,404222,2.6040849387645726,48.78048780487805,2.326781234120935,1.0,0.3145719702064071,0.5559437975250668,0.3145719702064071,power,9.613466262817383,11.392641067504883,11.930181503295898,0.0018928571371361613,0.00013031961399741953,20.0,0.9956206896551724
femnist,full,19,1.0,404222,404222,2.43233095318079,49.390243902439025,2.1885304024549033,1.0,0.3145719702064071,0.5559437975250668,0.3145719702064071,power,9.56771469116211,11.279258728027344,11.546412467956543,0.001867610844783485,0.00012361020947119965,20.0,0.9956206896551724
femnist,full,20,1.0,404222,404222,2.5093521136045456,53.45528455284553,2.143948686801321,1.0,0.3145719702064071,0.5559437975250668,0.3145719702064071,power,9.474833488464355,10.960378646850586,11.252801895141602,0.001913177315145731,0.00011129837852557401,20.0,0.9956206896551724
femnist,full,21,1.0,404222,404222,2.4853265893459318,51.829268292682926,2.162948484343242,1.0,0.3145719702064071,0.5559437975250668,0.3145719702064071,power,9.564520835876465,11.254612922668457,11.987198829650879,0.0019353447714820504,0.00013003290264630102,20.0,0.9956206896551724
femnist,full,22,1.0,404222,404222,2.2761753845214843,55.28455284552845,1.983536883098323,1.0,0.3145719702064071,0.5559437975250668,0.3145719702064071,power,9.490643501281738,10.771515846252441,11.48782730102539,0.001762931002303958,0.00010550322964600316,20.0,0.9956206896551724
femnist,full,23,1.0,404222,404222,2.290753074288369,51.016260162601625,1.9782469214462652,1.0,0.3145719702064071,0.5559437975250668,0.3145719702064071,power,9.549110412597656,10.974621772766113,11.087894439697266,0.0018466748297214508,0.00012175349030769657,20.0,0.9956206896551724
femnist,full,24,1.0,404222,404222,2.2420301198959347,53.2520325203252,1.9870842414173653,1.0,0.3145719702064071,0.5559437975250668,0.3145719702064071,power,9.57761287689209,11.133155822753906,11.552762031555176,0.001896551693789661,0.0001242598956405538,20.0,0.9956206896551724
femnist,full,25,1.0,404222,404222,2.1008147734403613,55.08130081300813,1.8299448897198933,1.0,0.3145719702064071,0.5559437975250668,0.3145719702064071,power,9.601600646972656,10.90536880493164,11.070308685302734,0.0018700738437473774,0.0001306875054954951,20.0,0.9956206896551724
femnist,full,26,1.0,404222,404222,2.1426762761175633,59.146341463414636,1.7708262621871824,1.0,0.3145719702064071,0.5559437975250668,0.3145719702064071,power,9.516579627990723,11.119965553283691,11.256314277648926,0.0019137931521981955,0.00011841938916297205,20.0,0.9956206896551724
femnist,full,27,1.0,404222,404222,2.080790127515793,60.36585365853659,1.7148546668572155,1.0,0.3145719702064071,0.5559437975250668,0.3145719702064071,power,9.573053359985352,11.040807723999023,11.243581771850586,0.0018983989721164107,0.0001232532457363356,20.0,0.9956206896551724
femnist,full,28,1.0,404222,404222,2.06091263115406,53.86178861788618,1.801002564469004,1.0,0.3145719702064071,0.5559437975250668,0.3145719702064071,power,9.595637321472168,11.249650001525879,11.65378475189209,0.001981527078896761,0.00013331093177199193,20.0,0.9956206896551724
femnist,full,29,1.0,404222,404222,1.9956033881008621,58.94308943089431,1.6585034626286204,1.0,0.3145719702064071,0.5559437975250668,0.3145719702064071,power,9.70412826538086,11.496992111206055,11.801855087280273,0.0019027093658223748,0.00014738140625729035,20.0,0.9956206896551724
femnist,full,30,1.0,404222,404222,1.9109911115467555,59.552845528455286,1.6203403627969386,1.0,0.3145719702064071,0.5559437975250668,0.3145719702064071,power,9.598498344421387,11.31970500946045,11.495052337646484,0.0019716748502105474,0.00013251564598599868,20.0,0.9956206896551724
femnist,full,31,1.0,404222,404222,1.8685553297400475,61.99186991869919,1.5506507439341972,1.0,0.3145719702064071,0.5559437975250668,0.3145719702064071,power,9.53631591796875,10.947854042053223,11.686445236206055,0.0018620690098032355,0.00011890836931069991,20.0,0.9956206896551724
femnist,full,32,1.0,404222,404222,1.8760620184242722,64.02439024390245,1.4829976151629192,1.0,0.3145719702064071,0.5559437975250668,0.3145719702064071,power,9.565515518188477,11.093963623046875,11.76917552947998,0.0019378078868612647,0.00012668458424254265,20.0,0.9956206896551724
femnist,full,33,1.0,404222,404222,1.7799302540719508,64.22764227642277,1.4545017645611027,1.0,0.3145719702064071,0.5559437975250668,0.3145719702064071,power,9.56436538696289,11.039322853088379,11.428777694702148,0.0019217979861423373,0.0001233663606313339,20.0,0.9956206896551724
femnist,full,34,1.0,404222,404222,1.757391782030463,64.02439024390245,1.4579560814834223,1.0,0.3145719702064071,0.5559437975250668,0.3145719702064071,power,9.678732872009277,11.405645370483398,11.86328411102295,0.002030172385275364,0.0001408477642663717,20.0,0.9956206896551724
femnist,full,35,1.0,404222,404222,1.7144273484125734,67.07317073170732,1.3925677043635671,1.0,0.3145719702064071,0.5559437975250668,0.3145719702064071,power,9.556236267089844,10.993449211120605,11.299863815307617,0.0019365763291716576,0.0001255161190417346,20.0,0.9956206896551724
femnist,full,36,1.0,404222,404222,1.5486535013467075,66.26016260162602,1.3158240589669081,1.0,0.3145719702064071,0.5559437975250668,0.3145719702064071,power,9.671860694885254,11.444549560546875,12.347869873046875,0.0018731526797637343,0.00014377378242758372,20.0,0.9956206896551724
femnist,full,37,1.0,404222,404222,1.5954408162832263,67.07317073170732,1.3252863690135925,1.0,0.3145719702064071,0.5559437975250668,0.3145719702064071,power,9.628454208374023,11.066961288452148,11.333024978637695,0.001987684750929475,0.00013988991966721172,20.0,0.9956206896551724
femnist,full,38,1.0,404222,404222,1.6626644407212734,68.29268292682927,1.3093709558006223,1.0,0.3145719702064071,0.5559437975250668,0.3145719702064071,power,9.622175216674805,10.912096977233887,11.490949630737305,0.001981527078896761,0.0001336454008395257,20.0,0.9956206896551724
femnist,full,39,1.0,404222,404222,1.5390516612678766,68.90243902439025,1.2585908222973832,1.0,0.3145719702064071,0.5559437975250668,0.3145719702064071,power,9.594698905944824,11.210501670837402,11.295181274414062,0.0019248768221586943,0.0001304063225729756,20.0,0.9956206896551724
femnist,full,40,1.0,404222,404222,1.4936809467524288,67.47967479674797,1.257360815032711,1.0,0.3145719702064071,0.5559437975250668,0.3145719702064071,power,9.485944747924805,10.887829780578613,11.702021598815918,0.0019211822655051947,0.00011101455478943374,20.0,0.9956206896551724
femnist,full,41,1.0,404222,404222,1.5901102980040014,70.52845528455285,1.236186578021786,1.0,0.3145719702064071,0.5559437975250668,0.3145719702064071,power,9.525599479675293,11.079255104064941,11.75073528289795,0.0019230295438319445,0.00012313170572246702,20.0,0.9956206896551724
femnist,full,42,1.0,404222,404222,1.4742620687931776,67.88617886178862,1.220055556878811,1.0,0.3145719702064071,0.5559437975250668,0.3145719702064071,power,9.586152076721191,11.578044891357422,11.962729454040527,0.001934113330207765,0.0001237863572306728,20.0,0.9956206896551724
femnist,full,43,1.0,404222,404222,1.4144640481844544,71.54471544715447,1.163373001222688,1.0,0.3145719702064071,0.5559437975250668,0.3145719702064071,power,9.521885871887207,11.203421592712402,11.352270126342773,0.001828201930038631,0.00011642221919018489,20.0,0.9956206896551724
femnist,full,44,1.0,404222,404222,1.5564470198377967,69.3089430894309,1.1670557037601625,1.0,0.3145719702064071,0.5559437975250668,0.3145719702064071,power,9.597639083862305,11.19755744934082,11.581647872924805,0.0018657635664567351,0.00012354236535272578,20.0,0.9956206896551724
femnist,full,45,1.0,404222,404222,1.3864074624702334,71.95121951219512,1.1376709976816566,1.0,0.3145719702064071,0.5559437975250668,0.3145719702064071,power,9.66272258758545,11.194021224975586,12.11148738861084,0.0019445812795311213,0.0001420648922855801,20.0,0.9956206896551724
femnist,full,46,1.0,404222,404222,1.4548768317699432,69.91869918699187,1.1497308994696391,1.0,0.3145719702064071,0.5559437975250668,0.3145719702064071,power,9.605995178222656,11.233399391174316,11.60344123840332,0.001903940923511982,0.00012284156514545962,20.0,0.9956206896551724
femnist,full,47,1.0,404222,404222,1.394336883891374,71.54471544715447,1.1142523540713922,1.0,0.3145719702064071,0.5559437975250668,0.3145719702064071,power,9.576555252075195,11.114712715148926,11.323018074035645,0.0019291872158646584,0.00012309082129230556,20.0,0.9956206896551724
femnist,full,48,1.0,404222,404222,1.360398632530123,74.1869918699187,1.0863168607882367,1.0,0.3145719702064071,0.5559437975250668,0.3145719702064071,power,9.616488456726074,10.944007873535156,11.103190422058105,0.001977216685190797,0.0001313646428599332,20.0,0.9956206896551724
femnist,full,49,1.0,404222,404222,1.3584901778772474,72.15447154471545,1.0598978182164633,1.0,0.3145719702064071,0.5559437975250668,0.3145719702064071,power,9.602137565612793,11.170062065124512,11.308134078979492,0.0019217979861423373,0.00012827384782597323,20.0,0.9956206896551724
femnist,full,50,1.0,404222,404222,1.4012403571605683,73.3739837398374,1.0632461920017149,1.0,0.3145719702064071,0.5559437975250668,0.3145719702064071,power,9.54505443572998,11.344548225402832,11.731019973754883,0.0019741379655897617,0.00012223242076761916,20.0,0.9956206896551724
femnist,full,51,1.0,404222,404222,1.2735042208060623,73.17073170731707,1.0430090679385797,1.0,0.3145719702064071,0.5559437975250668,0.3145719702064071,power,9.55427360534668,11.446046829223633,12.564695358276367,0.00195751222781837,0.0001288296751922611,20.0,0.9956206896551724
femnist,full,52,1.0,404222,404222,1.3471819527819755,73.3739837398374,1.043718911767975,1.0,0.3145719702064071,0.5559437975250668,0.3145719702064071,power,9.54811954498291,11.212882995605469,11.342693328857422,0.001897783251479268,0.00011682774076200248,20.0,0.9956206896551724
femnist,full,53,1.0,404222,404222,1.3115209742262959,73.78048780487805,1.049753080538618,1.0,0.3145719702064071,0.5559437975250668,0.3145719702064071,power,9.643330574035645,11.446046829223633,11.634984016418457,0.0019421182805672288,0.00013921907354006222,20.0,0.9956206896551724
femnist,full,54,1.0,404222,404222,1.2661107293516396,72.96747967479675,1.0050048207849023,1.0,0.3145719702064071,0.5559437975250668,0.3145719702064071,power,9.555312156677246,11.0805025100708,11.322998046875,0.0018823891878128052,0.00012180616418545701,20.0,0.9956206896551724
femnist,full,55,1.0,404222,404222,1.2036399353295564,75.0,0.9752577494799606,1.0,0.3145719702064071,0.5559437975250668,0.3145719702064071,power,9.563973426818848,10.968531608581543,11.144477844238281,0.0019273399375379086,0.00011974745410167306,20.0,0.9956206896551724
femnist,full,56,1.0,404222,404222,1.3406958632171155,74.39024390243902,0.9786819830173399,1.0,0.3145719702064071,0.5559437975250668,0.3145719702064071,power,9.532367706298828,11.198407173156738,11.588663101196289,0.0018392857164144516,0.00011901588175700313,20.0,0.9956206896551724
femnist,full,57,1.0,404222,404222,1.2323335532844069,74.39024390243902,0.9884024519261306,1.0,0.3145719702064071,0.5559437975250668,0.3145719702064071,power,9.619317054748535,10.954615592956543,11.75296401977539,0.0019384236074984074,0.00012935647419968672,20.0,0.9956206896551724
femnist,full,58,1.0,404222,404222,1.2334113960713147,75.40650406504065,0.9702211085373793,1.0,0.3145719702064071,0.5559437975250668,0.3145719702064071,power,9.590559005737305,11.646085739135742,12.51624870300293,0.0019378078868612647,0.0001373998495900092,20.0,0.9956206896551724
femnist,full,59,1.0,404222,404222,1.2179268964566292,73.98373983739837,1.0035726655789508,1.0,0.3145719702064071,0.5559437975250668,0.3145719702064071,power,9.647331237792969,11.415570259094238,11.74810791015625,0.0019211822655051947,0.00013976628897432482,20.0,0.9956206896551724
femnist,full,60,1.0,404222,404222,1.1570750762149693,76.01626016260163,0.9540785502612106,1.0,0.3145719702064071,0.5559437975250668,0.3145719702064071,power,9.524707794189453,10.900696754455566,11.195222854614258,0.0018485222244635224,0.00011295874233381055,20.0,0.9956206896551724
femnist,full,61,1.0,404222,404222,1.092899591214955,75.40650406504065,0.9260711669921875,1.0,0.3145719702064071,0.5559437975250668,0.3145719702064071,power,9.618241310119629,11.077408790588379,11.547292709350586,0.0019365763291716576,0.0001276547968344988,20.0,0.9956206896551724
femnist,full,62,1.0,404222,404222,1.172783515518531,74.39024390243902,0.9319165237550813,1.0,0.3145719702064071,0.5559437975250668,0.3145719702064071,power,9.609633445739746,11.003070831298828,11.211374282836914,0.0019088670378550887,0.00012453047059196606,20.0,0.9956206896551724
femnist,full,63,1.0,404222,404222,1.208893973007798,75.8130081300813,0.919658319736884,1.0,0.3145719702064071,0.5559437975250668,0.3145719702064071,power,9.623648643493652,11.117612838745117,11.970407485961914,0.0019334974931553006,0.00013275684040235726,20.0,0.9956206896551724
femnist,full,64,1.0,404222,404222,1.1285875140875576,76.6260162601626,0.8978067413578189,1.0,0.3145719702064071,0.5559437975250668,0.3145719702064071,power,9.628889083862305,11.557317733764648,12.075942993164062,0.001946428557857871,0.0001313152570154902,20.0,0.9956206896551724
femnist,full,65,1.0,404222,404222,1.2612823979370298,76.6260162601626,0.9029626613709985,1.0,0.3145719702064071,0.5559437975250668,0.3145719702064071,power,9.569558143615723,10.831978797912598,11.084251403808594,0.0018183497013524175,0.00011982536846219554,20.0,0.9956206896551724
femnist,full,66,1.0,404222,404222,1.1257686127536,77.03252032520325,0.8802455498920223,1.0,0.3145719702064071,0.5559437975250668,0.3145719702064071,power,9.508055686950684,11.299116134643555,11.81051254272461,0.0018762315157800913,0.00011716523774838467,20.0,0.9956206896551724
femnist,full,67,1.0,404222,404222,1.0749691037833693,76.21951219512195,0.8736020220004446,1.0,0.3145719702064071,0.5559437975250668,0.3145719702064071,power,9.551939010620117,11.386598587036133,11.550139427185059,0.001937192166224122,0.0001243248849808944,20.0,0.9956206896551724
femnist,full,68,1.0,404222,404222,1.0721461301855744,77.64227642276423,0.8687664745299797,1.0,0.3145719702064071,0.5559437975250668,0.3145719702064071,power,9.602289199829102,11.054662704467773,11.236457824707031,0.0019193349871784449,0.00012882673094289848,20.0,0.9956206896551724
femnist,full,69,1.0,404222,404222,1.1750692388322204,75.8130081300813,0.876184479007876,1.0,0.3145719702064071,0.5559437975250668,0.3145719702064071,power,9.583459854125977,11.368319511413574,12.219993591308594,0.0019458128372207284,0.00013398656245039824,20.0,0.9956206896551724
femnist,full,70,1.0,404222,404222,1.0351436564326286,76.21951219512195,0.8577344940929879,1.0,0.3145719702064071,0.5559437975250668,0.3145719702064071,power,9.521368026733398,11.292888641357422,11.839743614196777,0.001828201930038631,0.00011407790933282243,20.0,0.9956206896551724
femnist,full,71,1.0,404222,404222,1.0793528010696172,76.82926829268293,0.8513556999888846,1.0,0.3145719702064071,0.5559437975250668,0.3145719702064071,power,9.602224349975586,11.086167335510254,11.318500518798828,0.0019532020669430494,0.00013049584948094886,20.0,0.9956206896551724
femnist,full,72,1.0,404222,404222,1.0921967810951174,77.64227642276423,0.8436727136131225,1.0,0.3145719702064071,0.5559437975250668,0.3145719702064071,power,9.55201244354248,11.159926414489746,11.61305046081543,0.0018442118307575583,0.00012549479862633724,20.0,0.9956206896551724
femnist,full,73,1.0,404222,404222,0.9814176965504885,77.84552845528455,0.8279159049677655,1.0,0.3145719702064071,0.5559437975250668,0.3145719702064071,power,9.600546836853027,10.963610649108887,11.354007720947266,0.0019501231145113707,0.00013130664865411375,20.0,0.9956206896551724
femnist,full,74,1.0,404222,404222,1.2673941554687915,77.23577235772358,0.8436746984962525,1.0,0.3145719702064071,0.5559437975250668,0.3145719702064071,power,9.524801254272461,11.122108459472656,12.017316818237305,0.0018996305298060179,0.00012374336980482047,20.0,0.9956206896551724
femnist,full,75,1.0,404222,404222,1.0945441716536881,77.23577235772358,0.8271898719353404,1.0,0.3145719702064071,0.5559437975250668,0.3145719702064071,power,9.548309326171875,11.18395709991455,11.453938484191895,0.0018602217314764857,0.00011703170701708345,20.0,0.9956206896551724
femnist,full,76,1.0,404222,404222,1.0115801515430212,79.47154471544715,0.8274873562944614,1.0,0.3145719702064071,0.5559437975250668,0.3145719702064071,power,9.588851928710938,11.286009788513184,11.449466705322266,0.001963054295629263,0.00012988498762158345,20.0,0.9956206896551724
femnist,full,77,1.0,404222,404222,0.9761096278950573,78.2520325203252,0.814618118410188,1.0,0.3145719702064071,0.5559437975250668,0.3145719702064071,power,9.627540588378906,11.356789588928223,11.699760437011719,0.0019181034294888377,0.00013515943090674018,20.0,0.9956206896551724
femnist,full,78,1.0,404222,404222,0.9169480908848344,78.65853658536585,0.8089031436579014,1.0,0.3145719702064071,0.5559437975250668,0.3145719702064071,power,9.622603416442871,11.357943534851074,11.490288734436035,0.0019735221285372972,0.0001385523852088499,20.0,0.9956206896551724
femnist,full,79,1.0,404222,404222,0.9940977822244166,78.45528455284553,0.7843268789896151,1.0,0.3145719702064071,0.5559437975250668,0.3145719702064071,power,9.588550567626953,11.111666679382324,11.574402809143066,0.001867610844783485,0.00012533102564511126,20.0,0.9956206896551724
femnist,full,80,1.0,404222,404222,1.0006616009026765,80.08130081300813,0.8016287950965447,1.0,0.3145719702064071,0.5559437975250668,0.3145719702064071,power,9.500567436218262,10.728917121887207,10.913738250732422,0.001835591159760952,0.00011163242814051079,20.0,0.9956206896551724
femnist,full,81,1.0,404222,404222,1.0538926016539334,78.2520325203252,0.799278817525724,1.0,0.3145719702064071,0.5559437975250668,0.3145719702064071,power,9.536516189575195,11.315104484558105,11.803152084350586,0.0019094827584922314,0.00012271117211521302,20.0,0.9956206896551724
femnist,full,82,1.0,404222,404222,0.9422285357676449,77.64227642276423,0.7900270291460239,1.0,0.3145719702064071,0.5559437975250668,0.3145719702064071,power,9.662760734558105,11.237691879272461,11.629121780395508,0.0019895320292562246,0.00014278245772653418,20.0,0.9956206896551724
femnist,full,83,1.0,404222,404222,1.0380117940623312,78.2520325203252,0.794498660700108,1.0,0.3145719702064071,0.5559437975250668,0.3145719702064071,power,9.5885591506958,11.188793182373047,11.560559272766113,0.0019076354801654816,0.00012905779558070897,20.0,0.9956206896551724
femnist,full,84,1.0,404222,404222,1.0257676879409696,77.84552845528455,0.7979549004779598,1.0,0.3145719702064071,0.5559437975250668,0.3145719702064071,power,9.456164360046387,10.968382835388184,11.322568893432617,0.0018497536657378078,0.00010351619095564419,20.0,0.9956206896551724
femnist,full,85,1.0,404222,404222,0.8905995143949985,79.47154471544715,0.7710526629192073,1.0,0.3145719702064071,0.5559437975250668,0.3145719702064071,power,9.638032913208008,11.227556228637695,11.41197681427002,0.0018620690098032355,0.00013321986540048585,20.0,0.9956206896551724
femnist,full,86,1.0,404222,404222,1.1330717233382166,76.6260162601626,0.8382823913077998,1.0,0.3145719702064071,0.5559437975250668,0.3145719702064071,power,9.600112915039062,10.87151050567627,11.572394371032715,0.0019057882018387318,0.0001293403826338269,20.0,0.9956206896551724
femnist,full,87,1.0,404222,404222,0.9869969781115652,79.0650406504065,0.7613156946693979,1.0,0.3145719702064071,0.5559437975250668,0.3145719702064071,power,9.50085163116455,11.0527982711792,11.470426559448242,0.0018392857164144516,0.00011237290880304432,20.0,0.9956206896551724
femnist,full,88,1.0,404222,404222,0.8787803484126926,79.67479674796748,0.7499203565644055,1.0,0.3145719702064071,0.5559437975250668,0.3145719702064071,power,9.582878112792969,11.162760734558105,11.450100898742676,0.001900862087495625,0.00012465801445783365,20.0,0.9956206896551724
femnist,full,89,1.0,404222,404222,0.8874919669330122,78.2520325203252,0.7800555965764736,1.0,0.3145719702064071,0.5559437975250668,0.3145719702064071,power,9.571364402770996,11.01876449584961,11.653493881225586,0.001913177315145731,0.00012251729509842898,20.0,0.9956206896551724
femnist,full,90,1.0,404222,404222,0.947969462648034,79.8780487804878,0.7490116522564152,1.0,0.3145719702064071,0.5559437975250668,0.3145719702064071,power,9.612273216247559,11.179693222045898,12.505059242248535,0.001932881772518158,0.00012919590800496147,20.0,0.9956206896551724
femnist,full,91,1.0,404222,404222,0.9094282350502908,80.08130081300813,0.7500627719289888,1.0,0.3145719702064071,0.5559437975250668,0.3145719702064071,power,9.567874908447266,10.907761573791504,11.569967269897461,0.0019119457574561238,0.0001233190884172443,20.0,0.9956206896551724
femnist,full,92,1.0,404222,404222,0.9867712765466423,78.86178861788618,0.7625649304893928,1.0,0.3145719702064071,0.5559437975250668,0.3145719702064071,power,9.556832313537598,11.025696754455566,11.417106628417969,0.001990147866308689,0.00012408611210246759,20.0,0.9956206896551724
femnist,full,93,1.0,404222,404222,0.8531951398309319,76.6260162601626,0.7713456812912856,1.0,0.3145719702064071,0.5559437975250668,0.3145719702064071,power,9.518805503845215,10.85678768157959,11.402580261230469,0.0018922414164990187,0.00011457499367542202,20.0,0.9956206896551724
femnist,full,94,1.0,404222,404222,0.8818102847784758,80.89430894308943,0.7409220129493775,1.0,0.3145719702064071,0.5559437975250668,0.3145719702064071,power,9.543527603149414,10.962288856506348,11.610815048217773,0.001896551693789661,0.00011686800162136842,20.0,0.9956206896551724
femnist,full,95,1.0,404222,404222,0.9527328244224194,78.86178861788618,0.7468951465637703,1.0,0.3145719702064071,0.5559437975250668,0.3145719702064071,power,9.603660583496094,11.096702575683594,11.3065767288208,0.0018435961101204157,0.0001258132432211374,20.0,0.9956206896551724
femnist,full,96,1.0,404222,404222,0.8625065989419818,80.48780487804878,0.7407761240393166,1.0,0.3145719702064071,0.5559437975250668,0.3145719702064071,power,9.56972599029541,11.091658592224121,11.254786491394043,0.001887315302155912,0.00012059494888845904,20.0,0.9956206896551724
femnist,full,97,1.0,404222,404222,0.8224694710597396,79.26829268292683,0.7454570987360264,1.0,0.3145719702064071,0.5559437975250668,0.3145719702064071,power,9.613276481628418,11.4137601852417,11.473081588745117,0.0020277092698961496,0.00013313012022675438,20.0,0.9956206896551724
femnist,full,98,1.0,404222,404222,0.9662807131605223,80.28455284552845,0.7425257985184832,1.0,0.3145719702064071,0.5559437975250668,0.3145719702064071,power,9.552204132080078,11.237896919250488,11.43922233581543,0.0018885467434301972,0.00012325574640917675,20.0,0.9956206896551724
femnist,full,99,1.0,404222,404222,0.91307138399221,79.67479674796748,0.7292914041658727,1.0,0.3145719702064071,0.5559437975250668,0.3145719702064071,power,9.601248741149902,11.415834426879883,11.890342712402344,0.0018996305298060179,0.00013149291087230473,20.0,0.9956206896551724
femnist,full,100,1.0,404222,404222,0.8226612548343837,80.28455284552845,0.7228104506081682,1.0,0.3145719702064071,0.5559437975250668,0.3145719702064071,power,9.578036308288574,11.047706604003906,11.551382064819336,0.0018713054014369845,0.00011992576667347586,20.0,0.9956206896551724
femnist,full,101,1.0,404222,404222,0.9283018711209298,77.64227642276423,0.7434841869323234,1.0,0.3145719702064071,0.5559437975250668,0.3145719702064071,power,9.548810958862305,10.94137191772461,11.142461776733398,0.0018602217314764857,0.00011382010143717218,20.0,0.9956206896551724
femnist,full,102,1.0,404222,404222,0.8049016594933347,78.65853658536585,0.7441937206237297,1.0,0.3145719702064071,0.5559437975250668,0.3145719702064071,power,9.55068588256836,10.91810417175293,11.758298873901367,0.0019445812795311213,0.00012121987026149918,20.0,0.9956206896551724
femnist,full,103,1.0,404222,404222,0.7988658353127538,78.65853658536585,0.7150128992592416,1.0,0.3145719702064071,0.5559437975250668,0.3145719702064071,power,9.628432273864746,11.1377534866333,11.462382316589355,0.0019088670378550887,0.00013072302234488456,20.0,0.9956206896551724
femnist,full,104,1.0,404222,404222,0.9044469189457596,79.26829268292683,0.7217747137798527,1.0,0.3145719702064071,0.5559437975250668,0.3145719702064071,power,9.609896659851074,11.193105697631836,11.222068786621094,0.0019649015739560127,0.00013431154728873424,20.0,0.9956206896551724
femnist,full,105,1.0,404222,404222,0.9201434830809012,77.84552845528455,0.7598475014291158,1.0,0.3145719702064071,0.5559437975250668,0.3145719702064071,power,9.531437873840332,11.08069133758545,11.694894790649414,0.0018706896807998419,0.00011995421407400407,20.0,0.9956206896551724
femnist,full,106,1.0,404222,404222,0.7807128727715462,79.26829268292683,0.7252859100093686,1.0,0.3145719702064071,0.5559437975250668,0.3145719702064071,power,9.718684196472168,11.305011749267578,12.047117233276367,0.002003694651648402,0.00014633257338916763,20.0,0.9956206896551724
femnist,full,107,1.0,404222,404222,0.9086105092335492,77.4390243902439,0.7346249712191946,1.0,0.3145719702064071,0.5559437975250668,0.3145719702064071,power,9.644031524658203,11.193984985351562,11.591182708740234,0.0019562807865440845,0.00013645503868897125,20.0,0.9956206896551724
femnist,full,108,1.0,404222,404222,0.768962724171579,77.64227642276423,0.7012149841804814,1.0,0.3145719702064071,0.5559437975250668,0.3145719702064071,power,9.492630004882812,10.636722564697266,10.732708930969238,0.0019045566441491246,0.0001106505293747667,20.0,0.9956206896551724
femnist,full,109,1.0,404222,404222,0.761113352496177,79.47154471544715,0.6883339610526232,1.0,0.3145719702064071,0.5559437975250668,0.3145719702064071,power,9.600749969482422,11.106517791748047,12.190018653869629,0.0018971675308421254,0.00012561609390712939,20.0,0.9956206896551724
femnist,full,110,1.0,404222,404222,1.1636946146469562,80.28455284552845,0.7075231288506733,1.0,0.3145719702064071,0.5559437975250668,0.3145719702064071,power,9.571585655212402,11.158405303955078,11.372065544128418,0.001861453172750771,0.00012521376561356308,20.0,0.9956206896551724
femnist,full,111,1.0,404222,404222,0.8812977747526018,80.28455284552845,0.7173193334563961,1.0,0.3145719702064071,0.5559437975250668,0.3145719702064071,power,9.551732063293457,11.167725563049316,11.81200122833252,0.0019433497218415141,0.00013259093444048295,20.0,0.9956206896551724
femnist,full,112,1.0,404222,404222,0.8495112029463053,80.28455284552845,0.6927013862423781,1.0,0.3145719702064071,0.5559437975250668,0.3145719702064071,power,9.687783241271973,11.434172630310059,11.929551124572754,0.002019704319536686,0.00015133896205605588,20.0,0.9956206896551724
femnist,full,113,1.0,404222,404222,0.7654535229783506,80.28455284552845,0.6976777363598832,1.0,0.3145719702064071,0.5559437975250668,0.3145719702064071,power,9.533929824829102,10.794589042663574,11.16828441619873,0.0018830049084499478,0.0001157955804698758,20.0,0.9956206896551724
femnist,full,114,1.0,404222,404222,0.7927216789033265,78.65853658536585,0.7110083355167047,1.0,0.3145719702064071,0.5559437975250668,0.3145719702064071,power,9.612707138061523,10.894355773925781,11.045819282531738,0.001958743901923299,0.00012534491467732287,20.0,0.9956206896551724
femnist,full,115,1.0,404222,404222,0.8361519098654389,79.67479674796748,0.6909073000031758,1.0,0.3145719702064071,0.5559437975250668,0.3145719702064071,power,9.541304588317871,11.297800064086914,11.92273998260498,0.0018571428954601288,0.00011644825258099965,20.0,0.9956206896551724
femnist,full,116,1.0,404222,404222,0.9084421241516247,78.65853658536585,0.7132322730087652,1.0,0.3145719702064071,0.5559437975250668,0.3145719702064071,power,9.58774471282959,11.152010917663574,11.455781936645508,0.0019310344941914082,0.00012528304785054299,20.0,0.9956206896551724
femnist,full,117,1.0,404222,404222,0.7440392798464744,80.6910569105691,0.6922112441644436,1.0,0.3145719702064071,0.5559437975250668,0.3145719702064071,power,9.533432960510254,10.965680122375488,11.187540054321289,0.001832512323744595,0.00011588552698725094,20.0,0.9956206896551724
femnist,full,118,1.0,404222,404222,0.7977954604290426,81.5040650406504,0.6812763369180322,1.0,0.3145719702064071,0.5559437975250668,0.3145719702064071,power,9.511381149291992,10.809807777404785,11.47795295715332,0.0019513546722009778,0.0001166060983413941,20.0,0.9956206896551724
femnist,full,119,1.0,404222,404222,0.8439162395056335,78.45528455284553,0.714619706316692,1.0,0.3145719702064071,0.5559437975250668,0.3145719702064071,power,9.617040634155273,11.080902099609375,11.729283332824707,0.0018885467434301972,0.00013240204400014142,20.0,0.9956206896551724
femnist,full,120,1.0,404222,404222,0.7963338006287815,79.47154471544715,0.7079676186166158,1.0,0.3145719702064071,0.5559437975250668,0.3145719702064071,power,9.565845489501953,11.358513832092285,11.858123779296875,0.0019427340012043715,0.0001261529552838471,20.0,0.9956206896551724
femnist,full,121,1.0,404222,404222,0.7380105297081172,79.8780487804878,0.6986707982009019,1.0,0.3145719702064071,0.5559437975250668,0.3145719702064071,power,9.569610595703125,10.988151550292969,11.200225830078125,0.0019217979861423373,0.00012226495297012753,20.0,0.9956206896551724
femnist,full,122,1.0,404222,404222,0.8094210924021897,79.67479674796748,0.6980869944502668,1.0,0.3145719702064071,0.5559437975250668,0.3145719702064071,power,9.508370399475098,11.261661529541016,11.380054473876953,0.0018669951241463423,0.00011480604580149358,20.0,0.9956206896551724
femnist,full,123,1.0,404222,404222,0.7389706471934914,80.48780487804878,0.6920367605317899,1.0,0.3145719702064071,0.5559437975250668,0.3145719702064071,power,9.544753074645996,11.352431297302246,12.962798118591309,0.001820197096094489,0.00012408518652962987,20.0,0.9956206896551724
femnist,full,124,1.0,404222,404222,0.7508959249779582,79.8780487804878,0.6867248411101055,1.0,0.3145719702064071,0.5559437975250668,0.3145719702064071,power,9.584914207458496,11.207568168640137,11.815340042114258,0.0018146551446989179,0.00012156716101352768,20.0,0.9956206896551724
femnist,full,125,1.0,404222,404222,0.8279551009740679,78.86178861788618,0.7036784102277058,1.0,0.3145719702064071,0.5559437975250668,0.3145719702064071,power,9.534507751464844,11.291305541992188,11.946526527404785,0.0019353447714820504,0.00012063293788469512,20.0,0.9956206896551724
femnist,full,126,1.0,404222,404222,0.7127796323969962,80.08130081300813,0.6870306371673336,1.0,0.3145719702064071,0.5559437975250668,0.3145719702064071,power,9.53038501739502,11.134746551513672,11.380125045776367,0.001900862087495625,0.00011293796205318413,20.0,0.9956206896551724
femnist,full,127,1.0,404222,404222,0.7467909401934593,78.65853658536585,0.7027600916420541,1.0,0.3145719702064071,0.5559437975250668,0.3145719702064071,power,9.588827133178711,11.353283882141113,11.481074333190918,0.0019224138231948018,0.0001258987518225897,20.0,0.9956206896551724
femnist,full,128,1.0,404222,404222,0.8281776018440723,78.45528455284553,0.7067404646214431,1.0,0.3145719702064071,0.5559437975250668,0.3145719702064071,power,9.551945686340332,11.103827476501465,11.205391883850098,0.0018793103517964482,0.00012406578155173557,20.0,0.9956206896551724
femnist,full,129,1.0,404222,404222,0.7409232933446764,78.86178861788618,0.6886504258566756,1.0,0.3145719702064071,0.5559437975250668,0.3145719702064071,power,9.520119667053223,11.16036319732666,11.92078685760498,0.0018546797800809145,0.00011929840439835283,20.0,0.9956206896551724
femnist,full,130,1.0,404222,404222,0.7347571863420307,78.2520325203252,0.6793281741258574,1.0,0.3145719702064071,0.5559437975250668,0.3145719702064071,power,9.650511741638184,11.315987586975098,12.063769340515137,0.001959975343197584,0.00013230585853968074,20.0,0.9956206896551724
femnist,full,131,1.0,404222,404222,0.7635677589382975,79.26829268292683,0.6902290902486662,1.0,0.3145719702064071,0.5559437975250668,0.3145719702064071,power,9.525233268737793,11.293519020080566,12.164031028747559,0.0019895320292562246,0.00012496080657002878,20.0,0.9956206896551724
femnist,full,132,1.0,404222,404222,0.8018198797944935,78.2520325203252,0.6884355002302465,1.0,0.3145719702064071,0.5559437975250668,0.3145719702064071,power,9.552434921264648,10.946667671203613,11.617620468139648,0.0019125615945085883,0.00012426710728383327,20.0,0.9956206896551724
femnist,full,133,1.0,404222,404222,0.8127538712415845,80.28455284552845,0.6635132456213478,1.0,0.3145719702064071,0.5559437975250668,0.3145719702064071,power,9.610740661621094,11.43603801727295,11.660719871520996,0.0019593595061451197,0.00013463411297176547,20.0,0.9956206896551724
femnist,full,134,1.0,404222,404222,0.7659206787776202,79.47154471544715,0.6840033802559705,1.0,0.3145719702064071,0.5559437975250668,0.3145719702064071,power,9.63666820526123,11.195215225219727,12.0957612991333,0.0019248768221586943,0.00013268146648094166,20.0,0.9956206896551724
femnist,full,135,1.0,404222,404222,0.784290688438341,80.28455284552845,0.678423873777312,1.0,0.3145719702064071,0.5559437975250668,0.3145719702064071,power,9.605091094970703,11.32929515838623,11.591544151306152,0.0018928571371361613,0.00012811927353431838,20.0,0.9956206896551724
femnist,full,136,1.0,404222,404222,0.715499140303582,79.26829268292683,0.6649390119847244,1.0,0.3145719702064071,0.5559437975250668,0.3145719702064071,power,9.590941429138184,11.309859275817871,11.732110023498535,0.001956896623596549,0.00012913059183870408,20.0,0.9956206896551724
femnist,full,137,1.0,404222,404222,0.7702374499058351,78.2520325203252,0.6780830321273184,1.0,0.3145719702064071,0.5559437975250668,0.3145719702064071,power,9.574761390686035,11.190754890441895,11.85771369934082,0.001903940923511982,0.00012702412976299608,20.0,0.9956206896551724
femnist,full,138,1.0,404222,404222,0.7146117846108972,80.08130081300813,0.6666790101586318,1.0,0.3145719702064071,0.5559437975250668,0.3145719702064071,power,9.628682136535645,11.619378089904785,12.159008979797363,0.001916256151162088,0.0001363447562705455,20.0,0.9956206896551724
femnist,full,139,1.0,404222,404222,0.7482865481823684,80.6910569105691,0.6570774481548527,1.0,0.3145719702064071,0.5559437975250668,0.3145719702064071,power,9.580477714538574,11.206171035766602,11.951908111572266,0.0018411329947412014,0.00012307511631440607,20.0,0.9956206896551724
femnist,full,140,1.0,404222,404222,0.7871498514153064,80.28455284552845,0.6642413875920986,1.0,0.3145719702064071,0.5559437975250668,0.3145719702064071,power,9.601953506469727,11.287681579589844,11.408486366271973,0.002006157534196973,0.0001295539243759235,20.0,0.9956206896551724
femnist,full,141,1.0,404222,404222,0.7850971784349532,79.8780487804878,0.6750291653764926,1.0,0.3145719702064071,0.5559437975250668,0.3145719702064071,power,9.599675178527832,11.016776084899902,11.913766860961914,0.0018682265654206276,0.0001287595322407602,20.0,0.9956206896551724
femnist,full,142,1.0,404222,404222,0.707495656418614,80.08130081300813,0.6644028454292111,1.0,0.3145719702064071,0.5559437975250668,0.3145719702064071,power,9.641404151916504,11.129903793334961,11.659550666809082,0.0019883005879819393,0.0001344447233566529,20.0,0.9956206896551724
femnist,full,143,1.0,404222,404222,0.8714879660494624,80.28455284552845,0.6715532008225356,1.0,0.3145719702064071,0.5559437975250668,0.3145719702064071,power,9.610099792480469,10.919927597045898,11.826732635498047,0.001937192166224122,0.00013097172787335202,20.0,0.9956206896551724
femnist,full,144,1.0,404222,404222,0.6658134328387677,81.5040650406504,0.6623481812515879,1.0,0.3145719702064071,0.5559437975250668,0.3145719702064071,power,9.60242748260498,11.092534065246582,11.83806037902832,0.0019353447714820504,0.00012715805028629546,20.0,0.9956206896551724
femnist,full,145,1.0,404222,404222,0.6860342240333557,80.6910569105691,0.677123030995935,1.0,0.3145719702064071,0.5559437975250668,0.3145719702064071,power,9.528894424438477,11.334855079650879,12.692986488342285,0.0018620690098032355,0.00011997762834910492,20.0,0.9956206896551724
femnist,full,146,1.0,404222,404222,0.71328401979059,79.67479674796748,0.6853911857294842,1.0,0.3145719702064071,0.5559437975250668,0.3145719702064071,power,9.585650444030762,11.324135780334473,12.013422012329102,0.0018596058944240212,0.00012037453646595266,20.0,0.9956206896551724
femnist,full,147,1.0,404222,404222,0.8086661638412626,79.8780487804878,0.6826256232533029,1.0,0.3145719702064071,0.5559437975250668,0.3145719702064071,power,9.524725914001465,10.929600715637207,11.378105163574219,0.001920566544868052,0.00011681754125858215,20.0,0.9956206896551724
femnist,full,148,1.0,404222,404222,0.6898847789876164,80.6910569105691,0.6749722860692963,1.0,0.3145719702064071,0.5559437975250668,0.3145719702064071,power,9.556411743164062,11.273460388183594,11.584579467773438,0.0019051723647862673,0.0001245385722548749,20.0,0.9956206896551724
femnist,full,149,1.0,404222,404222,0.6956440166570246,80.08130081300813,0.7003800306862932,1.0,0.3145719702064071,0.5559437975250668,0.3145719702064071,power,9.605320930480957,11.092105865478516,11.24405288696289,0.001900862087495625,0.00013019278961689463,20.0,0.9956206896551724
femnist,full,150,1.0,404222,404222,0.7015362225146964,79.8780487804878,0.6883314799487106,1.0,0.3145719702064071,0.5559437975250668,0.3145719702064071,power,9.531468391418457,10.947368621826172,12.028438568115234,0.0018805419094860554,0.00011722754064254029,20.0,0.9956206896551724
femnist,full,151,1.0,404222,404222,0.6955636824015528,80.48780487804878,0.6706515676606961,1.0,0.3145719702064071,0.5559437975250668,0.3145719702064071,power,9.578034400939941,10.959296226501465,11.317638397216797,0.0019199507078155875,0.00012054764301212725,20.0,0.9956206896551724
femnist,full,152,1.0,404222,404222,0.7493711606133728,79.8780487804878,0.6649347941080729,1.0,0.3145719702064071,0.5559437975250668,0.3145719702064071,power,9.536872863769531,10.949433326721191,11.089653015136719,0.0018516009440645576,0.00011433769355168556,20.0,0.9956206896551724
femnist,full,153,1.0,404222,404222,0.8172359527088702,79.67479674796748,0.6594900735994664,1.0,0.3145719702064071,0.5559437975250668,0.3145719702064071,power,9.5846586227417,11.153461456298828,11.517145156860352,0.0019519703928381205,0.00012747122474752057,20.0,0.9956206896551724
femnist,full,154,1.0,404222,404222,0.656208553928882,80.89430894308943,0.6553256647373603,1.0,0.3145719702064071,0.5559437975250668,0.3145719702064071,power,9.62753963470459,11.071630477905273,11.782389640808105,0.001991995144635439,0.00013585355829097713,20.0,0.9956206896551724
femnist,full,155,1.0,404222,404222,0.6482288465648889,80.89430894308943,0.6634222511353531,1.0,0.3145719702064071,0.5559437975250668,0.3145719702064071,power,9.64824104309082,10.987716674804688,11.769950866699219,0.001937192166224122,0.00013382567574154292,20.0,0.9956206896551724
femnist,full,156,1.0,404222,404222,0.7231338974088429,80.6910569105691,0.6585408032425051,1.0,0.3145719702064071,0.5559437975250668,0.3145719702064071,power,9.472251892089844,10.86672306060791,11.265676498413086,0.0018854680238291621,0.00010574511023949933,20.0,0.9956206896551724
femnist,full,157,1.0,404222,404222,0.6808454517088831,80.89430894308943,0.6556255061451982,1.0,0.3145719702064071,0.5559437975250668,0.3145719702064071,power,9.68067455291748,11.810317993164062,11.890335083007812,0.0018559113377705216,0.0001447002063884049,20.0,0.9956206896551724
femnist,full,158,1.0,404222,404222,0.764108209712431,80.28455284552845,0.6673151031742252,1.0,0.3145719702064071,0.5559437975250668,0.3145719702064071,power,9.589320182800293,11.290454864501953,11.598443984985352,0.0018251232104375958,0.00012297984178735312,20.0,0.9956206896551724
femnist,full,159,1.0,404222,404222,0.7400263364706189,80.08130081300813,0.6615682462366616,1.0,0.3145719702064071,0.5559437975250668,0.3145719702064071,power,9.560312271118164,11.20315170288086,11.257316589355469,0.0019094827584922314,0.00012413445000864504,20.0,0.9956206896551724
femnist,full,160,1.0,404222,404222,0.7983546156529336,81.5040650406504,0.6400717758550877,1.0,0.3145719702064071,0.5559437975250668,0.3145719702064071,power,9.593029975891113,11.254753112792969,11.495731353759766,0.0019852216355502605,0.00012992892929065213,20.0,0.9956206896551724
femnist,full,161,1.0,404222,404222,0.6695544714573771,80.28455284552845,0.6340591926884845,1.0,0.3145719702064071,0.5559437975250668,0.3145719702064071,power,9.602368354797363,11.24514102935791,11.550889015197754,0.0019550493452697992,0.00012873566836337739,20.0,0.9956206896551724
femnist,full,162,1.0,404222,404222,0.7262885869015008,80.48780487804878,0.6449590543421303,1.0,0.3145719702064071,0.5559437975250668,0.3145719702064071,power,9.563857078552246,11.446107864379883,11.576314926147461,0.0018860837444663048,0.00012526467991661852,20.0,0.9956206896551724
femnist,full,163,1.0,404222,404222,0.7673361616302281,81.70731707317073,0.6469874188182799,1.0,0.3145719702064071,0.5559437975250668,0.3145719702064071,power,9.576332092285156,11.086390495300293,11.426155090332031,0.0019242611015215516,0.00013150911944636494,20.0,0.9956206896551724
femnist,full,164,1.0,404222,404222,0.6708308280818164,81.5040650406504,0.6522869947479992,1.0,0.3145719702064071,0.5559437975250668,0.3145719702064071,power,9.572826385498047,11.112824440002441,11.749567985534668,0.0018472906667739153,0.00012148655749548043,20.0,0.9956206896551724
femnist,full,165,1.0,404222,404222,0.6508683000691236,80.89430894308943,0.6645656678734756,1.0,0.3145719702064071,0.5559437975250668,0.3145719702064071,power,9.610958099365234,11.150350570678711,11.932790756225586,0.0019051723647862673,0.00012900172969387738,20.0,0.9956206896551724
femnist,full,166,1.0,404222,404222,0.8537936423765494,79.8780487804878,0.6756338724275914,1.0,0.3145719702064071,0.5559437975250668,0.3145719702064071,power,9.575422286987305,11.153818130493164,11.264654159545898,0.0019624384585767984,0.0001266819428587211,20.0,0.9956206896551724
femnist,full,167,1.0,404222,404222,0.761826039198786,80.08130081300813,0.6620136043889736,1.0,0.3145719702064071,0.5559437975250668,0.3145719702064071,power,9.603528022766113,11.50810432434082,11.905442237854004,0.0018743842374533415,0.00012995508568854812,20.0,0.9956206896551724
femnist,full,168,1.0,404222,404222,0.6106786683946848,81.91056910569105,0.6437727765339177,1.0,0.3145719702064071,0.5559437975250668,0.3145719702064071,power,9.618204116821289,11.458813667297363,11.723822593688965,0.0019094827584922314,0.0001322375248056374,20.0,0.9956206896551724
femnist,full,169,1.0,404222,404222,0.6123199554719031,81.30081300813008,0.6308785415277248,1.0,0.3145719702064071,0.5559437975250668,0.3145719702064071,power,9.573925018310547,11.078413963317871,11.652637481689453,0.0019605911802500486,0.00012368649580088905,20.0,0.9956206896551724
femnist,full,170,1.0,404222,404222,0.699298952333629,80.6910569105691,0.6531697094925051,1.0,0.3145719702064071,0.5559437975250668,0.3145719702064071,power,9.584371566772461,11.113024711608887,11.73508071899414,0.001893472857773304,0.00012439084866319904,20.0,0.9956206896551724
femnist,full,171,1.0,404222,404222,0.6554309869930148,81.09756097560975,0.627940108136433,1.0,0.3145719702064071,0.5559437975250668,0.3145719702064071,power,9.613852500915527,11.244460105895996,12.369338035583496,0.001949507393874228,0.00013774734992382507,20.0,0.9956206896551724
femnist,full,172,1.0,404222,404222,0.6737642457289621,80.08130081300813,0.6226540542230373,1.0,0.3145719702064071,0.5559437975250668,0.3145719702064071,power,9.615921020507812,11.073287010192871,11.523890495300293,0.0019002462504431605,0.0001268065097534282,20.0,0.9956206896551724
femnist,full,173,1.0,404222,404222,0.6941490294132382,80.6910569105691,0.6399356873054814,1.0,0.3145719702064071,0.5559437975250668,0.3145719702064071,power,9.595638275146484,11.025663375854492,11.136482238769531,0.002009852323681116,0.00012861640154697077,20.0,0.9956206896551724
femnist,full,174,1.0,404222,404222,0.6230470031965523,80.6910569105691,0.6417174920803164,1.0,0.3145719702064071,0.5559437975250668,0.3145719702064071,power,9.611133575439453,11.116955757141113,11.297920227050781,0.0019248768221586943,0.00012592972803461889,20.0,0.9956206896551724
femnist,full,175,1.0,404222,404222,0.6570603630552068,80.28455284552845,0.6468023284663998,1.0,0.3145719702064071,0.5559437975250668,0.3145719702064071,power,9.581473350524902,10.956549644470215,11.38608455657959,0.001971059013158083,0.00012814219312655536,20.0,0.9956206896551724
femnist,full,176,1.0,404222,404222,0.6963978378660977,80.48780487804878,0.6636381071757494,1.0,0.3145719702064071,0.5559437975250668,0.3145719702064071,power,9.588638305664062,11.214186668395996,11.56338882446289,0.001907019759528339,0.0001260583994627667,20.0,0.9956206896551724
femnist,full,177,1.0,404222,404222,0.6660500101465732,80.6910569105691,0.6349597093535633,1.0,0.3145719702064071,0.5559437975250668,0.3145719702064071,power,9.605886459350586,11.153141021728516,11.445392608642578,0.0019242611015215516,0.00012873050808040112,20.0,0.9956206896551724
femnist,full,178,1.0,404222,404222,0.6357436895743013,80.89430894308943,0.6401872712422193,1.0,0.3145719702064071,0.5559437975250668,0.3145719702064071,power,9.613750457763672,11.074029922485352,12.361852645874023,0.0019433497218415141,0.00013359946155357583,20.0,0.9956206896551724
femnist,full,179,1.0,404222,404222,0.7066216130554677,80.6910569105691,0.644626152224657,1.0,0.3145719702064071,0.5559437975250668,0.3145719702064071,power,9.53061294555664,11.081469535827637,11.744452476501465,0.0018805419094860554,0.00011811704446839763,20.0,0.9956206896551724
femnist,full,180,1.0,404222,404222,0.6408785156905652,81.91056910569105,0.6210500825711383,1.0,0.3145719702064071,0.5559437975250668,0.3145719702064071,power,9.610580444335938,11.085389137268066,11.466543197631836,0.0019655171781778336,0.00013005763373962964,20.0,0.9956206896551724
femnist,full,181,1.0,404222,404222,0.608839049572125,81.5040650406504,0.6269744624936484,1.0,0.3145719702064071,0.5559437975250668,0.3145719702064071,power,9.548973083496094,10.788055419921875,10.963717460632324,0.001971059013158083,0.00012050731323289443,20.0,0.9956206896551724
femnist,full,182,1.0,404222,404222,0.6947939146310091,81.5040650406504,0.6373089425932101,1.0,0.3145719702064071,0.5559437975250668,0.3145719702064071,power,9.588244438171387,11.22891616821289,12.655006408691406,0.0019014778081327677,0.00013128781834232417,20.0,0.9956206896551724
femnist,full,183,1.0,404222,404222,0.604199697622098,81.91056910569105,0.6412661172510162,1.0,0.3145719702064071,0.5559437975250668,0.3145719702064071,power,9.513237953186035,11.099637031555176,11.453222274780273,0.0018565270584076643,0.00011202235602664024,20.0,0.9956206896551724
femnist,full,184,1.0,404222,404222,0.6615565640479325,81.91056910569105,0.6366793624753875,1.0,0.3145719702064071,0.5559437975250668,0.3145719702064071,power,9.56001091003418,11.241067886352539,11.392254829406738,0.001932881772518158,0.00012247286632778814,20.0,0.9956206896551724
femnist,full,185,1.0,404222,404222,0.8009174548182637,81.09756097560975,0.6364661736216971,1.0,0.3145719702064071,0.5559437975250668,0.3145719702064071,power,9.513879776000977,11.069872856140137,11.434468269348145,0.001871921238489449,0.00011760319366977383,20.0,0.9956206896551724
femnist,full,186,1.0,404222,404222,0.6250330777093768,80.89430894308943,0.6212907496506606,1.0,0.3145719702064071,0.5559437975250668,0.3145719702064071,power,9.609145164489746,11.11825180053711,11.367574691772461,0.0019415024435147643,0.00012934314336946983,20.0,0.9956206896551724
femnist,full,187,1.0,404222,404222,0.5816091341245919,80.6910569105691,0.6430178386409108,1.0,0.3145719702064071,0.5559437975250668,0.3145719702064071,power,9.576970100402832,11.46346664428711,12.207515716552734,0.0019107143161818385,0.00012510868609528448,20.0,0.9956206896551724
femnist,full,188,1.0,404222,404222,0.6728282138332724,81.30081300813008,0.6486250714557927,1.0,0.3145719702064071,0.5559437975250668,0.3145719702064071,power,9.58495807647705,10.916266441345215,11.674535751342773,0.001956896623596549,0.00013011180892503438,20.0,0.9956206896551724
femnist,full,189,1.0,404222,404222,0.6427843478322028,82.11382113821138,0.638951247300559,1.0,0.3145719702064071,0.5559437975250668,0.3145719702064071,power,9.595651626586914,11.027070999145508,11.618227005004883,0.0019821429159492254,0.00013166757004460296,20.0,0.9956206896551724
femnist,full,190,1.0,404222,404222,0.6945152041083201,81.30081300813008,0.6367510043508638,1.0,0.3145719702064071,0.5559437975250668,0.3145719702064071,power,9.557330131530762,11.31326961517334,11.461687088012695,0.001835591159760952,0.00011624439791110197,20.0,0.9956206896551724
femnist,full,191,1.0,404222,404222,0.6138140630722045,81.70731707317073,0.6276089427916984,1.0,0.3145719702064071,0.5559437975250668,0.3145719702064071,power,9.507566452026367,11.13044548034668,11.391278266906738,0.0018897783011198044,0.00011644711099708005,20.0,0.9956206896551724
femnist,full,192,1.0,404222,404222,0.6814016177505253,80.6910569105691,0.6381945726348133,1.0,0.3145719702064071,0.5559437975250668,0.3145719702064071,power,9.620735168457031,11.286401748657227,11.69985580444336,0.0018762315157800913,0.00012793787319556312,20.0,0.9956206896551724
femnist,full,193,1.0,404222,404222,0.699852865152061,81.70731707317073,0.6225546239837398,1.0,0.3145719702064071,0.5559437975250668,0.3145719702064071,power,9.582722663879395,11.1874418258667,11.528682708740234,0.0019107143161818385,0.0001267307555290264,20.0,0.9956206896551724
femnist,full,194,1.0,404222,404222,0.7396976646780968,81.5040650406504,0.6293659365274072,1.0,0.3145719702064071,0.5559437975250668,0.3145719702064071,power,9.622344970703125,10.830615997314453,11.331015586853027,0.0018891625804826617,0.00012521829030793974,20.0,0.9956206896551724
femnist,full,195,1.0,404222,404222,0.6287418504338711,81.30081300813008,0.634091198928957,1.0,0.3145719702064071,0.5559437975250668,0.3145719702064071,power,9.537615776062012,11.36440658569336,11.848636627197266,0.001858374336734414,0.00012097887508293223,20.0,0.9956206896551724
femnist,full,196,1.0,404222,404222,0.5877606160519644,81.91056910569105,0.6315482535013338,1.0,0.3145719702064071,0.5559437975250668,0.3145719702064071,power,9.540409088134766,11.184633255004883,11.581182479858398,0.0018959359731525183,0.00011613730168335097,20.0,0.9956206896551724
femnist,full,197,1.0,404222,404222,0.6335949911829084,80.89430894308943,0.6257028347108422,1.0,0.3145719702064071,0.5559437975250668,0.3145719702064071,power,9.623181343078613,11.275961875915527,11.666398048400879,0.0019285713788121939,0.00012826257490545343,20.0,0.9956206896551724
femnist,full,198,1.0,404222,404222,0.6357360860239714,83.33333333333333,0.6283011707833143,1.0,0.3145719702064071,0.5559437975250668,0.3145719702064071,power,9.496687889099121,10.830365180969238,11.36948013305664,0.0018577586160972714,0.00010930670430167143,20.0,0.9956206896551724
femnist,full,199,1.0,404222,404222,0.5811889134440571,82.52032520325203,0.6242226701441819,1.0,0.3145719702064071,0.5559437975250668,0.3145719702064071,power,9.529052734375,11.227025032043457,11.492690086364746,0.0018860837444663048,0.00011120120079536717,20.0,0.9956206896551724
femnist,full,200,1.0,404222,404222,0.8362440099567175,82.3170731707317,0.6245010500031758,1.0,0.3145719702064071,0.5559437975250668,0.3145719702064071,power,9.632344245910645,11.210105895996094,11.862502098083496,0.0020018473733216524,0.00014034351678663992,20.0,0.9956206896551724
